rank,name_as_in_source,count_if_given,what_is_counted,data_year,source_url
1,Atorvastatin,,"LIST A of 8 (separate ranking; ranks restart; not comparable with the other lists). OFFICIAL. Individual medicinal ingredients (some rows are ATC group labels). Ranked by DRUG COST, not by number of prescriptions. PMPRB CompassRx 10th edition data companion, Table 3 ""Top 50 Multi-Source Generic Drugs by Drug Cost, NPDUIS Public Drug Plans, 2022/23 ($million)"". Public drug plans of BC, AB, SK, MB, ON, NB, NS, PE, NL, YT only (Quebec and NIHB excluded). Dollar values are in the source and are not copied here.",2022/23,https://www.canada.ca/en/patented-medicine-prices-review/services/npduis/analytical-studies/compassrx-10th-edition/data-companion-file.html
2,Rosuvastatin,,"LIST A of 8 (separate ranking; ranks restart; not comparable with the other lists). OFFICIAL. Individual medicinal ingredients (some rows are ATC group labels). Ranked by DRUG COST, not by number of prescriptions. PMPRB CompassRx 10th edition data companion, Table 3 ""Top 50 Multi-Source Generic Drugs by Drug Cost, NPDUIS Public Drug Plans, 2022/23 ($million)"". Public drug plans of BC, AB, SK, MB, ON, NB, NS, PE, NL, YT only (Quebec and NIHB excluded). Dollar values are in the source and are not copied here.",2022/23,https://www.canada.ca/en/patented-medicine-prices-review/services/npduis/analytical-studies/compassrx-10th-edition/data-companion-file.html
3,Pantoprazole,,"LIST A of 8 (separate ranking; ranks restart; not comparable with the other lists). OFFICIAL. Individual medicinal ingredients (some rows are ATC group labels). Ranked by DRUG COST, not by number of prescriptions. PMPRB CompassRx 10th edition data companion, Table 3 ""Top 50 Multi-Source Generic Drugs by Drug Cost, NPDUIS Public Drug Plans, 2022/23 ($million)"". Public drug plans of BC, AB, SK, MB, ON, NB, NS, PE, NL, YT only (Quebec and NIHB excluded). Dollar values are in the source and are not copied here.",2022/23,https://www.canada.ca/en/patented-medicine-prices-review/services/npduis/analytical-studies/compassrx-10th-edition/data-companion-file.html
4,Amlodipine,,"LIST A of 8 (separate ranking; ranks restart; not comparable with the other lists). OFFICIAL. Individual medicinal ingredients (some rows are ATC group labels). Ranked by DRUG COST, not by number of prescriptions. PMPRB CompassRx 10th edition data companion, Table 3 ""Top 50 Multi-Source Generic Drugs by Drug Cost, NPDUIS Public Drug Plans, 2022/23 ($million)"". Public drug plans of BC, AB, SK, MB, ON, NB, NS, PE, NL, YT only (Quebec and NIHB excluded). Dollar values are in the source and are not copied here.",2022/23,https://www.canada.ca/en/patented-medicine-prices-review/services/npduis/analytical-studies/compassrx-10th-edition/data-companion-file.html
5,Apixaban,,"LIST A of 8 (separate ranking; ranks restart; not comparable with the other lists). OFFICIAL. Individual medicinal ingredients (some rows are ATC group labels). Ranked by DRUG COST, not by number of prescriptions. PMPRB CompassRx 10th edition data companion, Table 3 ""Top 50 Multi-Source Generic Drugs by Drug Cost, NPDUIS Public Drug Plans, 2022/23 ($million)"". Public drug plans of BC, AB, SK, MB, ON, NB, NS, PE, NL, YT only (Quebec and NIHB excluded). Dollar values are in the source and are not copied here.",2022/23,https://www.canada.ca/en/patented-medicine-prices-review/services/npduis/analytical-studies/compassrx-10th-edition/data-companion-file.html
6,Pregabalin,,"LIST A of 8 (separate ranking; ranks restart; not comparable with the other lists). OFFICIAL. Individual medicinal ingredients (some rows are ATC group labels). Ranked by DRUG COST, not by number of prescriptions. PMPRB CompassRx 10th edition data companion, Table 3 ""Top 50 Multi-Source Generic Drugs by Drug Cost, NPDUIS Public Drug Plans, 2022/23 ($million)"". Public drug plans of BC, AB, SK, MB, ON, NB, NS, PE, NL, YT only (Quebec and NIHB excluded). Dollar values are in the source and are not copied here.",2022/23,https://www.canada.ca/en/patented-medicine-prices-review/services/npduis/analytical-studies/compassrx-10th-edition/data-companion-file.html
7,Quetiapine,,"LIST A of 8 (separate ranking; ranks restart; not comparable with the other lists). OFFICIAL. Individual medicinal ingredients (some rows are ATC group labels). Ranked by DRUG COST, not by number of prescriptions. PMPRB CompassRx 10th edition data companion, Table 3 ""Top 50 Multi-Source Generic Drugs by Drug Cost, NPDUIS Public Drug Plans, 2022/23 ($million)"". Public drug plans of BC, AB, SK, MB, ON, NB, NS, PE, NL, YT only (Quebec and NIHB excluded). Dollar values are in the source and are not copied here.",2022/23,https://www.canada.ca/en/patented-medicine-prices-review/services/npduis/analytical-studies/compassrx-10th-edition/data-companion-file.html
8,Candesartan,,"LIST A of 8 (separate ranking; ranks restart; not comparable with the other lists). OFFICIAL. Individual medicinal ingredients (some rows are ATC group labels). Ranked by DRUG COST, not by number of prescriptions. PMPRB CompassRx 10th edition data companion, Table 3 ""Top 50 Multi-Source Generic Drugs by Drug Cost, NPDUIS Public Drug Plans, 2022/23 ($million)"". Public drug plans of BC, AB, SK, MB, ON, NB, NS, PE, NL, YT only (Quebec and NIHB excluded). Dollar values are in the source and are not copied here.",2022/23,https://www.canada.ca/en/patented-medicine-prices-review/services/npduis/analytical-studies/compassrx-10th-edition/data-companion-file.html
9,Duloxetine,,"LIST A of 8 (separate ranking; ranks restart; not comparable with the other lists). OFFICIAL. Individual medicinal ingredients (some rows are ATC group labels). Ranked by DRUG COST, not by number of prescriptions. PMPRB CompassRx 10th edition data companion, Table 3 ""Top 50 Multi-Source Generic Drugs by Drug Cost, NPDUIS Public Drug Plans, 2022/23 ($million)"". Public drug plans of BC, AB, SK, MB, ON, NB, NS, PE, NL, YT only (Quebec and NIHB excluded). Dollar values are in the source and are not copied here.",2022/23,https://www.canada.ca/en/patented-medicine-prices-review/services/npduis/analytical-studies/compassrx-10th-edition/data-companion-file.html
10,Buprenorphine combinations,,"LIST A of 8 (separate ranking; ranks restart; not comparable with the other lists). OFFICIAL. Individual medicinal ingredients (some rows are ATC group labels). Ranked by DRUG COST, not by number of prescriptions. PMPRB CompassRx 10th edition data companion, Table 3 ""Top 50 Multi-Source Generic Drugs by Drug Cost, NPDUIS Public Drug Plans, 2022/23 ($million)"". Public drug plans of BC, AB, SK, MB, ON, NB, NS, PE, NL, YT only (Quebec and NIHB excluded). Dollar values are in the source and are not copied here.",2022/23,https://www.canada.ca/en/patented-medicine-prices-review/services/npduis/analytical-studies/compassrx-10th-edition/data-companion-file.html
11,Escitalopram,,"LIST A of 8 (separate ranking; ranks restart; not comparable with the other lists). OFFICIAL. Individual medicinal ingredients (some rows are ATC group labels). Ranked by DRUG COST, not by number of prescriptions. PMPRB CompassRx 10th edition data companion, Table 3 ""Top 50 Multi-Source Generic Drugs by Drug Cost, NPDUIS Public Drug Plans, 2022/23 ($million)"". Public drug plans of BC, AB, SK, MB, ON, NB, NS, PE, NL, YT only (Quebec and NIHB excluded). Dollar values are in the source and are not copied here.",2022/23,https://www.canada.ca/en/patented-medicine-prices-review/services/npduis/analytical-studies/compassrx-10th-edition/data-companion-file.html
12,Perindopril,,"LIST A of 8 (separate ranking; ranks restart; not comparable with the other lists). OFFICIAL. Individual medicinal ingredients (some rows are ATC group labels). Ranked by DRUG COST, not by number of prescriptions. PMPRB CompassRx 10th edition data companion, Table 3 ""Top 50 Multi-Source Generic Drugs by Drug Cost, NPDUIS Public Drug Plans, 2022/23 ($million)"". Public drug plans of BC, AB, SK, MB, ON, NB, NS, PE, NL, YT only (Quebec and NIHB excluded). Dollar values are in the source and are not copied here.",2022/23,https://www.canada.ca/en/patented-medicine-prices-review/services/npduis/analytical-studies/compassrx-10th-edition/data-companion-file.html
13,Sertraline,,"LIST A of 8 (separate ranking; ranks restart; not comparable with the other lists). OFFICIAL. Individual medicinal ingredients (some rows are ATC group labels). Ranked by DRUG COST, not by number of prescriptions. PMPRB CompassRx 10th edition data companion, Table 3 ""Top 50 Multi-Source Generic Drugs by Drug Cost, NPDUIS Public Drug Plans, 2022/23 ($million)"". Public drug plans of BC, AB, SK, MB, ON, NB, NS, PE, NL, YT only (Quebec and NIHB excluded). Dollar values are in the source and are not copied here.",2022/23,https://www.canada.ca/en/patented-medicine-prices-review/services/npduis/analytical-studies/compassrx-10th-edition/data-companion-file.html
14,Perindopril and diuretics,,"LIST A of 8 (separate ranking; ranks restart; not comparable with the other lists). OFFICIAL. Individual medicinal ingredients (some rows are ATC group labels). Ranked by DRUG COST, not by number of prescriptions. PMPRB CompassRx 10th edition data companion, Table 3 ""Top 50 Multi-Source Generic Drugs by Drug Cost, NPDUIS Public Drug Plans, 2022/23 ($million)"". Public drug plans of BC, AB, SK, MB, ON, NB, NS, PE, NL, YT only (Quebec and NIHB excluded). Dollar values are in the source and are not copied here.",2022/23,https://www.canada.ca/en/patented-medicine-prices-review/services/npduis/analytical-studies/compassrx-10th-edition/data-companion-file.html
15,Gabapentin,,"LIST A of 8 (separate ranking; ranks restart; not comparable with the other lists). OFFICIAL. Individual medicinal ingredients (some rows are ATC group labels). Ranked by DRUG COST, not by number of prescriptions. PMPRB CompassRx 10th edition data companion, Table 3 ""Top 50 Multi-Source Generic Drugs by Drug Cost, NPDUIS Public Drug Plans, 2022/23 ($million)"". Public drug plans of BC, AB, SK, MB, ON, NB, NS, PE, NL, YT only (Quebec and NIHB excluded). Dollar values are in the source and are not copied here.",2022/23,https://www.canada.ca/en/patented-medicine-prices-review/services/npduis/analytical-studies/compassrx-10th-edition/data-companion-file.html
16,Ramipril,,"LIST A of 8 (separate ranking; ranks restart; not comparable with the other lists). OFFICIAL. Individual medicinal ingredients (some rows are ATC group labels). Ranked by DRUG COST, not by number of prescriptions. PMPRB CompassRx 10th edition data companion, Table 3 ""Top 50 Multi-Source Generic Drugs by Drug Cost, NPDUIS Public Drug Plans, 2022/23 ($million)"". Public drug plans of BC, AB, SK, MB, ON, NB, NS, PE, NL, YT only (Quebec and NIHB excluded). Dollar values are in the source and are not copied here.",2022/23,https://www.canada.ca/en/patented-medicine-prices-review/services/npduis/analytical-studies/compassrx-10th-edition/data-companion-file.html
17,Aripiprazole,,"LIST A of 8 (separate ranking; ranks restart; not comparable with the other lists). OFFICIAL. Individual medicinal ingredients (some rows are ATC group labels). Ranked by DRUG COST, not by number of prescriptions. PMPRB CompassRx 10th edition data companion, Table 3 ""Top 50 Multi-Source Generic Drugs by Drug Cost, NPDUIS Public Drug Plans, 2022/23 ($million)"". Public drug plans of BC, AB, SK, MB, ON, NB, NS, PE, NL, YT only (Quebec and NIHB excluded). Dollar values are in the source and are not copied here.",2022/23,https://www.canada.ca/en/patented-medicine-prices-review/services/npduis/analytical-studies/compassrx-10th-edition/data-companion-file.html
18,Nabilone,,"LIST A of 8 (separate ranking; ranks restart; not comparable with the other lists). OFFICIAL. Individual medicinal ingredients (some rows are ATC group labels). Ranked by DRUG COST, not by number of prescriptions. PMPRB CompassRx 10th edition data companion, Table 3 ""Top 50 Multi-Source Generic Drugs by Drug Cost, NPDUIS Public Drug Plans, 2022/23 ($million)"". Public drug plans of BC, AB, SK, MB, ON, NB, NS, PE, NL, YT only (Quebec and NIHB excluded). Dollar values are in the source and are not copied here.",2022/23,https://www.canada.ca/en/patented-medicine-prices-review/services/npduis/analytical-studies/compassrx-10th-edition/data-companion-file.html
19,Lansoprazole,,"LIST A of 8 (separate ranking; ranks restart; not comparable with the other lists). OFFICIAL. Individual medicinal ingredients (some rows are ATC group labels). Ranked by DRUG COST, not by number of prescriptions. PMPRB CompassRx 10th edition data companion, Table 3 ""Top 50 Multi-Source Generic Drugs by Drug Cost, NPDUIS Public Drug Plans, 2022/23 ($million)"". Public drug plans of BC, AB, SK, MB, ON, NB, NS, PE, NL, YT only (Quebec and NIHB excluded). Dollar values are in the source and are not copied here.",2022/23,https://www.canada.ca/en/patented-medicine-prices-review/services/npduis/analytical-studies/compassrx-10th-edition/data-companion-file.html
20,Risperidone,,"LIST A of 8 (separate ranking; ranks restart; not comparable with the other lists). OFFICIAL. Individual medicinal ingredients (some rows are ATC group labels). Ranked by DRUG COST, not by number of prescriptions. PMPRB CompassRx 10th edition data companion, Table 3 ""Top 50 Multi-Source Generic Drugs by Drug Cost, NPDUIS Public Drug Plans, 2022/23 ($million)"". Public drug plans of BC, AB, SK, MB, ON, NB, NS, PE, NL, YT only (Quebec and NIHB excluded). Dollar values are in the source and are not copied here.",2022/23,https://www.canada.ca/en/patented-medicine-prices-review/services/npduis/analytical-studies/compassrx-10th-edition/data-companion-file.html
21,Mycophenolic acid,,"LIST A of 8 (separate ranking; ranks restart; not comparable with the other lists). OFFICIAL. Individual medicinal ingredients (some rows are ATC group labels). Ranked by DRUG COST, not by number of prescriptions. PMPRB CompassRx 10th edition data companion, Table 3 ""Top 50 Multi-Source Generic Drugs by Drug Cost, NPDUIS Public Drug Plans, 2022/23 ($million)"". Public drug plans of BC, AB, SK, MB, ON, NB, NS, PE, NL, YT only (Quebec and NIHB excluded). Dollar values are in the source and are not copied here.",2022/23,https://www.canada.ca/en/patented-medicine-prices-review/services/npduis/analytical-studies/compassrx-10th-edition/data-companion-file.html
22,Fluticasone/salmeterol,,"LIST A of 8 (separate ranking; ranks restart; not comparable with the other lists). OFFICIAL. Individual medicinal ingredients (some rows are ATC group labels). Ranked by DRUG COST, not by number of prescriptions. PMPRB CompassRx 10th edition data companion, Table 3 ""Top 50 Multi-Source Generic Drugs by Drug Cost, NPDUIS Public Drug Plans, 2022/23 ($million)"". Public drug plans of BC, AB, SK, MB, ON, NB, NS, PE, NL, YT only (Quebec and NIHB excluded). Dollar values are in the source and are not copied here.",2022/23,https://www.canada.ca/en/patented-medicine-prices-review/services/npduis/analytical-studies/compassrx-10th-edition/data-companion-file.html
23,Tamsulosin,,"LIST A of 8 (separate ranking; ranks restart; not comparable with the other lists). OFFICIAL. Individual medicinal ingredients (some rows are ATC group labels). Ranked by DRUG COST, not by number of prescriptions. PMPRB CompassRx 10th edition data companion, Table 3 ""Top 50 Multi-Source Generic Drugs by Drug Cost, NPDUIS Public Drug Plans, 2022/23 ($million)"". Public drug plans of BC, AB, SK, MB, ON, NB, NS, PE, NL, YT only (Quebec and NIHB excluded). Dollar values are in the source and are not copied here.",2022/23,https://www.canada.ca/en/patented-medicine-prices-review/services/npduis/analytical-studies/compassrx-10th-edition/data-companion-file.html
24,Hydromorphone,,"LIST A of 8 (separate ranking; ranks restart; not comparable with the other lists). OFFICIAL. Individual medicinal ingredients (some rows are ATC group labels). Ranked by DRUG COST, not by number of prescriptions. PMPRB CompassRx 10th edition data companion, Table 3 ""Top 50 Multi-Source Generic Drugs by Drug Cost, NPDUIS Public Drug Plans, 2022/23 ($million)"". Public drug plans of BC, AB, SK, MB, ON, NB, NS, PE, NL, YT only (Quebec and NIHB excluded). Dollar values are in the source and are not copied here.",2022/23,https://www.canada.ca/en/patented-medicine-prices-review/services/npduis/analytical-studies/compassrx-10th-edition/data-companion-file.html
25,Levodopa/decarboxylase inhibitor,,"LIST A of 8 (separate ranking; ranks restart; not comparable with the other lists). OFFICIAL. Individual medicinal ingredients (some rows are ATC group labels). Ranked by DRUG COST, not by number of prescriptions. PMPRB CompassRx 10th edition data companion, Table 3 ""Top 50 Multi-Source Generic Drugs by Drug Cost, NPDUIS Public Drug Plans, 2022/23 ($million)"". Public drug plans of BC, AB, SK, MB, ON, NB, NS, PE, NL, YT only (Quebec and NIHB excluded). Dollar values are in the source and are not copied here.",2022/23,https://www.canada.ca/en/patented-medicine-prices-review/services/npduis/analytical-studies/compassrx-10th-edition/data-companion-file.html
26,Olanzapine,,"LIST A of 8 (separate ranking; ranks restart; not comparable with the other lists). OFFICIAL. Individual medicinal ingredients (some rows are ATC group labels). Ranked by DRUG COST, not by number of prescriptions. PMPRB CompassRx 10th edition data companion, Table 3 ""Top 50 Multi-Source Generic Drugs by Drug Cost, NPDUIS Public Drug Plans, 2022/23 ($million)"". Public drug plans of BC, AB, SK, MB, ON, NB, NS, PE, NL, YT only (Quebec and NIHB excluded). Dollar values are in the source and are not copied here.",2022/23,https://www.canada.ca/en/patented-medicine-prices-review/services/npduis/analytical-studies/compassrx-10th-edition/data-companion-file.html
27,Pirfenidone,,"LIST A of 8 (separate ranking; ranks restart; not comparable with the other lists). OFFICIAL. Individual medicinal ingredients (some rows are ATC group labels). Ranked by DRUG COST, not by number of prescriptions. PMPRB CompassRx 10th edition data companion, Table 3 ""Top 50 Multi-Source Generic Drugs by Drug Cost, NPDUIS Public Drug Plans, 2022/23 ($million)"". Public drug plans of BC, AB, SK, MB, ON, NB, NS, PE, NL, YT only (Quebec and NIHB excluded). Dollar values are in the source and are not copied here.",2022/23,https://www.canada.ca/en/patented-medicine-prices-review/services/npduis/analytical-studies/compassrx-10th-edition/data-companion-file.html
28,Metformin,,"LIST A of 8 (separate ranking; ranks restart; not comparable with the other lists). OFFICIAL. Individual medicinal ingredients (some rows are ATC group labels). Ranked by DRUG COST, not by number of prescriptions. PMPRB CompassRx 10th edition data companion, Table 3 ""Top 50 Multi-Source Generic Drugs by Drug Cost, NPDUIS Public Drug Plans, 2022/23 ($million)"". Public drug plans of BC, AB, SK, MB, ON, NB, NS, PE, NL, YT only (Quebec and NIHB excluded). Dollar values are in the source and are not copied here.",2022/23,https://www.canada.ca/en/patented-medicine-prices-review/services/npduis/analytical-studies/compassrx-10th-edition/data-companion-file.html
29,Metoprolol,,"LIST A of 8 (separate ranking; ranks restart; not comparable with the other lists). OFFICIAL. Individual medicinal ingredients (some rows are ATC group labels). Ranked by DRUG COST, not by number of prescriptions. PMPRB CompassRx 10th edition data companion, Table 3 ""Top 50 Multi-Source Generic Drugs by Drug Cost, NPDUIS Public Drug Plans, 2022/23 ($million)"". Public drug plans of BC, AB, SK, MB, ON, NB, NS, PE, NL, YT only (Quebec and NIHB excluded). Dollar values are in the source and are not copied here.",2022/23,https://www.canada.ca/en/patented-medicine-prices-review/services/npduis/analytical-studies/compassrx-10th-edition/data-companion-file.html
30,Oxycodone/paracetamol,,"LIST A of 8 (separate ranking; ranks restart; not comparable with the other lists). OFFICIAL. Individual medicinal ingredients (some rows are ATC group labels). Ranked by DRUG COST, not by number of prescriptions. PMPRB CompassRx 10th edition data companion, Table 3 ""Top 50 Multi-Source Generic Drugs by Drug Cost, NPDUIS Public Drug Plans, 2022/23 ($million)"". Public drug plans of BC, AB, SK, MB, ON, NB, NS, PE, NL, YT only (Quebec and NIHB excluded). Dollar values are in the source and are not copied here.",2022/23,https://www.canada.ca/en/patented-medicine-prices-review/services/npduis/analytical-studies/compassrx-10th-edition/data-companion-file.html
31,Epinephrine,,"LIST A of 8 (separate ranking; ranks restart; not comparable with the other lists). OFFICIAL. Individual medicinal ingredients (some rows are ATC group labels). Ranked by DRUG COST, not by number of prescriptions. PMPRB CompassRx 10th edition data companion, Table 3 ""Top 50 Multi-Source Generic Drugs by Drug Cost, NPDUIS Public Drug Plans, 2022/23 ($million)"". Public drug plans of BC, AB, SK, MB, ON, NB, NS, PE, NL, YT only (Quebec and NIHB excluded). Dollar values are in the source and are not copied here.",2022/23,https://www.canada.ca/en/patented-medicine-prices-review/services/npduis/analytical-studies/compassrx-10th-edition/data-companion-file.html
32,Rabeprazole,,"LIST A of 8 (separate ranking; ranks restart; not comparable with the other lists). OFFICIAL. Individual medicinal ingredients (some rows are ATC group labels). Ranked by DRUG COST, not by number of prescriptions. PMPRB CompassRx 10th edition data companion, Table 3 ""Top 50 Multi-Source Generic Drugs by Drug Cost, NPDUIS Public Drug Plans, 2022/23 ($million)"". Public drug plans of BC, AB, SK, MB, ON, NB, NS, PE, NL, YT only (Quebec and NIHB excluded). Dollar values are in the source and are not copied here.",2022/23,https://www.canada.ca/en/patented-medicine-prices-review/services/npduis/analytical-studies/compassrx-10th-edition/data-companion-file.html
33,Venlafaxine,,"LIST A of 8 (separate ranking; ranks restart; not comparable with the other lists). OFFICIAL. Individual medicinal ingredients (some rows are ATC group labels). Ranked by DRUG COST, not by number of prescriptions. PMPRB CompassRx 10th edition data companion, Table 3 ""Top 50 Multi-Source Generic Drugs by Drug Cost, NPDUIS Public Drug Plans, 2022/23 ($million)"". Public drug plans of BC, AB, SK, MB, ON, NB, NS, PE, NL, YT only (Quebec and NIHB excluded). Dollar values are in the source and are not copied here.",2022/23,https://www.canada.ca/en/patented-medicine-prices-review/services/npduis/analytical-studies/compassrx-10th-edition/data-companion-file.html
34,Clopidogrel,,"LIST A of 8 (separate ranking; ranks restart; not comparable with the other lists). OFFICIAL. Individual medicinal ingredients (some rows are ATC group labels). Ranked by DRUG COST, not by number of prescriptions. PMPRB CompassRx 10th edition data companion, Table 3 ""Top 50 Multi-Source Generic Drugs by Drug Cost, NPDUIS Public Drug Plans, 2022/23 ($million)"". Public drug plans of BC, AB, SK, MB, ON, NB, NS, PE, NL, YT only (Quebec and NIHB excluded). Dollar values are in the source and are not copied here.",2022/23,https://www.canada.ca/en/patented-medicine-prices-review/services/npduis/analytical-studies/compassrx-10th-edition/data-companion-file.html
35,Clozapine,,"LIST A of 8 (separate ranking; ranks restart; not comparable with the other lists). OFFICIAL. Individual medicinal ingredients (some rows are ATC group labels). Ranked by DRUG COST, not by number of prescriptions. PMPRB CompassRx 10th edition data companion, Table 3 ""Top 50 Multi-Source Generic Drugs by Drug Cost, NPDUIS Public Drug Plans, 2022/23 ($million)"". Public drug plans of BC, AB, SK, MB, ON, NB, NS, PE, NL, YT only (Quebec and NIHB excluded). Dollar values are in the source and are not copied here.",2022/23,https://www.canada.ca/en/patented-medicine-prices-review/services/npduis/analytical-studies/compassrx-10th-edition/data-companion-file.html
36,Valproic acid,,"LIST A of 8 (separate ranking; ranks restart; not comparable with the other lists). OFFICIAL. Individual medicinal ingredients (some rows are ATC group labels). Ranked by DRUG COST, not by number of prescriptions. PMPRB CompassRx 10th edition data companion, Table 3 ""Top 50 Multi-Source Generic Drugs by Drug Cost, NPDUIS Public Drug Plans, 2022/23 ($million)"". Public drug plans of BC, AB, SK, MB, ON, NB, NS, PE, NL, YT only (Quebec and NIHB excluded). Dollar values are in the source and are not copied here.",2022/23,https://www.canada.ca/en/patented-medicine-prices-review/services/npduis/analytical-studies/compassrx-10th-edition/data-companion-file.html
37,Levetiracetam,,"LIST A of 8 (separate ranking; ranks restart; not comparable with the other lists). OFFICIAL. Individual medicinal ingredients (some rows are ATC group labels). Ranked by DRUG COST, not by number of prescriptions. PMPRB CompassRx 10th edition data companion, Table 3 ""Top 50 Multi-Source Generic Drugs by Drug Cost, NPDUIS Public Drug Plans, 2022/23 ($million)"". Public drug plans of BC, AB, SK, MB, ON, NB, NS, PE, NL, YT only (Quebec and NIHB excluded). Dollar values are in the source and are not copied here.",2022/23,https://www.canada.ca/en/patented-medicine-prices-review/services/npduis/analytical-studies/compassrx-10th-edition/data-companion-file.html
38,Diltiazem,,"LIST A of 8 (separate ranking; ranks restart; not comparable with the other lists). OFFICIAL. Individual medicinal ingredients (some rows are ATC group labels). Ranked by DRUG COST, not by number of prescriptions. PMPRB CompassRx 10th edition data companion, Table 3 ""Top 50 Multi-Source Generic Drugs by Drug Cost, NPDUIS Public Drug Plans, 2022/23 ($million)"". Public drug plans of BC, AB, SK, MB, ON, NB, NS, PE, NL, YT only (Quebec and NIHB excluded). Dollar values are in the source and are not copied here.",2022/23,https://www.canada.ca/en/patented-medicine-prices-review/services/npduis/analytical-studies/compassrx-10th-edition/data-companion-file.html
39,Fluoxetine,,"LIST A of 8 (separate ranking; ranks restart; not comparable with the other lists). OFFICIAL. Individual medicinal ingredients (some rows are ATC group labels). Ranked by DRUG COST, not by number of prescriptions. PMPRB CompassRx 10th edition data companion, Table 3 ""Top 50 Multi-Source Generic Drugs by Drug Cost, NPDUIS Public Drug Plans, 2022/23 ($million)"". Public drug plans of BC, AB, SK, MB, ON, NB, NS, PE, NL, YT only (Quebec and NIHB excluded). Dollar values are in the source and are not copied here.",2022/23,https://www.canada.ca/en/patented-medicine-prices-review/services/npduis/analytical-studies/compassrx-10th-edition/data-companion-file.html
40,Salbutamol,,"LIST A of 8 (separate ranking; ranks restart; not comparable with the other lists). OFFICIAL. Individual medicinal ingredients (some rows are ATC group labels). Ranked by DRUG COST, not by number of prescriptions. PMPRB CompassRx 10th edition data companion, Table 3 ""Top 50 Multi-Source Generic Drugs by Drug Cost, NPDUIS Public Drug Plans, 2022/23 ($million)"". Public drug plans of BC, AB, SK, MB, ON, NB, NS, PE, NL, YT only (Quebec and NIHB excluded). Dollar values are in the source and are not copied here.",2022/23,https://www.canada.ca/en/patented-medicine-prices-review/services/npduis/analytical-studies/compassrx-10th-edition/data-companion-file.html
41,Methotrexate,,"LIST A of 8 (separate ranking; ranks restart; not comparable with the other lists). OFFICIAL. Individual medicinal ingredients (some rows are ATC group labels). Ranked by DRUG COST, not by number of prescriptions. PMPRB CompassRx 10th edition data companion, Table 3 ""Top 50 Multi-Source Generic Drugs by Drug Cost, NPDUIS Public Drug Plans, 2022/23 ($million)"". Public drug plans of BC, AB, SK, MB, ON, NB, NS, PE, NL, YT only (Quebec and NIHB excluded). Dollar values are in the source and are not copied here.",2022/23,https://www.canada.ca/en/patented-medicine-prices-review/services/npduis/analytical-studies/compassrx-10th-edition/data-companion-file.html
42,Bupropion,,"LIST A of 8 (separate ranking; ranks restart; not comparable with the other lists). OFFICIAL. Individual medicinal ingredients (some rows are ATC group labels). Ranked by DRUG COST, not by number of prescriptions. PMPRB CompassRx 10th edition data companion, Table 3 ""Top 50 Multi-Source Generic Drugs by Drug Cost, NPDUIS Public Drug Plans, 2022/23 ($million)"". Public drug plans of BC, AB, SK, MB, ON, NB, NS, PE, NL, YT only (Quebec and NIHB excluded). Dollar values are in the source and are not copied here.",2022/23,https://www.canada.ca/en/patented-medicine-prices-review/services/npduis/analytical-studies/compassrx-10th-edition/data-companion-file.html
43,Omeprazole,,"LIST A of 8 (separate ranking; ranks restart; not comparable with the other lists). OFFICIAL. Individual medicinal ingredients (some rows are ATC group labels). Ranked by DRUG COST, not by number of prescriptions. PMPRB CompassRx 10th edition data companion, Table 3 ""Top 50 Multi-Source Generic Drugs by Drug Cost, NPDUIS Public Drug Plans, 2022/23 ($million)"". Public drug plans of BC, AB, SK, MB, ON, NB, NS, PE, NL, YT only (Quebec and NIHB excluded). Dollar values are in the source and are not copied here.",2022/23,https://www.canada.ca/en/patented-medicine-prices-review/services/npduis/analytical-studies/compassrx-10th-edition/data-companion-file.html
44,Gliclazide,,"LIST A of 8 (separate ranking; ranks restart; not comparable with the other lists). OFFICIAL. Individual medicinal ingredients (some rows are ATC group labels). Ranked by DRUG COST, not by number of prescriptions. PMPRB CompassRx 10th edition data companion, Table 3 ""Top 50 Multi-Source Generic Drugs by Drug Cost, NPDUIS Public Drug Plans, 2022/23 ($million)"". Public drug plans of BC, AB, SK, MB, ON, NB, NS, PE, NL, YT only (Quebec and NIHB excluded). Dollar values are in the source and are not copied here.",2022/23,https://www.canada.ca/en/patented-medicine-prices-review/services/npduis/analytical-studies/compassrx-10th-edition/data-companion-file.html
45,Risedronic acid,,"LIST A of 8 (separate ranking; ranks restart; not comparable with the other lists). OFFICIAL. Individual medicinal ingredients (some rows are ATC group labels). Ranked by DRUG COST, not by number of prescriptions. PMPRB CompassRx 10th edition data companion, Table 3 ""Top 50 Multi-Source Generic Drugs by Drug Cost, NPDUIS Public Drug Plans, 2022/23 ($million)"". Public drug plans of BC, AB, SK, MB, ON, NB, NS, PE, NL, YT only (Quebec and NIHB excluded). Dollar values are in the source and are not copied here.",2022/23,https://www.canada.ca/en/patented-medicine-prices-review/services/npduis/analytical-studies/compassrx-10th-edition/data-companion-file.html
46,Irbesartan,,"LIST A of 8 (separate ranking; ranks restart; not comparable with the other lists). OFFICIAL. Individual medicinal ingredients (some rows are ATC group labels). Ranked by DRUG COST, not by number of prescriptions. PMPRB CompassRx 10th edition data companion, Table 3 ""Top 50 Multi-Source Generic Drugs by Drug Cost, NPDUIS Public Drug Plans, 2022/23 ($million)"". Public drug plans of BC, AB, SK, MB, ON, NB, NS, PE, NL, YT only (Quebec and NIHB excluded). Dollar values are in the source and are not copied here.",2022/23,https://www.canada.ca/en/patented-medicine-prices-review/services/npduis/analytical-studies/compassrx-10th-edition/data-companion-file.html
47,Mirtazapine,,"LIST A of 8 (separate ranking; ranks restart; not comparable with the other lists). OFFICIAL. Individual medicinal ingredients (some rows are ATC group labels). Ranked by DRUG COST, not by number of prescriptions. PMPRB CompassRx 10th edition data companion, Table 3 ""Top 50 Multi-Source Generic Drugs by Drug Cost, NPDUIS Public Drug Plans, 2022/23 ($million)"". Public drug plans of BC, AB, SK, MB, ON, NB, NS, PE, NL, YT only (Quebec and NIHB excluded). Dollar values are in the source and are not copied here.",2022/23,https://www.canada.ca/en/patented-medicine-prices-review/services/npduis/analytical-studies/compassrx-10th-edition/data-companion-file.html
48,Tenofovir disoproxil,,"LIST A of 8 (separate ranking; ranks restart; not comparable with the other lists). OFFICIAL. Individual medicinal ingredients (some rows are ATC group labels). Ranked by DRUG COST, not by number of prescriptions. PMPRB CompassRx 10th edition data companion, Table 3 ""Top 50 Multi-Source Generic Drugs by Drug Cost, NPDUIS Public Drug Plans, 2022/23 ($million)"". Public drug plans of BC, AB, SK, MB, ON, NB, NS, PE, NL, YT only (Quebec and NIHB excluded). Dollar values are in the source and are not copied here.",2022/23,https://www.canada.ca/en/patented-medicine-prices-review/services/npduis/analytical-studies/compassrx-10th-edition/data-companion-file.html
49,Fentanyl,,"LIST A of 8 (separate ranking; ranks restart; not comparable with the other lists). OFFICIAL. Individual medicinal ingredients (some rows are ATC group labels). Ranked by DRUG COST, not by number of prescriptions. PMPRB CompassRx 10th edition data companion, Table 3 ""Top 50 Multi-Source Generic Drugs by Drug Cost, NPDUIS Public Drug Plans, 2022/23 ($million)"". Public drug plans of BC, AB, SK, MB, ON, NB, NS, PE, NL, YT only (Quebec and NIHB excluded). Dollar values are in the source and are not copied here.",2022/23,https://www.canada.ca/en/patented-medicine-prices-review/services/npduis/analytical-studies/compassrx-10th-edition/data-companion-file.html
50,Timolol combinations,,"LIST A of 8 (separate ranking; ranks restart; not comparable with the other lists). OFFICIAL. Individual medicinal ingredients (some rows are ATC group labels). Ranked by DRUG COST, not by number of prescriptions. PMPRB CompassRx 10th edition data companion, Table 3 ""Top 50 Multi-Source Generic Drugs by Drug Cost, NPDUIS Public Drug Plans, 2022/23 ($million)"". Public drug plans of BC, AB, SK, MB, ON, NB, NS, PE, NL, YT only (Quebec and NIHB excluded). Dollar values are in the source and are not copied here.",2022/23,https://www.canada.ca/en/patented-medicine-prices-review/services/npduis/analytical-studies/compassrx-10th-edition/data-companion-file.html
1,Aflibercept (Eylea),,"LIST B of 8 (separate ranking; ranks restart; not comparable with the other lists). OFFICIAL. Individual patented medicines, written in the source as ""medicinal ingredient (trade name)"". Ranked by DRUG COST, not by number of prescriptions. PMPRB CompassRx 10th edition data companion, Table 2 ""Top 50 Patented Medicines by Drug Cost, NPDUIS Public Drug Plans, 2022/23 ($million)"". Public drug plans of BC, AB, SK, MB, ON, NB, NS, PE, NL, YT only (Quebec and NIHB excluded). Dollar values and manufacturers are in the source and are not copied here.",2022/23,https://www.canada.ca/en/patented-medicine-prices-review/services/npduis/analytical-studies/compassrx-10th-edition/data-companion-file.html
2,Elexacaftor/tezacaftor/ivacaftor (Trikafta),,"LIST B of 8 (separate ranking; ranks restart; not comparable with the other lists). OFFICIAL. Individual patented medicines, written in the source as ""medicinal ingredient (trade name)"". Ranked by DRUG COST, not by number of prescriptions. PMPRB CompassRx 10th edition data companion, Table 2 ""Top 50 Patented Medicines by Drug Cost, NPDUIS Public Drug Plans, 2022/23 ($million)"". Public drug plans of BC, AB, SK, MB, ON, NB, NS, PE, NL, YT only (Quebec and NIHB excluded). Dollar values and manufacturers are in the source and are not copied here.",2022/23,https://www.canada.ca/en/patented-medicine-prices-review/services/npduis/analytical-studies/compassrx-10th-edition/data-companion-file.html
3,Empagliflozin (Jardiance),,"LIST B of 8 (separate ranking; ranks restart; not comparable with the other lists). OFFICIAL. Individual patented medicines, written in the source as ""medicinal ingredient (trade name)"". Ranked by DRUG COST, not by number of prescriptions. PMPRB CompassRx 10th edition data companion, Table 2 ""Top 50 Patented Medicines by Drug Cost, NPDUIS Public Drug Plans, 2022/23 ($million)"". Public drug plans of BC, AB, SK, MB, ON, NB, NS, PE, NL, YT only (Quebec and NIHB excluded). Dollar values and manufacturers are in the source and are not copied here.",2022/23,https://www.canada.ca/en/patented-medicine-prices-review/services/npduis/analytical-studies/compassrx-10th-edition/data-companion-file.html
4,Adalimumab (Humira),,"LIST B of 8 (separate ranking; ranks restart; not comparable with the other lists). OFFICIAL. Individual patented medicines, written in the source as ""medicinal ingredient (trade name)"". Ranked by DRUG COST, not by number of prescriptions. PMPRB CompassRx 10th edition data companion, Table 2 ""Top 50 Patented Medicines by Drug Cost, NPDUIS Public Drug Plans, 2022/23 ($million)"". Public drug plans of BC, AB, SK, MB, ON, NB, NS, PE, NL, YT only (Quebec and NIHB excluded). Dollar values and manufacturers are in the source and are not copied here.",2022/23,https://www.canada.ca/en/patented-medicine-prices-review/services/npduis/analytical-studies/compassrx-10th-edition/data-companion-file.html
5,Rivaroxaban (Xarelto),,"LIST B of 8 (separate ranking; ranks restart; not comparable with the other lists). OFFICIAL. Individual patented medicines, written in the source as ""medicinal ingredient (trade name)"". Ranked by DRUG COST, not by number of prescriptions. PMPRB CompassRx 10th edition data companion, Table 2 ""Top 50 Patented Medicines by Drug Cost, NPDUIS Public Drug Plans, 2022/23 ($million)"". Public drug plans of BC, AB, SK, MB, ON, NB, NS, PE, NL, YT only (Quebec and NIHB excluded). Dollar values and manufacturers are in the source and are not copied here.",2022/23,https://www.canada.ca/en/patented-medicine-prices-review/services/npduis/analytical-studies/compassrx-10th-edition/data-companion-file.html
6,Ibrutinib (Imbruvica),,"LIST B of 8 (separate ranking; ranks restart; not comparable with the other lists). OFFICIAL. Individual patented medicines, written in the source as ""medicinal ingredient (trade name)"". Ranked by DRUG COST, not by number of prescriptions. PMPRB CompassRx 10th edition data companion, Table 2 ""Top 50 Patented Medicines by Drug Cost, NPDUIS Public Drug Plans, 2022/23 ($million)"". Public drug plans of BC, AB, SK, MB, ON, NB, NS, PE, NL, YT only (Quebec and NIHB excluded). Dollar values and manufacturers are in the source and are not copied here.",2022/23,https://www.canada.ca/en/patented-medicine-prices-review/services/npduis/analytical-studies/compassrx-10th-edition/data-companion-file.html
7,Sofosbuvir/velpatasvir (Epclusa),,"LIST B of 8 (separate ranking; ranks restart; not comparable with the other lists). OFFICIAL. Individual patented medicines, written in the source as ""medicinal ingredient (trade name)"". Ranked by DRUG COST, not by number of prescriptions. PMPRB CompassRx 10th edition data companion, Table 2 ""Top 50 Patented Medicines by Drug Cost, NPDUIS Public Drug Plans, 2022/23 ($million)"". Public drug plans of BC, AB, SK, MB, ON, NB, NS, PE, NL, YT only (Quebec and NIHB excluded). Dollar values and manufacturers are in the source and are not copied here.",2022/23,https://www.canada.ca/en/patented-medicine-prices-review/services/npduis/analytical-studies/compassrx-10th-edition/data-companion-file.html
8,Vedolizumab (Entyvio),,"LIST B of 8 (separate ranking; ranks restart; not comparable with the other lists). OFFICIAL. Individual patented medicines, written in the source as ""medicinal ingredient (trade name)"". Ranked by DRUG COST, not by number of prescriptions. PMPRB CompassRx 10th edition data companion, Table 2 ""Top 50 Patented Medicines by Drug Cost, NPDUIS Public Drug Plans, 2022/23 ($million)"". Public drug plans of BC, AB, SK, MB, ON, NB, NS, PE, NL, YT only (Quebec and NIHB excluded). Dollar values and manufacturers are in the source and are not copied here.",2022/23,https://www.canada.ca/en/patented-medicine-prices-review/services/npduis/analytical-studies/compassrx-10th-edition/data-companion-file.html
9,Apixaban (Eliquis),,"LIST B of 8 (separate ranking; ranks restart; not comparable with the other lists). OFFICIAL. Individual patented medicines, written in the source as ""medicinal ingredient (trade name)"". Ranked by DRUG COST, not by number of prescriptions. PMPRB CompassRx 10th edition data companion, Table 2 ""Top 50 Patented Medicines by Drug Cost, NPDUIS Public Drug Plans, 2022/23 ($million)"". Public drug plans of BC, AB, SK, MB, ON, NB, NS, PE, NL, YT only (Quebec and NIHB excluded). Dollar values and manufacturers are in the source and are not copied here.",2022/23,https://www.canada.ca/en/patented-medicine-prices-review/services/npduis/analytical-studies/compassrx-10th-edition/data-companion-file.html
10,Denosumab (Prolia),,"LIST B of 8 (separate ranking; ranks restart; not comparable with the other lists). OFFICIAL. Individual patented medicines, written in the source as ""medicinal ingredient (trade name)"". Ranked by DRUG COST, not by number of prescriptions. PMPRB CompassRx 10th edition data companion, Table 2 ""Top 50 Patented Medicines by Drug Cost, NPDUIS Public Drug Plans, 2022/23 ($million)"". Public drug plans of BC, AB, SK, MB, ON, NB, NS, PE, NL, YT only (Quebec and NIHB excluded). Dollar values and manufacturers are in the source and are not copied here.",2022/23,https://www.canada.ca/en/patented-medicine-prices-review/services/npduis/analytical-studies/compassrx-10th-edition/data-companion-file.html
11,Glecaprevir/pibrentasvir (Maviret),,"LIST B of 8 (separate ranking; ranks restart; not comparable with the other lists). OFFICIAL. Individual patented medicines, written in the source as ""medicinal ingredient (trade name)"". Ranked by DRUG COST, not by number of prescriptions. PMPRB CompassRx 10th edition data companion, Table 2 ""Top 50 Patented Medicines by Drug Cost, NPDUIS Public Drug Plans, 2022/23 ($million)"". Public drug plans of BC, AB, SK, MB, ON, NB, NS, PE, NL, YT only (Quebec and NIHB excluded). Dollar values and manufacturers are in the source and are not copied here.",2022/23,https://www.canada.ca/en/patented-medicine-prices-review/services/npduis/analytical-studies/compassrx-10th-edition/data-companion-file.html
12,Palbociclib (Ibrance),,"LIST B of 8 (separate ranking; ranks restart; not comparable with the other lists). OFFICIAL. Individual patented medicines, written in the source as ""medicinal ingredient (trade name)"". Ranked by DRUG COST, not by number of prescriptions. PMPRB CompassRx 10th edition data companion, Table 2 ""Top 50 Patented Medicines by Drug Cost, NPDUIS Public Drug Plans, 2022/23 ($million)"". Public drug plans of BC, AB, SK, MB, ON, NB, NS, PE, NL, YT only (Quebec and NIHB excluded). Dollar values and manufacturers are in the source and are not copied here.",2022/23,https://www.canada.ca/en/patented-medicine-prices-review/services/npduis/analytical-studies/compassrx-10th-edition/data-companion-file.html
13,Sacubitril/valsartan (Entresto),,"LIST B of 8 (separate ranking; ranks restart; not comparable with the other lists). OFFICIAL. Individual patented medicines, written in the source as ""medicinal ingredient (trade name)"". Ranked by DRUG COST, not by number of prescriptions. PMPRB CompassRx 10th edition data companion, Table 2 ""Top 50 Patented Medicines by Drug Cost, NPDUIS Public Drug Plans, 2022/23 ($million)"". Public drug plans of BC, AB, SK, MB, ON, NB, NS, PE, NL, YT only (Quebec and NIHB excluded). Dollar values and manufacturers are in the source and are not copied here.",2022/23,https://www.canada.ca/en/patented-medicine-prices-review/services/npduis/analytical-studies/compassrx-10th-edition/data-companion-file.html
14,Sitagliptin/metformin hydrochloride (Janumet),,"LIST B of 8 (separate ranking; ranks restart; not comparable with the other lists). OFFICIAL. Individual patented medicines, written in the source as ""medicinal ingredient (trade name)"". Ranked by DRUG COST, not by number of prescriptions. PMPRB CompassRx 10th edition data companion, Table 2 ""Top 50 Patented Medicines by Drug Cost, NPDUIS Public Drug Plans, 2022/23 ($million)"". Public drug plans of BC, AB, SK, MB, ON, NB, NS, PE, NL, YT only (Quebec and NIHB excluded). Dollar values and manufacturers are in the source and are not copied here.",2022/23,https://www.canada.ca/en/patented-medicine-prices-review/services/npduis/analytical-studies/compassrx-10th-edition/data-companion-file.html
15,Paliperidone (Invega sustenna),,"LIST B of 8 (separate ranking; ranks restart; not comparable with the other lists). OFFICIAL. Individual patented medicines, written in the source as ""medicinal ingredient (trade name)"". Ranked by DRUG COST, not by number of prescriptions. PMPRB CompassRx 10th edition data companion, Table 2 ""Top 50 Patented Medicines by Drug Cost, NPDUIS Public Drug Plans, 2022/23 ($million)"". Public drug plans of BC, AB, SK, MB, ON, NB, NS, PE, NL, YT only (Quebec and NIHB excluded). Dollar values and manufacturers are in the source and are not copied here.",2022/23,https://www.canada.ca/en/patented-medicine-prices-review/services/npduis/analytical-studies/compassrx-10th-edition/data-companion-file.html
16,Osimertinib (Tagrisso),,"LIST B of 8 (separate ranking; ranks restart; not comparable with the other lists). OFFICIAL. Individual patented medicines, written in the source as ""medicinal ingredient (trade name)"". Ranked by DRUG COST, not by number of prescriptions. PMPRB CompassRx 10th edition data companion, Table 2 ""Top 50 Patented Medicines by Drug Cost, NPDUIS Public Drug Plans, 2022/23 ($million)"". Public drug plans of BC, AB, SK, MB, ON, NB, NS, PE, NL, YT only (Quebec and NIHB excluded). Dollar values and manufacturers are in the source and are not copied here.",2022/23,https://www.canada.ca/en/patented-medicine-prices-review/services/npduis/analytical-studies/compassrx-10th-edition/data-companion-file.html
17,Risankizumab (Skyrizi),,"LIST B of 8 (separate ranking; ranks restart; not comparable with the other lists). OFFICIAL. Individual patented medicines, written in the source as ""medicinal ingredient (trade name)"". Ranked by DRUG COST, not by number of prescriptions. PMPRB CompassRx 10th edition data companion, Table 2 ""Top 50 Patented Medicines by Drug Cost, NPDUIS Public Drug Plans, 2022/23 ($million)"". Public drug plans of BC, AB, SK, MB, ON, NB, NS, PE, NL, YT only (Quebec and NIHB excluded). Dollar values and manufacturers are in the source and are not copied here.",2022/23,https://www.canada.ca/en/patented-medicine-prices-review/services/npduis/analytical-studies/compassrx-10th-edition/data-companion-file.html
18,Ocrelizumab (Ocrevus),,"LIST B of 8 (separate ranking; ranks restart; not comparable with the other lists). OFFICIAL. Individual patented medicines, written in the source as ""medicinal ingredient (trade name)"". Ranked by DRUG COST, not by number of prescriptions. PMPRB CompassRx 10th edition data companion, Table 2 ""Top 50 Patented Medicines by Drug Cost, NPDUIS Public Drug Plans, 2022/23 ($million)"". Public drug plans of BC, AB, SK, MB, ON, NB, NS, PE, NL, YT only (Quebec and NIHB excluded). Dollar values and manufacturers are in the source and are not copied here.",2022/23,https://www.canada.ca/en/patented-medicine-prices-review/services/npduis/analytical-studies/compassrx-10th-edition/data-companion-file.html
19,Sitagliptin (Januvia),,"LIST B of 8 (separate ranking; ranks restart; not comparable with the other lists). OFFICIAL. Individual patented medicines, written in the source as ""medicinal ingredient (trade name)"". Ranked by DRUG COST, not by number of prescriptions. PMPRB CompassRx 10th edition data companion, Table 2 ""Top 50 Patented Medicines by Drug Cost, NPDUIS Public Drug Plans, 2022/23 ($million)"". Public drug plans of BC, AB, SK, MB, ON, NB, NS, PE, NL, YT only (Quebec and NIHB excluded). Dollar values and manufacturers are in the source and are not copied here.",2022/23,https://www.canada.ca/en/patented-medicine-prices-review/services/npduis/analytical-studies/compassrx-10th-edition/data-companion-file.html
20,Ustekinumab (Stelara),,"LIST B of 8 (separate ranking; ranks restart; not comparable with the other lists). OFFICIAL. Individual patented medicines, written in the source as ""medicinal ingredient (trade name)"". Ranked by DRUG COST, not by number of prescriptions. PMPRB CompassRx 10th edition data companion, Table 2 ""Top 50 Patented Medicines by Drug Cost, NPDUIS Public Drug Plans, 2022/23 ($million)"". Public drug plans of BC, AB, SK, MB, ON, NB, NS, PE, NL, YT only (Quebec and NIHB excluded). Dollar values and manufacturers are in the source and are not copied here.",2022/23,https://www.canada.ca/en/patented-medicine-prices-review/services/npduis/analytical-studies/compassrx-10th-edition/data-companion-file.html
21,Nintedanib (Ofev),,"LIST B of 8 (separate ranking; ranks restart; not comparable with the other lists). OFFICIAL. Individual patented medicines, written in the source as ""medicinal ingredient (trade name)"". Ranked by DRUG COST, not by number of prescriptions. PMPRB CompassRx 10th edition data companion, Table 2 ""Top 50 Patented Medicines by Drug Cost, NPDUIS Public Drug Plans, 2022/23 ($million)"". Public drug plans of BC, AB, SK, MB, ON, NB, NS, PE, NL, YT only (Quebec and NIHB excluded). Dollar values and manufacturers are in the source and are not copied here.",2022/23,https://www.canada.ca/en/patented-medicine-prices-review/services/npduis/analytical-studies/compassrx-10th-edition/data-companion-file.html
22,Bictegravir/emtricitabine/tenofovir alafenamide (Biktarvy),,"LIST B of 8 (separate ranking; ranks restart; not comparable with the other lists). OFFICIAL. Individual patented medicines, written in the source as ""medicinal ingredient (trade name)"". Ranked by DRUG COST, not by number of prescriptions. PMPRB CompassRx 10th edition data companion, Table 2 ""Top 50 Patented Medicines by Drug Cost, NPDUIS Public Drug Plans, 2022/23 ($million)"". Public drug plans of BC, AB, SK, MB, ON, NB, NS, PE, NL, YT only (Quebec and NIHB excluded). Dollar values and manufacturers are in the source and are not copied here.",2022/23,https://www.canada.ca/en/patented-medicine-prices-review/services/npduis/analytical-studies/compassrx-10th-edition/data-companion-file.html
23,Dapagliflozin (Forxiga),,"LIST B of 8 (separate ranking; ranks restart; not comparable with the other lists). OFFICIAL. Individual patented medicines, written in the source as ""medicinal ingredient (trade name)"". Ranked by DRUG COST, not by number of prescriptions. PMPRB CompassRx 10th edition data companion, Table 2 ""Top 50 Patented Medicines by Drug Cost, NPDUIS Public Drug Plans, 2022/23 ($million)"". Public drug plans of BC, AB, SK, MB, ON, NB, NS, PE, NL, YT only (Quebec and NIHB excluded). Dollar values and manufacturers are in the source and are not copied here.",2022/23,https://www.canada.ca/en/patented-medicine-prices-review/services/npduis/analytical-studies/compassrx-10th-edition/data-companion-file.html
24,Eculizumab (Soliris),,"LIST B of 8 (separate ranking; ranks restart; not comparable with the other lists). OFFICIAL. Individual patented medicines, written in the source as ""medicinal ingredient (trade name)"". Ranked by DRUG COST, not by number of prescriptions. PMPRB CompassRx 10th edition data companion, Table 2 ""Top 50 Patented Medicines by Drug Cost, NPDUIS Public Drug Plans, 2022/23 ($million)"". Public drug plans of BC, AB, SK, MB, ON, NB, NS, PE, NL, YT only (Quebec and NIHB excluded). Dollar values and manufacturers are in the source and are not copied here.",2022/23,https://www.canada.ca/en/patented-medicine-prices-review/services/npduis/analytical-studies/compassrx-10th-edition/data-companion-file.html
25,Enzalutamide (Xtandi),,"LIST B of 8 (separate ranking; ranks restart; not comparable with the other lists). OFFICIAL. Individual patented medicines, written in the source as ""medicinal ingredient (trade name)"". Ranked by DRUG COST, not by number of prescriptions. PMPRB CompassRx 10th edition data companion, Table 2 ""Top 50 Patented Medicines by Drug Cost, NPDUIS Public Drug Plans, 2022/23 ($million)"". Public drug plans of BC, AB, SK, MB, ON, NB, NS, PE, NL, YT only (Quebec and NIHB excluded). Dollar values and manufacturers are in the source and are not copied here.",2022/23,https://www.canada.ca/en/patented-medicine-prices-review/services/npduis/analytical-studies/compassrx-10th-edition/data-companion-file.html
26,Tofacitinib (Xeljanz),,"LIST B of 8 (separate ranking; ranks restart; not comparable with the other lists). OFFICIAL. Individual patented medicines, written in the source as ""medicinal ingredient (trade name)"". Ranked by DRUG COST, not by number of prescriptions. PMPRB CompassRx 10th edition data companion, Table 2 ""Top 50 Patented Medicines by Drug Cost, NPDUIS Public Drug Plans, 2022/23 ($million)"". Public drug plans of BC, AB, SK, MB, ON, NB, NS, PE, NL, YT only (Quebec and NIHB excluded). Dollar values and manufacturers are in the source and are not copied here.",2022/23,https://www.canada.ca/en/patented-medicine-prices-review/services/npduis/analytical-studies/compassrx-10th-edition/data-companion-file.html
27,Apalutamide (Erleada),,"LIST B of 8 (separate ranking; ranks restart; not comparable with the other lists). OFFICIAL. Individual patented medicines, written in the source as ""medicinal ingredient (trade name)"". Ranked by DRUG COST, not by number of prescriptions. PMPRB CompassRx 10th edition data companion, Table 2 ""Top 50 Patented Medicines by Drug Cost, NPDUIS Public Drug Plans, 2022/23 ($million)"". Public drug plans of BC, AB, SK, MB, ON, NB, NS, PE, NL, YT only (Quebec and NIHB excluded). Dollar values and manufacturers are in the source and are not copied here.",2022/23,https://www.canada.ca/en/patented-medicine-prices-review/services/npduis/analytical-studies/compassrx-10th-edition/data-companion-file.html
28,Aripiprazole (Abilify),,"LIST B of 8 (separate ranking; ranks restart; not comparable with the other lists). OFFICIAL. Individual patented medicines, written in the source as ""medicinal ingredient (trade name)"". Ranked by DRUG COST, not by number of prescriptions. PMPRB CompassRx 10th edition data companion, Table 2 ""Top 50 Patented Medicines by Drug Cost, NPDUIS Public Drug Plans, 2022/23 ($million)"". Public drug plans of BC, AB, SK, MB, ON, NB, NS, PE, NL, YT only (Quebec and NIHB excluded). Dollar values and manufacturers are in the source and are not copied here.",2022/23,https://www.canada.ca/en/patented-medicine-prices-review/services/npduis/analytical-studies/compassrx-10th-edition/data-companion-file.html
29,Canagliflozin (Invokana),,"LIST B of 8 (separate ranking; ranks restart; not comparable with the other lists). OFFICIAL. Individual patented medicines, written in the source as ""medicinal ingredient (trade name)"". Ranked by DRUG COST, not by number of prescriptions. PMPRB CompassRx 10th edition data companion, Table 2 ""Top 50 Patented Medicines by Drug Cost, NPDUIS Public Drug Plans, 2022/23 ($million)"". Public drug plans of BC, AB, SK, MB, ON, NB, NS, PE, NL, YT only (Quebec and NIHB excluded). Dollar values and manufacturers are in the source and are not copied here.",2022/23,https://www.canada.ca/en/patented-medicine-prices-review/services/npduis/analytical-studies/compassrx-10th-edition/data-companion-file.html
30,Linagliptin (Trajenta),,"LIST B of 8 (separate ranking; ranks restart; not comparable with the other lists). OFFICIAL. Individual patented medicines, written in the source as ""medicinal ingredient (trade name)"". Ranked by DRUG COST, not by number of prescriptions. PMPRB CompassRx 10th edition data companion, Table 2 ""Top 50 Patented Medicines by Drug Cost, NPDUIS Public Drug Plans, 2022/23 ($million)"". Public drug plans of BC, AB, SK, MB, ON, NB, NS, PE, NL, YT only (Quebec and NIHB excluded). Dollar values and manufacturers are in the source and are not copied here.",2022/23,https://www.canada.ca/en/patented-medicine-prices-review/services/npduis/analytical-studies/compassrx-10th-edition/data-companion-file.html
31,Fluticasone furoate/umeclidinium/vilanterol (Trelegy Ellipta),,"LIST B of 8 (separate ranking; ranks restart; not comparable with the other lists). OFFICIAL. Individual patented medicines, written in the source as ""medicinal ingredient (trade name)"". Ranked by DRUG COST, not by number of prescriptions. PMPRB CompassRx 10th edition data companion, Table 2 ""Top 50 Patented Medicines by Drug Cost, NPDUIS Public Drug Plans, 2022/23 ($million)"". Public drug plans of BC, AB, SK, MB, ON, NB, NS, PE, NL, YT only (Quebec and NIHB excluded). Dollar values and manufacturers are in the source and are not copied here.",2022/23,https://www.canada.ca/en/patented-medicine-prices-review/services/npduis/analytical-studies/compassrx-10th-edition/data-companion-file.html
32,Omalizumab (Xolair),,"LIST B of 8 (separate ranking; ranks restart; not comparable with the other lists). OFFICIAL. Individual patented medicines, written in the source as ""medicinal ingredient (trade name)"". Ranked by DRUG COST, not by number of prescriptions. PMPRB CompassRx 10th edition data companion, Table 2 ""Top 50 Patented Medicines by Drug Cost, NPDUIS Public Drug Plans, 2022/23 ($million)"". Public drug plans of BC, AB, SK, MB, ON, NB, NS, PE, NL, YT only (Quebec and NIHB excluded). Dollar values and manufacturers are in the source and are not copied here.",2022/23,https://www.canada.ca/en/patented-medicine-prices-review/services/npduis/analytical-studies/compassrx-10th-edition/data-companion-file.html
33,Etanercept (Enbrel),,"LIST B of 8 (separate ranking; ranks restart; not comparable with the other lists). OFFICIAL. Individual patented medicines, written in the source as ""medicinal ingredient (trade name)"". Ranked by DRUG COST, not by number of prescriptions. PMPRB CompassRx 10th edition data companion, Table 2 ""Top 50 Patented Medicines by Drug Cost, NPDUIS Public Drug Plans, 2022/23 ($million)"". Public drug plans of BC, AB, SK, MB, ON, NB, NS, PE, NL, YT only (Quebec and NIHB excluded). Dollar values and manufacturers are in the source and are not copied here.",2022/23,https://www.canada.ca/en/patented-medicine-prices-review/services/npduis/analytical-studies/compassrx-10th-edition/data-companion-file.html
34,Lisdexamfetamine dimesylate (Vyvanse),,"LIST B of 8 (separate ranking; ranks restart; not comparable with the other lists). OFFICIAL. Individual patented medicines, written in the source as ""medicinal ingredient (trade name)"". Ranked by DRUG COST, not by number of prescriptions. PMPRB CompassRx 10th edition data companion, Table 2 ""Top 50 Patented Medicines by Drug Cost, NPDUIS Public Drug Plans, 2022/23 ($million)"". Public drug plans of BC, AB, SK, MB, ON, NB, NS, PE, NL, YT only (Quebec and NIHB excluded). Dollar values and manufacturers are in the source and are not copied here.",2022/23,https://www.canada.ca/en/patented-medicine-prices-review/services/npduis/analytical-studies/compassrx-10th-edition/data-companion-file.html
35,Ruxolitinib (Jakavi),,"LIST B of 8 (separate ranking; ranks restart; not comparable with the other lists). OFFICIAL. Individual patented medicines, written in the source as ""medicinal ingredient (trade name)"". Ranked by DRUG COST, not by number of prescriptions. PMPRB CompassRx 10th edition data companion, Table 2 ""Top 50 Patented Medicines by Drug Cost, NPDUIS Public Drug Plans, 2022/23 ($million)"". Public drug plans of BC, AB, SK, MB, ON, NB, NS, PE, NL, YT only (Quebec and NIHB excluded). Dollar values and manufacturers are in the source and are not copied here.",2022/23,https://www.canada.ca/en/patented-medicine-prices-review/services/npduis/analytical-studies/compassrx-10th-edition/data-companion-file.html
36,Secukinumab (Cosentyx),,"LIST B of 8 (separate ranking; ranks restart; not comparable with the other lists). OFFICIAL. Individual patented medicines, written in the source as ""medicinal ingredient (trade name)"". Ranked by DRUG COST, not by number of prescriptions. PMPRB CompassRx 10th edition data companion, Table 2 ""Top 50 Patented Medicines by Drug Cost, NPDUIS Public Drug Plans, 2022/23 ($million)"". Public drug plans of BC, AB, SK, MB, ON, NB, NS, PE, NL, YT only (Quebec and NIHB excluded). Dollar values and manufacturers are in the source and are not copied here.",2022/23,https://www.canada.ca/en/patented-medicine-prices-review/services/npduis/analytical-studies/compassrx-10th-edition/data-companion-file.html
37,Onabotulinumtoxina (Botox),,"LIST B of 8 (separate ranking; ranks restart; not comparable with the other lists). OFFICIAL. Individual patented medicines, written in the source as ""medicinal ingredient (trade name)"". Ranked by DRUG COST, not by number of prescriptions. PMPRB CompassRx 10th edition data companion, Table 2 ""Top 50 Patented Medicines by Drug Cost, NPDUIS Public Drug Plans, 2022/23 ($million)"". Public drug plans of BC, AB, SK, MB, ON, NB, NS, PE, NL, YT only (Quebec and NIHB excluded). Dollar values and manufacturers are in the source and are not copied here.",2022/23,https://www.canada.ca/en/patented-medicine-prices-review/services/npduis/analytical-studies/compassrx-10th-edition/data-companion-file.html
38,Insulin glargine (Lantus),,"LIST B of 8 (separate ranking; ranks restart; not comparable with the other lists). OFFICIAL. Individual patented medicines, written in the source as ""medicinal ingredient (trade name)"". Ranked by DRUG COST, not by number of prescriptions. PMPRB CompassRx 10th edition data companion, Table 2 ""Top 50 Patented Medicines by Drug Cost, NPDUIS Public Drug Plans, 2022/23 ($million)"". Public drug plans of BC, AB, SK, MB, ON, NB, NS, PE, NL, YT only (Quebec and NIHB excluded). Dollar values and manufacturers are in the source and are not copied here.",2022/23,https://www.canada.ca/en/patented-medicine-prices-review/services/npduis/analytical-studies/compassrx-10th-edition/data-companion-file.html
39,Evolocumab (Repatha),,"LIST B of 8 (separate ranking; ranks restart; not comparable with the other lists). OFFICIAL. Individual patented medicines, written in the source as ""medicinal ingredient (trade name)"". Ranked by DRUG COST, not by number of prescriptions. PMPRB CompassRx 10th edition data companion, Table 2 ""Top 50 Patented Medicines by Drug Cost, NPDUIS Public Drug Plans, 2022/23 ($million)"". Public drug plans of BC, AB, SK, MB, ON, NB, NS, PE, NL, YT only (Quebec and NIHB excluded). Dollar values and manufacturers are in the source and are not copied here.",2022/23,https://www.canada.ca/en/patented-medicine-prices-review/services/npduis/analytical-studies/compassrx-10th-edition/data-companion-file.html
40,Mirabegron (Myrbetriq),,"LIST B of 8 (separate ranking; ranks restart; not comparable with the other lists). OFFICIAL. Individual patented medicines, written in the source as ""medicinal ingredient (trade name)"". Ranked by DRUG COST, not by number of prescriptions. PMPRB CompassRx 10th edition data companion, Table 2 ""Top 50 Patented Medicines by Drug Cost, NPDUIS Public Drug Plans, 2022/23 ($million)"". Public drug plans of BC, AB, SK, MB, ON, NB, NS, PE, NL, YT only (Quebec and NIHB excluded). Dollar values and manufacturers are in the source and are not copied here.",2022/23,https://www.canada.ca/en/patented-medicine-prices-review/services/npduis/analytical-studies/compassrx-10th-edition/data-companion-file.html
41,Tocilizumab (Actemra),,"LIST B of 8 (separate ranking; ranks restart; not comparable with the other lists). OFFICIAL. Individual patented medicines, written in the source as ""medicinal ingredient (trade name)"". Ranked by DRUG COST, not by number of prescriptions. PMPRB CompassRx 10th edition data companion, Table 2 ""Top 50 Patented Medicines by Drug Cost, NPDUIS Public Drug Plans, 2022/23 ($million)"". Public drug plans of BC, AB, SK, MB, ON, NB, NS, PE, NL, YT only (Quebec and NIHB excluded). Dollar values and manufacturers are in the source and are not copied here.",2022/23,https://www.canada.ca/en/patented-medicine-prices-review/services/npduis/analytical-studies/compassrx-10th-edition/data-companion-file.html
42,Abatacept (Orencia),,"LIST B of 8 (separate ranking; ranks restart; not comparable with the other lists). OFFICIAL. Individual patented medicines, written in the source as ""medicinal ingredient (trade name)"". Ranked by DRUG COST, not by number of prescriptions. PMPRB CompassRx 10th edition data companion, Table 2 ""Top 50 Patented Medicines by Drug Cost, NPDUIS Public Drug Plans, 2022/23 ($million)"". Public drug plans of BC, AB, SK, MB, ON, NB, NS, PE, NL, YT only (Quebec and NIHB excluded). Dollar values and manufacturers are in the source and are not copied here.",2022/23,https://www.canada.ca/en/patented-medicine-prices-review/services/npduis/analytical-studies/compassrx-10th-edition/data-companion-file.html
43,Sitagliptin/metformin hydrochloride (Janumet XR),,"LIST B of 8 (separate ranking; ranks restart; not comparable with the other lists). OFFICIAL. Individual patented medicines, written in the source as ""medicinal ingredient (trade name)"". Ranked by DRUG COST, not by number of prescriptions. PMPRB CompassRx 10th edition data companion, Table 2 ""Top 50 Patented Medicines by Drug Cost, NPDUIS Public Drug Plans, 2022/23 ($million)"". Public drug plans of BC, AB, SK, MB, ON, NB, NS, PE, NL, YT only (Quebec and NIHB excluded). Dollar values and manufacturers are in the source and are not copied here.",2022/23,https://www.canada.ca/en/patented-medicine-prices-review/services/npduis/analytical-studies/compassrx-10th-edition/data-companion-file.html
44,Ixekizumab (Taltz),,"LIST B of 8 (separate ranking; ranks restart; not comparable with the other lists). OFFICIAL. Individual patented medicines, written in the source as ""medicinal ingredient (trade name)"". Ranked by DRUG COST, not by number of prescriptions. PMPRB CompassRx 10th edition data companion, Table 2 ""Top 50 Patented Medicines by Drug Cost, NPDUIS Public Drug Plans, 2022/23 ($million)"". Public drug plans of BC, AB, SK, MB, ON, NB, NS, PE, NL, YT only (Quebec and NIHB excluded). Dollar values and manufacturers are in the source and are not copied here.",2022/23,https://www.canada.ca/en/patented-medicine-prices-review/services/npduis/analytical-studies/compassrx-10th-edition/data-companion-file.html
45,Acalabrutinib (Calquence),,"LIST B of 8 (separate ranking; ranks restart; not comparable with the other lists). OFFICIAL. Individual patented medicines, written in the source as ""medicinal ingredient (trade name)"". Ranked by DRUG COST, not by number of prescriptions. PMPRB CompassRx 10th edition data companion, Table 2 ""Top 50 Patented Medicines by Drug Cost, NPDUIS Public Drug Plans, 2022/23 ($million)"". Public drug plans of BC, AB, SK, MB, ON, NB, NS, PE, NL, YT only (Quebec and NIHB excluded). Dollar values and manufacturers are in the source and are not copied here.",2022/23,https://www.canada.ca/en/patented-medicine-prices-review/services/npduis/analytical-studies/compassrx-10th-edition/data-companion-file.html
46,Abacavir/dolutegravir/lamivudine (Triumeq),,"LIST B of 8 (separate ranking; ranks restart; not comparable with the other lists). OFFICIAL. Individual patented medicines, written in the source as ""medicinal ingredient (trade name)"". Ranked by DRUG COST, not by number of prescriptions. PMPRB CompassRx 10th edition data companion, Table 2 ""Top 50 Patented Medicines by Drug Cost, NPDUIS Public Drug Plans, 2022/23 ($million)"". Public drug plans of BC, AB, SK, MB, ON, NB, NS, PE, NL, YT only (Quebec and NIHB excluded). Dollar values and manufacturers are in the source and are not copied here.",2022/23,https://www.canada.ca/en/patented-medicine-prices-review/services/npduis/analytical-studies/compassrx-10th-edition/data-companion-file.html
47,Benralizumab (Fasenra),,"LIST B of 8 (separate ranking; ranks restart; not comparable with the other lists). OFFICIAL. Individual patented medicines, written in the source as ""medicinal ingredient (trade name)"". Ranked by DRUG COST, not by number of prescriptions. PMPRB CompassRx 10th edition data companion, Table 2 ""Top 50 Patented Medicines by Drug Cost, NPDUIS Public Drug Plans, 2022/23 ($million)"". Public drug plans of BC, AB, SK, MB, ON, NB, NS, PE, NL, YT only (Quebec and NIHB excluded). Dollar values and manufacturers are in the source and are not copied here.",2022/23,https://www.canada.ca/en/patented-medicine-prices-review/services/npduis/analytical-studies/compassrx-10th-edition/data-companion-file.html
48,Paliperidone (Invega Trinza),,"LIST B of 8 (separate ranking; ranks restart; not comparable with the other lists). OFFICIAL. Individual patented medicines, written in the source as ""medicinal ingredient (trade name)"". Ranked by DRUG COST, not by number of prescriptions. PMPRB CompassRx 10th edition data companion, Table 2 ""Top 50 Patented Medicines by Drug Cost, NPDUIS Public Drug Plans, 2022/23 ($million)"". Public drug plans of BC, AB, SK, MB, ON, NB, NS, PE, NL, YT only (Quebec and NIHB excluded). Dollar values and manufacturers are in the source and are not copied here.",2022/23,https://www.canada.ca/en/patented-medicine-prices-review/services/npduis/analytical-studies/compassrx-10th-edition/data-companion-file.html
49,Lenalidomide (Revlimid),,"LIST B of 8 (separate ranking; ranks restart; not comparable with the other lists). OFFICIAL. Individual patented medicines, written in the source as ""medicinal ingredient (trade name)"". Ranked by DRUG COST, not by number of prescriptions. PMPRB CompassRx 10th edition data companion, Table 2 ""Top 50 Patented Medicines by Drug Cost, NPDUIS Public Drug Plans, 2022/23 ($million)"". Public drug plans of BC, AB, SK, MB, ON, NB, NS, PE, NL, YT only (Quebec and NIHB excluded). Dollar values and manufacturers are in the source and are not copied here.",2022/23,https://www.canada.ca/en/patented-medicine-prices-review/services/npduis/analytical-studies/compassrx-10th-edition/data-companion-file.html
50,Etanercept (Brenzys),,"LIST B of 8 (separate ranking; ranks restart; not comparable with the other lists). OFFICIAL. Individual patented medicines, written in the source as ""medicinal ingredient (trade name)"". Ranked by DRUG COST, not by number of prescriptions. PMPRB CompassRx 10th edition data companion, Table 2 ""Top 50 Patented Medicines by Drug Cost, NPDUIS Public Drug Plans, 2022/23 ($million)"". Public drug plans of BC, AB, SK, MB, ON, NB, NS, PE, NL, YT only (Quebec and NIHB excluded). Dollar values and manufacturers are in the source and are not copied here.",2022/23,https://www.canada.ca/en/patented-medicine-prices-review/services/npduis/analytical-studies/compassrx-10th-edition/data-companion-file.html
1,Semaglutide (Ozempic),,"LIST C of 8 (separate ranking; ranks restart; not comparable with the other lists). OFFICIAL. Individual single-source non-patented medicines, written in the source as ""medicinal ingredient (trade name)"". Ranked by DRUG COST, not by number of prescriptions. PMPRB CompassRx 10th edition data companion, Table 4 ""Top 50 Single-Source Non-Patented Medicines by Drug Cost, NPDUIS Public Drug Plans, 2022/23 ($thousand)"". Public drug plans of BC, AB, SK, MB, ON, NB, NS, PE, NL, YT only (Quebec and NIHB excluded). Dollar values and manufacturers are in the source and are not copied here.",2022/23,https://www.canada.ca/en/patented-medicine-prices-review/services/npduis/analytical-studies/compassrx-10th-edition/data-companion-file.html
2,Ranibizumab (Lucentis),,"LIST C of 8 (separate ranking; ranks restart; not comparable with the other lists). OFFICIAL. Individual single-source non-patented medicines, written in the source as ""medicinal ingredient (trade name)"". Ranked by DRUG COST, not by number of prescriptions. PMPRB CompassRx 10th edition data companion, Table 4 ""Top 50 Single-Source Non-Patented Medicines by Drug Cost, NPDUIS Public Drug Plans, 2022/23 ($thousand)"". Public drug plans of BC, AB, SK, MB, ON, NB, NS, PE, NL, YT only (Quebec and NIHB excluded). Dollar values and manufacturers are in the source and are not copied here.",2022/23,https://www.canada.ca/en/patented-medicine-prices-review/services/npduis/analytical-studies/compassrx-10th-edition/data-companion-file.html
3,Golimumab (Simponi),,"LIST C of 8 (separate ranking; ranks restart; not comparable with the other lists). OFFICIAL. Individual single-source non-patented medicines, written in the source as ""medicinal ingredient (trade name)"". Ranked by DRUG COST, not by number of prescriptions. PMPRB CompassRx 10th edition data companion, Table 4 ""Top 50 Single-Source Non-Patented Medicines by Drug Cost, NPDUIS Public Drug Plans, 2022/23 ($thousand)"". Public drug plans of BC, AB, SK, MB, ON, NB, NS, PE, NL, YT only (Quebec and NIHB excluded). Dollar values and manufacturers are in the source and are not copied here.",2022/23,https://www.canada.ca/en/patented-medicine-prices-review/services/npduis/analytical-studies/compassrx-10th-edition/data-companion-file.html
4,Budesonide/formoterol fumarate dihydrate (Symbicort),,"LIST C of 8 (separate ranking; ranks restart; not comparable with the other lists). OFFICIAL. Individual single-source non-patented medicines, written in the source as ""medicinal ingredient (trade name)"". Ranked by DRUG COST, not by number of prescriptions. PMPRB CompassRx 10th edition data companion, Table 4 ""Top 50 Single-Source Non-Patented Medicines by Drug Cost, NPDUIS Public Drug Plans, 2022/23 ($thousand)"". Public drug plans of BC, AB, SK, MB, ON, NB, NS, PE, NL, YT only (Quebec and NIHB excluded). Dollar values and manufacturers are in the source and are not copied here.",2022/23,https://www.canada.ca/en/patented-medicine-prices-review/services/npduis/analytical-studies/compassrx-10th-edition/data-companion-file.html
5,Insulin degludec (Tresiba),,"LIST C of 8 (separate ranking; ranks restart; not comparable with the other lists). OFFICIAL. Individual single-source non-patented medicines, written in the source as ""medicinal ingredient (trade name)"". Ranked by DRUG COST, not by number of prescriptions. PMPRB CompassRx 10th edition data companion, Table 4 ""Top 50 Single-Source Non-Patented Medicines by Drug Cost, NPDUIS Public Drug Plans, 2022/23 ($thousand)"". Public drug plans of BC, AB, SK, MB, ON, NB, NS, PE, NL, YT only (Quebec and NIHB excluded). Dollar values and manufacturers are in the source and are not copied here.",2022/23,https://www.canada.ca/en/patented-medicine-prices-review/services/npduis/analytical-studies/compassrx-10th-edition/data-companion-file.html
6,Tiotropium (Spiriva Respimat),,"LIST C of 8 (separate ranking; ranks restart; not comparable with the other lists). OFFICIAL. Individual single-source non-patented medicines, written in the source as ""medicinal ingredient (trade name)"". Ranked by DRUG COST, not by number of prescriptions. PMPRB CompassRx 10th edition data companion, Table 4 ""Top 50 Single-Source Non-Patented Medicines by Drug Cost, NPDUIS Public Drug Plans, 2022/23 ($thousand)"". Public drug plans of BC, AB, SK, MB, ON, NB, NS, PE, NL, YT only (Quebec and NIHB excluded). Dollar values and manufacturers are in the source and are not copied here.",2022/23,https://www.canada.ca/en/patented-medicine-prices-review/services/npduis/analytical-studies/compassrx-10th-edition/data-companion-file.html
7,Fluticasone furoate/vilanterol (Breo Ellipta),,"LIST C of 8 (separate ranking; ranks restart; not comparable with the other lists). OFFICIAL. Individual single-source non-patented medicines, written in the source as ""medicinal ingredient (trade name)"". Ranked by DRUG COST, not by number of prescriptions. PMPRB CompassRx 10th edition data companion, Table 4 ""Top 50 Single-Source Non-Patented Medicines by Drug Cost, NPDUIS Public Drug Plans, 2022/23 ($thousand)"". Public drug plans of BC, AB, SK, MB, ON, NB, NS, PE, NL, YT only (Quebec and NIHB excluded). Dollar values and manufacturers are in the source and are not copied here.",2022/23,https://www.canada.ca/en/patented-medicine-prices-review/services/npduis/analytical-studies/compassrx-10th-edition/data-companion-file.html
8,Mepolizumab (Nucala),,"LIST C of 8 (separate ranking; ranks restart; not comparable with the other lists). OFFICIAL. Individual single-source non-patented medicines, written in the source as ""medicinal ingredient (trade name)"". Ranked by DRUG COST, not by number of prescriptions. PMPRB CompassRx 10th edition data companion, Table 4 ""Top 50 Single-Source Non-Patented Medicines by Drug Cost, NPDUIS Public Drug Plans, 2022/23 ($thousand)"". Public drug plans of BC, AB, SK, MB, ON, NB, NS, PE, NL, YT only (Quebec and NIHB excluded). Dollar values and manufacturers are in the source and are not copied here.",2022/23,https://www.canada.ca/en/patented-medicine-prices-review/services/npduis/analytical-studies/compassrx-10th-edition/data-companion-file.html
9,Tafamidis meglumine (Vyndaqel),,"LIST C of 8 (separate ranking; ranks restart; not comparable with the other lists). OFFICIAL. Individual single-source non-patented medicines, written in the source as ""medicinal ingredient (trade name)"". Ranked by DRUG COST, not by number of prescriptions. PMPRB CompassRx 10th edition data companion, Table 4 ""Top 50 Single-Source Non-Patented Medicines by Drug Cost, NPDUIS Public Drug Plans, 2022/23 ($thousand)"". Public drug plans of BC, AB, SK, MB, ON, NB, NS, PE, NL, YT only (Quebec and NIHB excluded). Dollar values and manufacturers are in the source and are not copied here.",2022/23,https://www.canada.ca/en/patented-medicine-prices-review/services/npduis/analytical-studies/compassrx-10th-edition/data-companion-file.html
10,Certolizumab pegol (Cimzia),,"LIST C of 8 (separate ranking; ranks restart; not comparable with the other lists). OFFICIAL. Individual single-source non-patented medicines, written in the source as ""medicinal ingredient (trade name)"". Ranked by DRUG COST, not by number of prescriptions. PMPRB CompassRx 10th edition data companion, Table 4 ""Top 50 Single-Source Non-Patented Medicines by Drug Cost, NPDUIS Public Drug Plans, 2022/23 ($thousand)"". Public drug plans of BC, AB, SK, MB, ON, NB, NS, PE, NL, YT only (Quebec and NIHB excluded). Dollar values and manufacturers are in the source and are not copied here.",2022/23,https://www.canada.ca/en/patented-medicine-prices-review/services/npduis/analytical-studies/compassrx-10th-edition/data-companion-file.html
11,Goserelin (Zoladex LA),,"LIST C of 8 (separate ranking; ranks restart; not comparable with the other lists). OFFICIAL. Individual single-source non-patented medicines, written in the source as ""medicinal ingredient (trade name)"". Ranked by DRUG COST, not by number of prescriptions. PMPRB CompassRx 10th edition data companion, Table 4 ""Top 50 Single-Source Non-Patented Medicines by Drug Cost, NPDUIS Public Drug Plans, 2022/23 ($thousand)"". Public drug plans of BC, AB, SK, MB, ON, NB, NS, PE, NL, YT only (Quebec and NIHB excluded). Dollar values and manufacturers are in the source and are not copied here.",2022/23,https://www.canada.ca/en/patented-medicine-prices-review/services/npduis/analytical-studies/compassrx-10th-edition/data-companion-file.html
12,Lanreotide (Somatuline Autogel),,"LIST C of 8 (separate ranking; ranks restart; not comparable with the other lists). OFFICIAL. Individual single-source non-patented medicines, written in the source as ""medicinal ingredient (trade name)"". Ranked by DRUG COST, not by number of prescriptions. PMPRB CompassRx 10th edition data companion, Table 4 ""Top 50 Single-Source Non-Patented Medicines by Drug Cost, NPDUIS Public Drug Plans, 2022/23 ($thousand)"". Public drug plans of BC, AB, SK, MB, ON, NB, NS, PE, NL, YT only (Quebec and NIHB excluded). Dollar values and manufacturers are in the source and are not copied here.",2022/23,https://www.canada.ca/en/patented-medicine-prices-review/services/npduis/analytical-studies/compassrx-10th-edition/data-companion-file.html
13,Mometasone furoate/ formoterol fumarate dihydrate (Zenhale),,"LIST C of 8 (separate ranking; ranks restart; not comparable with the other lists). OFFICIAL. Individual single-source non-patented medicines, written in the source as ""medicinal ingredient (trade name)"". Ranked by DRUG COST, not by number of prescriptions. PMPRB CompassRx 10th edition data companion, Table 4 ""Top 50 Single-Source Non-Patented Medicines by Drug Cost, NPDUIS Public Drug Plans, 2022/23 ($thousand)"". Public drug plans of BC, AB, SK, MB, ON, NB, NS, PE, NL, YT only (Quebec and NIHB excluded). Dollar values and manufacturers are in the source and are not copied here.",2022/23,https://www.canada.ca/en/patented-medicine-prices-review/services/npduis/analytical-studies/compassrx-10th-edition/data-companion-file.html
14,Ciclesonide (Omnaris),,"LIST C of 8 (separate ranking; ranks restart; not comparable with the other lists). OFFICIAL. Individual single-source non-patented medicines, written in the source as ""medicinal ingredient (trade name)"". Ranked by DRUG COST, not by number of prescriptions. PMPRB CompassRx 10th edition data companion, Table 4 ""Top 50 Single-Source Non-Patented Medicines by Drug Cost, NPDUIS Public Drug Plans, 2022/23 ($thousand)"". Public drug plans of BC, AB, SK, MB, ON, NB, NS, PE, NL, YT only (Quebec and NIHB excluded). Dollar values and manufacturers are in the source and are not copied here.",2022/23,https://www.canada.ca/en/patented-medicine-prices-review/services/npduis/analytical-studies/compassrx-10th-edition/data-companion-file.html
15,Dalteparin sodium (Fragmin),,"LIST C of 8 (separate ranking; ranks restart; not comparable with the other lists). OFFICIAL. Individual single-source non-patented medicines, written in the source as ""medicinal ingredient (trade name)"". Ranked by DRUG COST, not by number of prescriptions. PMPRB CompassRx 10th edition data companion, Table 4 ""Top 50 Single-Source Non-Patented Medicines by Drug Cost, NPDUIS Public Drug Plans, 2022/23 ($thousand)"". Public drug plans of BC, AB, SK, MB, ON, NB, NS, PE, NL, YT only (Quebec and NIHB excluded). Dollar values and manufacturers are in the source and are not copied here.",2022/23,https://www.canada.ca/en/patented-medicine-prices-review/services/npduis/analytical-studies/compassrx-10th-edition/data-companion-file.html
16,Darbepoetin alfa (Aranesp (HSA-Free)),,"LIST C of 8 (separate ranking; ranks restart; not comparable with the other lists). OFFICIAL. Individual single-source non-patented medicines, written in the source as ""medicinal ingredient (trade name)"". Ranked by DRUG COST, not by number of prescriptions. PMPRB CompassRx 10th edition data companion, Table 4 ""Top 50 Single-Source Non-Patented Medicines by Drug Cost, NPDUIS Public Drug Plans, 2022/23 ($thousand)"". Public drug plans of BC, AB, SK, MB, ON, NB, NS, PE, NL, YT only (Quebec and NIHB excluded). Dollar values and manufacturers are in the source and are not copied here.",2022/23,https://www.canada.ca/en/patented-medicine-prices-review/services/npduis/analytical-studies/compassrx-10th-edition/data-companion-file.html
17,Alglucosidase alfa (Myozyme),,"LIST C of 8 (separate ranking; ranks restart; not comparable with the other lists). OFFICIAL. Individual single-source non-patented medicines, written in the source as ""medicinal ingredient (trade name)"". Ranked by DRUG COST, not by number of prescriptions. PMPRB CompassRx 10th edition data companion, Table 4 ""Top 50 Single-Source Non-Patented Medicines by Drug Cost, NPDUIS Public Drug Plans, 2022/23 ($thousand)"". Public drug plans of BC, AB, SK, MB, ON, NB, NS, PE, NL, YT only (Quebec and NIHB excluded). Dollar values and manufacturers are in the source and are not copied here.",2022/23,https://www.canada.ca/en/patented-medicine-prices-review/services/npduis/analytical-studies/compassrx-10th-edition/data-companion-file.html
18,Insulin detemir (Levemir),,"LIST C of 8 (separate ranking; ranks restart; not comparable with the other lists). OFFICIAL. Individual single-source non-patented medicines, written in the source as ""medicinal ingredient (trade name)"". Ranked by DRUG COST, not by number of prescriptions. PMPRB CompassRx 10th edition data companion, Table 4 ""Top 50 Single-Source Non-Patented Medicines by Drug Cost, NPDUIS Public Drug Plans, 2022/23 ($thousand)"". Public drug plans of BC, AB, SK, MB, ON, NB, NS, PE, NL, YT only (Quebec and NIHB excluded). Dollar values and manufacturers are in the source and are not copied here.",2022/23,https://www.canada.ca/en/patented-medicine-prices-review/services/npduis/analytical-studies/compassrx-10th-edition/data-companion-file.html
19,Tinzaparin sodium (Innohep),,"LIST C of 8 (separate ranking; ranks restart; not comparable with the other lists). OFFICIAL. Individual single-source non-patented medicines, written in the source as ""medicinal ingredient (trade name)"". Ranked by DRUG COST, not by number of prescriptions. PMPRB CompassRx 10th edition data companion, Table 4 ""Top 50 Single-Source Non-Patented Medicines by Drug Cost, NPDUIS Public Drug Plans, 2022/23 ($thousand)"". Public drug plans of BC, AB, SK, MB, ON, NB, NS, PE, NL, YT only (Quebec and NIHB excluded). Dollar values and manufacturers are in the source and are not copied here.",2022/23,https://www.canada.ca/en/patented-medicine-prices-review/services/npduis/analytical-studies/compassrx-10th-edition/data-companion-file.html
20,Fusidic acid (Fucidin),,"LIST C of 8 (separate ranking; ranks restart; not comparable with the other lists). OFFICIAL. Individual single-source non-patented medicines, written in the source as ""medicinal ingredient (trade name)"". Ranked by DRUG COST, not by number of prescriptions. PMPRB CompassRx 10th edition data companion, Table 4 ""Top 50 Single-Source Non-Patented Medicines by Drug Cost, NPDUIS Public Drug Plans, 2022/23 ($thousand)"". Public drug plans of BC, AB, SK, MB, ON, NB, NS, PE, NL, YT only (Quebec and NIHB excluded). Dollar values and manufacturers are in the source and are not copied here.",2022/23,https://www.canada.ca/en/patented-medicine-prices-review/services/npduis/analytical-studies/compassrx-10th-edition/data-companion-file.html
21,Insulin lispro (Humalog),,"LIST C of 8 (separate ranking; ranks restart; not comparable with the other lists). OFFICIAL. Individual single-source non-patented medicines, written in the source as ""medicinal ingredient (trade name)"". Ranked by DRUG COST, not by number of prescriptions. PMPRB CompassRx 10th edition data companion, Table 4 ""Top 50 Single-Source Non-Patented Medicines by Drug Cost, NPDUIS Public Drug Plans, 2022/23 ($thousand)"". Public drug plans of BC, AB, SK, MB, ON, NB, NS, PE, NL, YT only (Quebec and NIHB excluded). Dollar values and manufacturers are in the source and are not copied here.",2022/23,https://www.canada.ca/en/patented-medicine-prices-review/services/npduis/analytical-studies/compassrx-10th-edition/data-companion-file.html
22,Treprostinil (Remodulin),,"LIST C of 8 (separate ranking; ranks restart; not comparable with the other lists). OFFICIAL. Individual single-source non-patented medicines, written in the source as ""medicinal ingredient (trade name)"". Ranked by DRUG COST, not by number of prescriptions. PMPRB CompassRx 10th edition data companion, Table 4 ""Top 50 Single-Source Non-Patented Medicines by Drug Cost, NPDUIS Public Drug Plans, 2022/23 ($thousand)"". Public drug plans of BC, AB, SK, MB, ON, NB, NS, PE, NL, YT only (Quebec and NIHB excluded). Dollar values and manufacturers are in the source and are not copied here.",2022/23,https://www.canada.ca/en/patented-medicine-prices-review/services/npduis/analytical-studies/compassrx-10th-edition/data-companion-file.html
23,Ciclesonide (Alvesco),,"LIST C of 8 (separate ranking; ranks restart; not comparable with the other lists). OFFICIAL. Individual single-source non-patented medicines, written in the source as ""medicinal ingredient (trade name)"". Ranked by DRUG COST, not by number of prescriptions. PMPRB CompassRx 10th edition data companion, Table 4 ""Top 50 Single-Source Non-Patented Medicines by Drug Cost, NPDUIS Public Drug Plans, 2022/23 ($thousand)"". Public drug plans of BC, AB, SK, MB, ON, NB, NS, PE, NL, YT only (Quebec and NIHB excluded). Dollar values and manufacturers are in the source and are not copied here.",2022/23,https://www.canada.ca/en/patented-medicine-prices-review/services/npduis/analytical-studies/compassrx-10th-edition/data-companion-file.html
24,Edaravone (Radicava),,"LIST C of 8 (separate ranking; ranks restart; not comparable with the other lists). OFFICIAL. Individual single-source non-patented medicines, written in the source as ""medicinal ingredient (trade name)"". Ranked by DRUG COST, not by number of prescriptions. PMPRB CompassRx 10th edition data companion, Table 4 ""Top 50 Single-Source Non-Patented Medicines by Drug Cost, NPDUIS Public Drug Plans, 2022/23 ($thousand)"". Public drug plans of BC, AB, SK, MB, ON, NB, NS, PE, NL, YT only (Quebec and NIHB excluded). Dollar values and manufacturers are in the source and are not copied here.",2022/23,https://www.canada.ca/en/patented-medicine-prices-review/services/npduis/analytical-studies/compassrx-10th-edition/data-companion-file.html
25,Tacrolimus (Protopic),,"LIST C of 8 (separate ranking; ranks restart; not comparable with the other lists). OFFICIAL. Individual single-source non-patented medicines, written in the source as ""medicinal ingredient (trade name)"". Ranked by DRUG COST, not by number of prescriptions. PMPRB CompassRx 10th edition data companion, Table 4 ""Top 50 Single-Source Non-Patented Medicines by Drug Cost, NPDUIS Public Drug Plans, 2022/23 ($thousand)"". Public drug plans of BC, AB, SK, MB, ON, NB, NS, PE, NL, YT only (Quebec and NIHB excluded). Dollar values and manufacturers are in the source and are not copied here.",2022/23,https://www.canada.ca/en/patented-medicine-prices-review/services/npduis/analytical-studies/compassrx-10th-edition/data-companion-file.html
26,Levonorgestrel (Mirena),,"LIST C of 8 (separate ranking; ranks restart; not comparable with the other lists). OFFICIAL. Individual single-source non-patented medicines, written in the source as ""medicinal ingredient (trade name)"". Ranked by DRUG COST, not by number of prescriptions. PMPRB CompassRx 10th edition data companion, Table 4 ""Top 50 Single-Source Non-Patented Medicines by Drug Cost, NPDUIS Public Drug Plans, 2022/23 ($thousand)"". Public drug plans of BC, AB, SK, MB, ON, NB, NS, PE, NL, YT only (Quebec and NIHB excluded). Dollar values and manufacturers are in the source and are not copied here.",2022/23,https://www.canada.ca/en/patented-medicine-prices-review/services/npduis/analytical-studies/compassrx-10th-edition/data-companion-file.html
27,Conjugated estrogens (Premarin),,"LIST C of 8 (separate ranking; ranks restart; not comparable with the other lists). OFFICIAL. Individual single-source non-patented medicines, written in the source as ""medicinal ingredient (trade name)"". Ranked by DRUG COST, not by number of prescriptions. PMPRB CompassRx 10th edition data companion, Table 4 ""Top 50 Single-Source Non-Patented Medicines by Drug Cost, NPDUIS Public Drug Plans, 2022/23 ($thousand)"". Public drug plans of BC, AB, SK, MB, ON, NB, NS, PE, NL, YT only (Quebec and NIHB excluded). Dollar values and manufacturers are in the source and are not copied here.",2022/23,https://www.canada.ca/en/patented-medicine-prices-review/services/npduis/analytical-studies/compassrx-10th-edition/data-companion-file.html
28,Dornase alfa (Pulmozyme),,"LIST C of 8 (separate ranking; ranks restart; not comparable with the other lists). OFFICIAL. Individual single-source non-patented medicines, written in the source as ""medicinal ingredient (trade name)"". Ranked by DRUG COST, not by number of prescriptions. PMPRB CompassRx 10th edition data companion, Table 4 ""Top 50 Single-Source Non-Patented Medicines by Drug Cost, NPDUIS Public Drug Plans, 2022/23 ($thousand)"". Public drug plans of BC, AB, SK, MB, ON, NB, NS, PE, NL, YT only (Quebec and NIHB excluded). Dollar values and manufacturers are in the source and are not copied here.",2022/23,https://www.canada.ca/en/patented-medicine-prices-review/services/npduis/analytical-studies/compassrx-10th-edition/data-companion-file.html
29,Glycerol phenylbutyrate (Ravicti),,"LIST C of 8 (separate ranking; ranks restart; not comparable with the other lists). OFFICIAL. Individual single-source non-patented medicines, written in the source as ""medicinal ingredient (trade name)"". Ranked by DRUG COST, not by number of prescriptions. PMPRB CompassRx 10th edition data companion, Table 4 ""Top 50 Single-Source Non-Patented Medicines by Drug Cost, NPDUIS Public Drug Plans, 2022/23 ($thousand)"". Public drug plans of BC, AB, SK, MB, ON, NB, NS, PE, NL, YT only (Quebec and NIHB excluded). Dollar values and manufacturers are in the source and are not copied here.",2022/23,https://www.canada.ca/en/patented-medicine-prices-review/services/npduis/analytical-studies/compassrx-10th-edition/data-companion-file.html
30,Sirolimus (Rapamune),,"LIST C of 8 (separate ranking; ranks restart; not comparable with the other lists). OFFICIAL. Individual single-source non-patented medicines, written in the source as ""medicinal ingredient (trade name)"". Ranked by DRUG COST, not by number of prescriptions. PMPRB CompassRx 10th edition data companion, Table 4 ""Top 50 Single-Source Non-Patented Medicines by Drug Cost, NPDUIS Public Drug Plans, 2022/23 ($thousand)"". Public drug plans of BC, AB, SK, MB, ON, NB, NS, PE, NL, YT only (Quebec and NIHB excluded). Dollar values and manufacturers are in the source and are not copied here.",2022/23,https://www.canada.ca/en/patented-medicine-prices-review/services/npduis/analytical-studies/compassrx-10th-edition/data-companion-file.html
31,Terbinafine hydrochloride (Lamisil),,"LIST C of 8 (separate ranking; ranks restart; not comparable with the other lists). OFFICIAL. Individual single-source non-patented medicines, written in the source as ""medicinal ingredient (trade name)"". Ranked by DRUG COST, not by number of prescriptions. PMPRB CompassRx 10th edition data companion, Table 4 ""Top 50 Single-Source Non-Patented Medicines by Drug Cost, NPDUIS Public Drug Plans, 2022/23 ($thousand)"". Public drug plans of BC, AB, SK, MB, ON, NB, NS, PE, NL, YT only (Quebec and NIHB excluded). Dollar values and manufacturers are in the source and are not copied here.",2022/23,https://www.canada.ca/en/patented-medicine-prices-review/services/npduis/analytical-studies/compassrx-10th-edition/data-companion-file.html
32,Pegvisomant (Somavert),,"LIST C of 8 (separate ranking; ranks restart; not comparable with the other lists). OFFICIAL. Individual single-source non-patented medicines, written in the source as ""medicinal ingredient (trade name)"". Ranked by DRUG COST, not by number of prescriptions. PMPRB CompassRx 10th edition data companion, Table 4 ""Top 50 Single-Source Non-Patented Medicines by Drug Cost, NPDUIS Public Drug Plans, 2022/23 ($thousand)"". Public drug plans of BC, AB, SK, MB, ON, NB, NS, PE, NL, YT only (Quebec and NIHB excluded). Dollar values and manufacturers are in the source and are not copied here.",2022/23,https://www.canada.ca/en/patented-medicine-prices-review/services/npduis/analytical-studies/compassrx-10th-edition/data-companion-file.html
33,Inotersen (Tegsedi),,"LIST C of 8 (separate ranking; ranks restart; not comparable with the other lists). OFFICIAL. Individual single-source non-patented medicines, written in the source as ""medicinal ingredient (trade name)"". Ranked by DRUG COST, not by number of prescriptions. PMPRB CompassRx 10th edition data companion, Table 4 ""Top 50 Single-Source Non-Patented Medicines by Drug Cost, NPDUIS Public Drug Plans, 2022/23 ($thousand)"". Public drug plans of BC, AB, SK, MB, ON, NB, NS, PE, NL, YT only (Quebec and NIHB excluded). Dollar values and manufacturers are in the source and are not copied here.",2022/23,https://www.canada.ca/en/patented-medicine-prices-review/services/npduis/analytical-studies/compassrx-10th-edition/data-companion-file.html
34,Insulin aspart (NovoRapid),,"LIST C of 8 (separate ranking; ranks restart; not comparable with the other lists). OFFICIAL. Individual single-source non-patented medicines, written in the source as ""medicinal ingredient (trade name)"". Ranked by DRUG COST, not by number of prescriptions. PMPRB CompassRx 10th edition data companion, Table 4 ""Top 50 Single-Source Non-Patented Medicines by Drug Cost, NPDUIS Public Drug Plans, 2022/23 ($thousand)"". Public drug plans of BC, AB, SK, MB, ON, NB, NS, PE, NL, YT only (Quebec and NIHB excluded). Dollar values and manufacturers are in the source and are not copied here.",2022/23,https://www.canada.ca/en/patented-medicine-prices-review/services/npduis/analytical-studies/compassrx-10th-edition/data-companion-file.html
35,Saxagliptin/metformin hydrochloride (Komboglyze),,"LIST C of 8 (separate ranking; ranks restart; not comparable with the other lists). OFFICIAL. Individual single-source non-patented medicines, written in the source as ""medicinal ingredient (trade name)"". Ranked by DRUG COST, not by number of prescriptions. PMPRB CompassRx 10th edition data companion, Table 4 ""Top 50 Single-Source Non-Patented Medicines by Drug Cost, NPDUIS Public Drug Plans, 2022/23 ($thousand)"". Public drug plans of BC, AB, SK, MB, ON, NB, NS, PE, NL, YT only (Quebec and NIHB excluded). Dollar values and manufacturers are in the source and are not copied here.",2022/23,https://www.canada.ca/en/patented-medicine-prices-review/services/npduis/analytical-studies/compassrx-10th-edition/data-companion-file.html
36,Aprepitant (Emend Tri-Pack),,"LIST C of 8 (separate ranking; ranks restart; not comparable with the other lists). OFFICIAL. Individual single-source non-patented medicines, written in the source as ""medicinal ingredient (trade name)"". Ranked by DRUG COST, not by number of prescriptions. PMPRB CompassRx 10th edition data companion, Table 4 ""Top 50 Single-Source Non-Patented Medicines by Drug Cost, NPDUIS Public Drug Plans, 2022/23 ($thousand)"". Public drug plans of BC, AB, SK, MB, ON, NB, NS, PE, NL, YT only (Quebec and NIHB excluded). Dollar values and manufacturers are in the source and are not copied here.",2022/23,https://www.canada.ca/en/patented-medicine-prices-review/services/npduis/analytical-studies/compassrx-10th-edition/data-companion-file.html
37,Deferiprone (Ferriprox),,"LIST C of 8 (separate ranking; ranks restart; not comparable with the other lists). OFFICIAL. Individual single-source non-patented medicines, written in the source as ""medicinal ingredient (trade name)"". Ranked by DRUG COST, not by number of prescriptions. PMPRB CompassRx 10th edition data companion, Table 4 ""Top 50 Single-Source Non-Patented Medicines by Drug Cost, NPDUIS Public Drug Plans, 2022/23 ($thousand)"". Public drug plans of BC, AB, SK, MB, ON, NB, NS, PE, NL, YT only (Quebec and NIHB excluded). Dollar values and manufacturers are in the source and are not copied here.",2022/23,https://www.canada.ca/en/patented-medicine-prices-review/services/npduis/analytical-studies/compassrx-10th-edition/data-companion-file.html
38,Idursulfase (Elaprase),,"LIST C of 8 (separate ranking; ranks restart; not comparable with the other lists). OFFICIAL. Individual single-source non-patented medicines, written in the source as ""medicinal ingredient (trade name)"". Ranked by DRUG COST, not by number of prescriptions. PMPRB CompassRx 10th edition data companion, Table 4 ""Top 50 Single-Source Non-Patented Medicines by Drug Cost, NPDUIS Public Drug Plans, 2022/23 ($thousand)"". Public drug plans of BC, AB, SK, MB, ON, NB, NS, PE, NL, YT only (Quebec and NIHB excluded). Dollar values and manufacturers are in the source and are not copied here.",2022/23,https://www.canada.ca/en/patented-medicine-prices-review/services/npduis/analytical-studies/compassrx-10th-edition/data-companion-file.html
39,Degarelix (Firmagon),,"LIST C of 8 (separate ranking; ranks restart; not comparable with the other lists). OFFICIAL. Individual single-source non-patented medicines, written in the source as ""medicinal ingredient (trade name)"". Ranked by DRUG COST, not by number of prescriptions. PMPRB CompassRx 10th edition data companion, Table 4 ""Top 50 Single-Source Non-Patented Medicines by Drug Cost, NPDUIS Public Drug Plans, 2022/23 ($thousand)"". Public drug plans of BC, AB, SK, MB, ON, NB, NS, PE, NL, YT only (Quebec and NIHB excluded). Dollar values and manufacturers are in the source and are not copied here.",2022/23,https://www.canada.ca/en/patented-medicine-prices-review/services/npduis/analytical-studies/compassrx-10th-edition/data-companion-file.html
40,Pentosan polysulfate sodium (Elmiron),,"LIST C of 8 (separate ranking; ranks restart; not comparable with the other lists). OFFICIAL. Individual single-source non-patented medicines, written in the source as ""medicinal ingredient (trade name)"". Ranked by DRUG COST, not by number of prescriptions. PMPRB CompassRx 10th edition data companion, Table 4 ""Top 50 Single-Source Non-Patented Medicines by Drug Cost, NPDUIS Public Drug Plans, 2022/23 ($thousand)"". Public drug plans of BC, AB, SK, MB, ON, NB, NS, PE, NL, YT only (Quebec and NIHB excluded). Dollar values and manufacturers are in the source and are not copied here.",2022/23,https://www.canada.ca/en/patented-medicine-prices-review/services/npduis/analytical-studies/compassrx-10th-edition/data-companion-file.html
41,Pimecrolimus (Elidel),,"LIST C of 8 (separate ranking; ranks restart; not comparable with the other lists). OFFICIAL. Individual single-source non-patented medicines, written in the source as ""medicinal ingredient (trade name)"". Ranked by DRUG COST, not by number of prescriptions. PMPRB CompassRx 10th edition data companion, Table 4 ""Top 50 Single-Source Non-Patented Medicines by Drug Cost, NPDUIS Public Drug Plans, 2022/23 ($thousand)"". Public drug plans of BC, AB, SK, MB, ON, NB, NS, PE, NL, YT only (Quebec and NIHB excluded). Dollar values and manufacturers are in the source and are not copied here.",2022/23,https://www.canada.ca/en/patented-medicine-prices-review/services/npduis/analytical-studies/compassrx-10th-edition/data-companion-file.html
42,Flupentixol decanoate (Fluanxol Depot),,"LIST C of 8 (separate ranking; ranks restart; not comparable with the other lists). OFFICIAL. Individual single-source non-patented medicines, written in the source as ""medicinal ingredient (trade name)"". Ranked by DRUG COST, not by number of prescriptions. PMPRB CompassRx 10th edition data companion, Table 4 ""Top 50 Single-Source Non-Patented Medicines by Drug Cost, NPDUIS Public Drug Plans, 2022/23 ($thousand)"". Public drug plans of BC, AB, SK, MB, ON, NB, NS, PE, NL, YT only (Quebec and NIHB excluded). Dollar values and manufacturers are in the source and are not copied here.",2022/23,https://www.canada.ca/en/patented-medicine-prices-review/services/npduis/analytical-studies/compassrx-10th-edition/data-companion-file.html
43,Interferon beta-1b (Betaseron),,"LIST C of 8 (separate ranking; ranks restart; not comparable with the other lists). OFFICIAL. Individual single-source non-patented medicines, written in the source as ""medicinal ingredient (trade name)"". Ranked by DRUG COST, not by number of prescriptions. PMPRB CompassRx 10th edition data companion, Table 4 ""Top 50 Single-Source Non-Patented Medicines by Drug Cost, NPDUIS Public Drug Plans, 2022/23 ($thousand)"". Public drug plans of BC, AB, SK, MB, ON, NB, NS, PE, NL, YT only (Quebec and NIHB excluded). Dollar values and manufacturers are in the source and are not copied here.",2022/23,https://www.canada.ca/en/patented-medicine-prices-review/services/npduis/analytical-studies/compassrx-10th-edition/data-companion-file.html
44,Pentoxifylline (Pentoxifylline SR),,"LIST C of 8 (separate ranking; ranks restart; not comparable with the other lists). OFFICIAL. Individual single-source non-patented medicines, written in the source as ""medicinal ingredient (trade name)"". Ranked by DRUG COST, not by number of prescriptions. PMPRB CompassRx 10th edition data companion, Table 4 ""Top 50 Single-Source Non-Patented Medicines by Drug Cost, NPDUIS Public Drug Plans, 2022/23 ($thousand)"". Public drug plans of BC, AB, SK, MB, ON, NB, NS, PE, NL, YT only (Quebec and NIHB excluded). Dollar values and manufacturers are in the source and are not copied here.",2022/23,https://www.canada.ca/en/patented-medicine-prices-review/services/npduis/analytical-studies/compassrx-10th-edition/data-companion-file.html
45,Carbidopa/levodopa/entacapone (Stalevo),,"LIST C of 8 (separate ranking; ranks restart; not comparable with the other lists). OFFICIAL. Individual single-source non-patented medicines, written in the source as ""medicinal ingredient (trade name)"". Ranked by DRUG COST, not by number of prescriptions. PMPRB CompassRx 10th edition data companion, Table 4 ""Top 50 Single-Source Non-Patented Medicines by Drug Cost, NPDUIS Public Drug Plans, 2022/23 ($thousand)"". Public drug plans of BC, AB, SK, MB, ON, NB, NS, PE, NL, YT only (Quebec and NIHB excluded). Dollar values and manufacturers are in the source and are not copied here.",2022/23,https://www.canada.ca/en/patented-medicine-prices-review/services/npduis/analytical-studies/compassrx-10th-edition/data-companion-file.html
46,Fluticasone furoate (Arnuity Ellipta),,"LIST C of 8 (separate ranking; ranks restart; not comparable with the other lists). OFFICIAL. Individual single-source non-patented medicines, written in the source as ""medicinal ingredient (trade name)"". Ranked by DRUG COST, not by number of prescriptions. PMPRB CompassRx 10th edition data companion, Table 4 ""Top 50 Single-Source Non-Patented Medicines by Drug Cost, NPDUIS Public Drug Plans, 2022/23 ($thousand)"". Public drug plans of BC, AB, SK, MB, ON, NB, NS, PE, NL, YT only (Quebec and NIHB excluded). Dollar values and manufacturers are in the source and are not copied here.",2022/23,https://www.canada.ca/en/patented-medicine-prices-review/services/npduis/analytical-studies/compassrx-10th-edition/data-companion-file.html
47,Tobramycin/dexamethasone (Tobradex),,"LIST C of 8 (separate ranking; ranks restart; not comparable with the other lists). OFFICIAL. Individual single-source non-patented medicines, written in the source as ""medicinal ingredient (trade name)"". Ranked by DRUG COST, not by number of prescriptions. PMPRB CompassRx 10th edition data companion, Table 4 ""Top 50 Single-Source Non-Patented Medicines by Drug Cost, NPDUIS Public Drug Plans, 2022/23 ($thousand)"". Public drug plans of BC, AB, SK, MB, ON, NB, NS, PE, NL, YT only (Quebec and NIHB excluded). Dollar values and manufacturers are in the source and are not copied here.",2022/23,https://www.canada.ca/en/patented-medicine-prices-review/services/npduis/analytical-studies/compassrx-10th-edition/data-companion-file.html
48,Zuclopenthixol decanoate (Clopixol),,"LIST C of 8 (separate ranking; ranks restart; not comparable with the other lists). OFFICIAL. Individual single-source non-patented medicines, written in the source as ""medicinal ingredient (trade name)"". Ranked by DRUG COST, not by number of prescriptions. PMPRB CompassRx 10th edition data companion, Table 4 ""Top 50 Single-Source Non-Patented Medicines by Drug Cost, NPDUIS Public Drug Plans, 2022/23 ($thousand)"". Public drug plans of BC, AB, SK, MB, ON, NB, NS, PE, NL, YT only (Quebec and NIHB excluded). Dollar values and manufacturers are in the source and are not copied here.",2022/23,https://www.canada.ca/en/patented-medicine-prices-review/services/npduis/analytical-studies/compassrx-10th-edition/data-companion-file.html
49,Triptorelin (Trelstar),,"LIST C of 8 (separate ranking; ranks restart; not comparable with the other lists). OFFICIAL. Individual single-source non-patented medicines, written in the source as ""medicinal ingredient (trade name)"". Ranked by DRUG COST, not by number of prescriptions. PMPRB CompassRx 10th edition data companion, Table 4 ""Top 50 Single-Source Non-Patented Medicines by Drug Cost, NPDUIS Public Drug Plans, 2022/23 ($thousand)"". Public drug plans of BC, AB, SK, MB, ON, NB, NS, PE, NL, YT only (Quebec and NIHB excluded). Dollar values and manufacturers are in the source and are not copied here.",2022/23,https://www.canada.ca/en/patented-medicine-prices-review/services/npduis/analytical-studies/compassrx-10th-edition/data-companion-file.html
50,Methylprednisolone (Solu-Medrol),,"LIST C of 8 (separate ranking; ranks restart; not comparable with the other lists). OFFICIAL. Individual single-source non-patented medicines, written in the source as ""medicinal ingredient (trade name)"". Ranked by DRUG COST, not by number of prescriptions. PMPRB CompassRx 10th edition data companion, Table 4 ""Top 50 Single-Source Non-Patented Medicines by Drug Cost, NPDUIS Public Drug Plans, 2022/23 ($thousand)"". Public drug plans of BC, AB, SK, MB, ON, NB, NS, PE, NL, YT only (Quebec and NIHB excluded). Dollar values and manufacturers are in the source and are not copied here.",2022/23,https://www.canada.ca/en/patented-medicine-prices-review/services/npduis/analytical-studies/compassrx-10th-edition/data-companion-file.html
1,rosuvastatin calcium,"116,785","LIST D of 8 (separate ranking; ranks restart; not comparable with the other lists). OFFICIAL, ONE PROVINCE. Individual medicines by generic name. Count = number of PharmaCare BENEFICIARIES (a B.C. resident with at least one paid PharmaCare claim during the fiscal year) who received the drug; not a count of prescriptions. BC Ministry of Health, PharmaCare Trends 2023/2024, Table 16 ""Top 10 drugs by number of PharmaCare beneficiaries in 2023/2024"". The table prints no rank numbers; rank is the printed row order.",2023/2024,https://www2.gov.bc.ca/assets/gov/health/health-drug-coverage/pharmacare/pharmacare_trends_2023_2024.pdf
2,amlodipine besylate,"109,898","LIST D of 8 (separate ranking; ranks restart; not comparable with the other lists). OFFICIAL, ONE PROVINCE. Individual medicines by generic name. Count = number of PharmaCare BENEFICIARIES (a B.C. resident with at least one paid PharmaCare claim during the fiscal year) who received the drug; not a count of prescriptions. BC Ministry of Health, PharmaCare Trends 2023/2024, Table 16 ""Top 10 drugs by number of PharmaCare beneficiaries in 2023/2024"". The table prints no rank numbers; rank is the printed row order.",2023/2024,https://www2.gov.bc.ca/assets/gov/health/health-drug-coverage/pharmacare/pharmacare_trends_2023_2024.pdf
3,ramipril,"104,733","LIST D of 8 (separate ranking; ranks restart; not comparable with the other lists). OFFICIAL, ONE PROVINCE. Individual medicines by generic name. Count = number of PharmaCare BENEFICIARIES (a B.C. resident with at least one paid PharmaCare claim during the fiscal year) who received the drug; not a count of prescriptions. BC Ministry of Health, PharmaCare Trends 2023/2024, Table 16 ""Top 10 drugs by number of PharmaCare beneficiaries in 2023/2024"". The table prints no rank numbers; rank is the printed row order.",2023/2024,https://www2.gov.bc.ca/assets/gov/health/health-drug-coverage/pharmacare/pharmacare_trends_2023_2024.pdf
4,atorvastatin calcium,"104,660","LIST D of 8 (separate ranking; ranks restart; not comparable with the other lists). OFFICIAL, ONE PROVINCE. Individual medicines by generic name. Count = number of PharmaCare BENEFICIARIES (a B.C. resident with at least one paid PharmaCare claim during the fiscal year) who received the drug; not a count of prescriptions. BC Ministry of Health, PharmaCare Trends 2023/2024, Table 16 ""Top 10 drugs by number of PharmaCare beneficiaries in 2023/2024"". The table prints no rank numbers; rank is the printed row order.",2023/2024,https://www2.gov.bc.ca/assets/gov/health/health-drug-coverage/pharmacare/pharmacare_trends_2023_2024.pdf
5,metformin hcl,"93,695","LIST D of 8 (separate ranking; ranks restart; not comparable with the other lists). OFFICIAL, ONE PROVINCE. Individual medicines by generic name. Count = number of PharmaCare BENEFICIARIES (a B.C. resident with at least one paid PharmaCare claim during the fiscal year) who received the drug; not a count of prescriptions. BC Ministry of Health, PharmaCare Trends 2023/2024, Table 16 ""Top 10 drugs by number of PharmaCare beneficiaries in 2023/2024"". The table prints no rank numbers; rank is the printed row order.",2023/2024,https://www2.gov.bc.ca/assets/gov/health/health-drug-coverage/pharmacare/pharmacare_trends_2023_2024.pdf
6,levothyroxine sodium,"92,092","LIST D of 8 (separate ranking; ranks restart; not comparable with the other lists). OFFICIAL, ONE PROVINCE. Individual medicines by generic name. Count = number of PharmaCare BENEFICIARIES (a B.C. resident with at least one paid PharmaCare claim during the fiscal year) who received the drug; not a count of prescriptions. BC Ministry of Health, PharmaCare Trends 2023/2024, Table 16 ""Top 10 drugs by number of PharmaCare beneficiaries in 2023/2024"". The table prints no rank numbers; rank is the printed row order.",2023/2024,https://www2.gov.bc.ca/assets/gov/health/health-drug-coverage/pharmacare/pharmacare_trends_2023_2024.pdf
7,salbutamol sulphate,"87,915","LIST D of 8 (separate ranking; ranks restart; not comparable with the other lists). OFFICIAL, ONE PROVINCE. Individual medicines by generic name. Count = number of PharmaCare BENEFICIARIES (a B.C. resident with at least one paid PharmaCare claim during the fiscal year) who received the drug; not a count of prescriptions. BC Ministry of Health, PharmaCare Trends 2023/2024, Table 16 ""Top 10 drugs by number of PharmaCare beneficiaries in 2023/2024"". The table prints no rank numbers; rank is the printed row order.",2023/2024,https://www2.gov.bc.ca/assets/gov/health/health-drug-coverage/pharmacare/pharmacare_trends_2023_2024.pdf
8,levonorgestrel,"85,281","LIST D of 8 (separate ranking; ranks restart; not comparable with the other lists). OFFICIAL, ONE PROVINCE. Individual medicines by generic name. Count = number of PharmaCare BENEFICIARIES (a B.C. resident with at least one paid PharmaCare claim during the fiscal year) who received the drug; not a count of prescriptions. BC Ministry of Health, PharmaCare Trends 2023/2024, Table 16 ""Top 10 drugs by number of PharmaCare beneficiaries in 2023/2024"". The table prints no rank numbers; rank is the printed row order.",2023/2024,https://www2.gov.bc.ca/assets/gov/health/health-drug-coverage/pharmacare/pharmacare_trends_2023_2024.pdf
9,amoxicillin,"80,546","LIST D of 8 (separate ranking; ranks restart; not comparable with the other lists). OFFICIAL, ONE PROVINCE. Individual medicines by generic name. Count = number of PharmaCare BENEFICIARIES (a B.C. resident with at least one paid PharmaCare claim during the fiscal year) who received the drug; not a count of prescriptions. BC Ministry of Health, PharmaCare Trends 2023/2024, Table 16 ""Top 10 drugs by number of PharmaCare beneficiaries in 2023/2024"". The table prints no rank numbers; rank is the printed row order.",2023/2024,https://www2.gov.bc.ca/assets/gov/health/health-drug-coverage/pharmacare/pharmacare_trends_2023_2024.pdf
10,levonorgestrel/ethinyl estradiol,"69,667","LIST D of 8 (separate ranking; ranks restart; not comparable with the other lists). OFFICIAL, ONE PROVINCE. Individual medicines by generic name. Count = number of PharmaCare BENEFICIARIES (a B.C. resident with at least one paid PharmaCare claim during the fiscal year) who received the drug; not a count of prescriptions. BC Ministry of Health, PharmaCare Trends 2023/2024, Table 16 ""Top 10 drugs by number of PharmaCare beneficiaries in 2023/2024"". The table prints no rank numbers; rank is the printed row order.",2023/2024,https://www2.gov.bc.ca/assets/gov/health/health-drug-coverage/pharmacare/pharmacare_trends_2023_2024.pdf
1,adalimumab,,"LIST E of 8 (separate ranking; ranks restart; not comparable with the other lists). OFFICIAL, ONE PROVINCE. Individual medicines by generic name. Ranked by PharmaCare EXPENDITURE (amounts paid to pharmacies for ingredient cost and dispensing fees), not by number of prescriptions. BC Ministry of Health, PharmaCare Trends 2023/2024, Table 15 ""Top 10 drugs by PharmaCare expenditure in 2023/2024"". The table prints no rank numbers; rank is the printed row order. Dollar values are in the source and are not copied here.",2023/2024,https://www2.gov.bc.ca/assets/gov/health/health-drug-coverage/pharmacare/pharmacare_trends_2023_2024.pdf
2,vedolizumab,,"LIST E of 8 (separate ranking; ranks restart; not comparable with the other lists). OFFICIAL, ONE PROVINCE. Individual medicines by generic name. Ranked by PharmaCare EXPENDITURE (amounts paid to pharmacies for ingredient cost and dispensing fees), not by number of prescriptions. BC Ministry of Health, PharmaCare Trends 2023/2024, Table 15 ""Top 10 drugs by PharmaCare expenditure in 2023/2024"". The table prints no rank numbers; rank is the printed row order. Dollar values are in the source and are not copied here.",2023/2024,https://www2.gov.bc.ca/assets/gov/health/health-drug-coverage/pharmacare/pharmacare_trends_2023_2024.pdf
3,infliximab,,"LIST E of 8 (separate ranking; ranks restart; not comparable with the other lists). OFFICIAL, ONE PROVINCE. Individual medicines by generic name. Ranked by PharmaCare EXPENDITURE (amounts paid to pharmacies for ingredient cost and dispensing fees), not by number of prescriptions. BC Ministry of Health, PharmaCare Trends 2023/2024, Table 15 ""Top 10 drugs by PharmaCare expenditure in 2023/2024"". The table prints no rank numbers; rank is the printed row order. Dollar values are in the source and are not copied here.",2023/2024,https://www2.gov.bc.ca/assets/gov/health/health-drug-coverage/pharmacare/pharmacare_trends_2023_2024.pdf
4,semaglutide,,"LIST E of 8 (separate ranking; ranks restart; not comparable with the other lists). OFFICIAL, ONE PROVINCE. Individual medicines by generic name. Ranked by PharmaCare EXPENDITURE (amounts paid to pharmacies for ingredient cost and dispensing fees), not by number of prescriptions. BC Ministry of Health, PharmaCare Trends 2023/2024, Table 15 ""Top 10 drugs by PharmaCare expenditure in 2023/2024"". The table prints no rank numbers; rank is the printed row order. Dollar values are in the source and are not copied here.",2023/2024,https://www2.gov.bc.ca/assets/gov/health/health-drug-coverage/pharmacare/pharmacare_trends_2023_2024.pdf
5,sofosbuvir/velpatasvir,,"LIST E of 8 (separate ranking; ranks restart; not comparable with the other lists). OFFICIAL, ONE PROVINCE. Individual medicines by generic name. Ranked by PharmaCare EXPENDITURE (amounts paid to pharmacies for ingredient cost and dispensing fees), not by number of prescriptions. BC Ministry of Health, PharmaCare Trends 2023/2024, Table 15 ""Top 10 drugs by PharmaCare expenditure in 2023/2024"". The table prints no rank numbers; rank is the printed row order. Dollar values are in the source and are not copied here.",2023/2024,https://www2.gov.bc.ca/assets/gov/health/health-drug-coverage/pharmacare/pharmacare_trends_2023_2024.pdf
6,morphine,,"LIST E of 8 (separate ranking; ranks restart; not comparable with the other lists). OFFICIAL, ONE PROVINCE. Individual medicines by generic name. Ranked by PharmaCare EXPENDITURE (amounts paid to pharmacies for ingredient cost and dispensing fees), not by number of prescriptions. BC Ministry of Health, PharmaCare Trends 2023/2024, Table 15 ""Top 10 drugs by PharmaCare expenditure in 2023/2024"". The table prints no rank numbers; rank is the printed row order. Dollar values are in the source and are not copied here.",2023/2024,https://www2.gov.bc.ca/assets/gov/health/health-drug-coverage/pharmacare/pharmacare_trends_2023_2024.pdf
7,paliperidone palmitate,,"LIST E of 8 (separate ranking; ranks restart; not comparable with the other lists). OFFICIAL, ONE PROVINCE. Individual medicines by generic name. Ranked by PharmaCare EXPENDITURE (amounts paid to pharmacies for ingredient cost and dispensing fees), not by number of prescriptions. BC Ministry of Health, PharmaCare Trends 2023/2024, Table 15 ""Top 10 drugs by PharmaCare expenditure in 2023/2024"". The table prints no rank numbers; rank is the printed row order. Dollar values are in the source and are not copied here.",2023/2024,https://www2.gov.bc.ca/assets/gov/health/health-drug-coverage/pharmacare/pharmacare_trends_2023_2024.pdf
8,methadone,,"LIST E of 8 (separate ranking; ranks restart; not comparable with the other lists). OFFICIAL, ONE PROVINCE. Individual medicines by generic name. Ranked by PharmaCare EXPENDITURE (amounts paid to pharmacies for ingredient cost and dispensing fees), not by number of prescriptions. BC Ministry of Health, PharmaCare Trends 2023/2024, Table 15 ""Top 10 drugs by PharmaCare expenditure in 2023/2024"". The table prints no rank numbers; rank is the printed row order. Dollar values are in the source and are not copied here.",2023/2024,https://www2.gov.bc.ca/assets/gov/health/health-drug-coverage/pharmacare/pharmacare_trends_2023_2024.pdf
9,aripiprazole,,"LIST E of 8 (separate ranking; ranks restart; not comparable with the other lists). OFFICIAL, ONE PROVINCE. Individual medicines by generic name. Ranked by PharmaCare EXPENDITURE (amounts paid to pharmacies for ingredient cost and dispensing fees), not by number of prescriptions. BC Ministry of Health, PharmaCare Trends 2023/2024, Table 15 ""Top 10 drugs by PharmaCare expenditure in 2023/2024"". The table prints no rank numbers; rank is the printed row order. Dollar values are in the source and are not copied here.",2023/2024,https://www2.gov.bc.ca/assets/gov/health/health-drug-coverage/pharmacare/pharmacare_trends_2023_2024.pdf
10,glecaprevir/pibrentasvir,,"LIST E of 8 (separate ranking; ranks restart; not comparable with the other lists). OFFICIAL, ONE PROVINCE. Individual medicines by generic name. Ranked by PharmaCare EXPENDITURE (amounts paid to pharmacies for ingredient cost and dispensing fees), not by number of prescriptions. BC Ministry of Health, PharmaCare Trends 2023/2024, Table 15 ""Top 10 drugs by PharmaCare expenditure in 2023/2024"". The table prints no rank numbers; rank is the printed row order. Dollar values are in the source and are not copied here.",2023/2024,https://www2.gov.bc.ca/assets/gov/health/health-drug-coverage/pharmacare/pharmacare_trends_2023_2024.pdf
1,Penicillins,"170,086","LIST F of 8 (separate ranking; ranks restart; not comparable with the other lists). OFFICIAL, ONE FEDERAL PROGRAM. THERAPEUTIC CLASSES, not individual medicines. Count = number of CLAIMANTS in the Non-Insured Health Benefits (First Nations and Inuit) pharmacy benefit; not a count of prescriptions. Indigenous Services Canada, NIHB Annual report 2023 to 2024, Table 4.5 ""NIHB Top ten therapeutic classes by number of claimants: 2023 to 2024"". Rank is the printed row order.",2023 to 2024,https://www.sac-isc.gc.ca/eng/1742411301706/1742411337714
2,Antidepressants,"126,254","LIST F of 8 (separate ranking; ranks restart; not comparable with the other lists). OFFICIAL, ONE FEDERAL PROGRAM. THERAPEUTIC CLASSES, not individual medicines. Count = number of CLAIMANTS in the Non-Insured Health Benefits (First Nations and Inuit) pharmacy benefit; not a count of prescriptions. Indigenous Services Canada, NIHB Annual report 2023 to 2024, Table 4.5 ""NIHB Top ten therapeutic classes by number of claimants: 2023 to 2024"". Rank is the printed row order.",2023 to 2024,https://www.sac-isc.gc.ca/eng/1742411301706/1742411337714
3,Proton Pump Inhibitors,"114,743","LIST F of 8 (separate ranking; ranks restart; not comparable with the other lists). OFFICIAL, ONE FEDERAL PROGRAM. THERAPEUTIC CLASSES, not individual medicines. Count = number of CLAIMANTS in the Non-Insured Health Benefits (First Nations and Inuit) pharmacy benefit; not a count of prescriptions. Indigenous Services Canada, NIHB Annual report 2023 to 2024, Table 4.5 ""NIHB Top ten therapeutic classes by number of claimants: 2023 to 2024"". Rank is the printed row order.",2023 to 2024,https://www.sac-isc.gc.ca/eng/1742411301706/1742411337714
4,Non-Steroidal Anti-Inflammatory Drugs (NSAID),"108,260","LIST F of 8 (separate ranking; ranks restart; not comparable with the other lists). OFFICIAL, ONE FEDERAL PROGRAM. THERAPEUTIC CLASSES, not individual medicines. Count = number of CLAIMANTS in the Non-Insured Health Benefits (First Nations and Inuit) pharmacy benefit; not a count of prescriptions. Indigenous Services Canada, NIHB Annual report 2023 to 2024, Table 4.5 ""NIHB Top ten therapeutic classes by number of claimants: 2023 to 2024"". Rank is the printed row order.",2023 to 2024,https://www.sac-isc.gc.ca/eng/1742411301706/1742411337714
5,Beta-Adrenergic Agonists,"96,097","LIST F of 8 (separate ranking; ranks restart; not comparable with the other lists). OFFICIAL, ONE FEDERAL PROGRAM. THERAPEUTIC CLASSES, not individual medicines. Count = number of CLAIMANTS in the Non-Insured Health Benefits (First Nations and Inuit) pharmacy benefit; not a count of prescriptions. Indigenous Services Canada, NIHB Annual report 2023 to 2024, Table 4.5 ""NIHB Top ten therapeutic classes by number of claimants: 2023 to 2024"". Rank is the printed row order.",2023 to 2024,https://www.sac-isc.gc.ca/eng/1742411301706/1742411337714
6,Opioid Agonists,"90,621","LIST F of 8 (separate ranking; ranks restart; not comparable with the other lists). OFFICIAL, ONE FEDERAL PROGRAM. THERAPEUTIC CLASSES, not individual medicines. Count = number of CLAIMANTS in the Non-Insured Health Benefits (First Nations and Inuit) pharmacy benefit; not a count of prescriptions. Indigenous Services Canada, NIHB Annual report 2023 to 2024, Table 4.5 ""NIHB Top ten therapeutic classes by number of claimants: 2023 to 2024"". Rank is the printed row order.",2023 to 2024,https://www.sac-isc.gc.ca/eng/1742411301706/1742411337714
7,HMG-COA Reductase Inhibitors (Statins),"87,305","LIST F of 8 (separate ranking; ranks restart; not comparable with the other lists). OFFICIAL, ONE FEDERAL PROGRAM. THERAPEUTIC CLASSES, not individual medicines. Count = number of CLAIMANTS in the Non-Insured Health Benefits (First Nations and Inuit) pharmacy benefit; not a count of prescriptions. Indigenous Services Canada, NIHB Annual report 2023 to 2024, Table 4.5 ""NIHB Top ten therapeutic classes by number of claimants: 2023 to 2024"". Rank is the printed row order.",2023 to 2024,https://www.sac-isc.gc.ca/eng/1742411301706/1742411337714
8,Adrenals,"81,763","LIST F of 8 (separate ranking; ranks restart; not comparable with the other lists). OFFICIAL, ONE FEDERAL PROGRAM. THERAPEUTIC CLASSES, not individual medicines. Count = number of CLAIMANTS in the Non-Insured Health Benefits (First Nations and Inuit) pharmacy benefit; not a count of prescriptions. Indigenous Services Canada, NIHB Annual report 2023 to 2024, Table 4.5 ""NIHB Top ten therapeutic classes by number of claimants: 2023 to 2024"". Rank is the printed row order.",2023 to 2024,https://www.sac-isc.gc.ca/eng/1742411301706/1742411337714
9,Cephalosporins,"77,245","LIST F of 8 (separate ranking; ranks restart; not comparable with the other lists). OFFICIAL, ONE FEDERAL PROGRAM. THERAPEUTIC CLASSES, not individual medicines. Count = number of CLAIMANTS in the Non-Insured Health Benefits (First Nations and Inuit) pharmacy benefit; not a count of prescriptions. Indigenous Services Canada, NIHB Annual report 2023 to 2024, Table 4.5 ""NIHB Top ten therapeutic classes by number of claimants: 2023 to 2024"". Rank is the printed row order.",2023 to 2024,https://www.sac-isc.gc.ca/eng/1742411301706/1742411337714
10,Angiotensin-Converting Enzyme Inhibitors,"73,071","LIST F of 8 (separate ranking; ranks restart; not comparable with the other lists). OFFICIAL, ONE FEDERAL PROGRAM. THERAPEUTIC CLASSES, not individual medicines. Count = number of CLAIMANTS in the Non-Insured Health Benefits (First Nations and Inuit) pharmacy benefit; not a count of prescriptions. Indigenous Services Canada, NIHB Annual report 2023 to 2024, Table 4.5 ""NIHB Top ten therapeutic classes by number of claimants: 2023 to 2024"". Rank is the printed row order.",2023 to 2024,https://www.sac-isc.gc.ca/eng/1742411301706/1742411337714
1,SYNTHROID,"17,874","LIST G of 8 (separate ranking; ranks restart; not comparable with the other lists). SECONDARY - COMMERCIAL (IQVIA, CompuScript; not an official source). PRODUCTS by the name the product is dispensed under (brand or manufacturer-prefixed generic), not molecules. Count = total PRESCRIPTIONS in THOUSANDS, 2025: estimated prescriptions dispensed in Canadian retail pharmacies (excludes hospitals; includes new and refills), ethical market only. IQVIA ""Pharmaceutical Trends: Top 20 Dispensed Drugs in Canada, 2025"". This is the only ranking by number of prescriptions that was found.",2025,https://www.iqvia.com/-/media/iqvia/pdfs/canada/2025-trends/english/top20dispensed_25.pdf
2,D-TABS,"9,947","LIST G of 8 (separate ranking; ranks restart; not comparable with the other lists). SECONDARY - COMMERCIAL (IQVIA, CompuScript; not an official source). PRODUCTS by the name the product is dispensed under (brand or manufacturer-prefixed generic), not molecules. Count = total PRESCRIPTIONS in THOUSANDS, 2025: estimated prescriptions dispensed in Canadian retail pharmacies (excludes hospitals; includes new and refills), ethical market only. IQVIA ""Pharmaceutical Trends: Top 20 Dispensed Drugs in Canada, 2025"". This is the only ranking by number of prescriptions that was found.",2025,https://www.iqvia.com/-/media/iqvia/pdfs/canada/2025-trends/english/top20dispensed_25.pdf
3,OZEMPIC,"7,956","LIST G of 8 (separate ranking; ranks restart; not comparable with the other lists). SECONDARY - COMMERCIAL (IQVIA, CompuScript; not an official source). PRODUCTS by the name the product is dispensed under (brand or manufacturer-prefixed generic), not molecules. Count = total PRESCRIPTIONS in THOUSANDS, 2025: estimated prescriptions dispensed in Canadian retail pharmacies (excludes hospitals; includes new and refills), ethical market only. IQVIA ""Pharmaceutical Trends: Top 20 Dispensed Drugs in Canada, 2025"". This is the only ranking by number of prescriptions that was found.",2025,https://www.iqvia.com/-/media/iqvia/pdfs/canada/2025-trends/english/top20dispensed_25.pdf
4,JARDIANCE,"6,858","LIST G of 8 (separate ranking; ranks restart; not comparable with the other lists). SECONDARY - COMMERCIAL (IQVIA, CompuScript; not an official source). PRODUCTS by the name the product is dispensed under (brand or manufacturer-prefixed generic), not molecules. Count = total PRESCRIPTIONS in THOUSANDS, 2025: estimated prescriptions dispensed in Canadian retail pharmacies (excludes hospitals; includes new and refills), ethical market only. IQVIA ""Pharmaceutical Trends: Top 20 Dispensed Drugs in Canada, 2025"". This is the only ranking by number of prescriptions that was found.",2025,https://www.iqvia.com/-/media/iqvia/pdfs/canada/2025-trends/english/top20dispensed_25.pdf
5,PMS-ROSUVASTATIN,"6,417","LIST G of 8 (separate ranking; ranks restart; not comparable with the other lists). SECONDARY - COMMERCIAL (IQVIA, CompuScript; not an official source). PRODUCTS by the name the product is dispensed under (brand or manufacturer-prefixed generic), not molecules. Count = total PRESCRIPTIONS in THOUSANDS, 2025: estimated prescriptions dispensed in Canadian retail pharmacies (excludes hospitals; includes new and refills), ethical market only. IQVIA ""Pharmaceutical Trends: Top 20 Dispensed Drugs in Canada, 2025"". This is the only ranking by number of prescriptions that was found.",2025,https://www.iqvia.com/-/media/iqvia/pdfs/canada/2025-trends/english/top20dispensed_25.pdf
6,ROSUVASTATIN,"6,094","LIST G of 8 (separate ranking; ranks restart; not comparable with the other lists). SECONDARY - COMMERCIAL (IQVIA, CompuScript; not an official source). PRODUCTS by the name the product is dispensed under (brand or manufacturer-prefixed generic), not molecules. Count = total PRESCRIPTIONS in THOUSANDS, 2025: estimated prescriptions dispensed in Canadian retail pharmacies (excludes hospitals; includes new and refills), ethical market only. IQVIA ""Pharmaceutical Trends: Top 20 Dispensed Drugs in Canada, 2025"". This is the only ranking by number of prescriptions that was found.",2025,https://www.iqvia.com/-/media/iqvia/pdfs/canada/2025-trends/english/top20dispensed_25.pdf
7,SANDOZ-BISOPROLOL,"5,888","LIST G of 8 (separate ranking; ranks restart; not comparable with the other lists). SECONDARY - COMMERCIAL (IQVIA, CompuScript; not an official source). PRODUCTS by the name the product is dispensed under (brand or manufacturer-prefixed generic), not molecules. Count = total PRESCRIPTIONS in THOUSANDS, 2025: estimated prescriptions dispensed in Canadian retail pharmacies (excludes hospitals; includes new and refills), ethical market only. IQVIA ""Pharmaceutical Trends: Top 20 Dispensed Drugs in Canada, 2025"". This is the only ranking by number of prescriptions that was found.",2025,https://www.iqvia.com/-/media/iqvia/pdfs/canada/2025-trends/english/top20dispensed_25.pdf
8,ODAN-METHADONE,"5,798","LIST G of 8 (separate ranking; ranks restart; not comparable with the other lists). SECONDARY - COMMERCIAL (IQVIA, CompuScript; not an official source). PRODUCTS by the name the product is dispensed under (brand or manufacturer-prefixed generic), not molecules. Count = total PRESCRIPTIONS in THOUSANDS, 2025: estimated prescriptions dispensed in Canadian retail pharmacies (excludes hospitals; includes new and refills), ethical market only. IQVIA ""Pharmaceutical Trends: Top 20 Dispensed Drugs in Canada, 2025"". This is the only ranking by number of prescriptions that was found.",2025,https://www.iqvia.com/-/media/iqvia/pdfs/canada/2025-trends/english/top20dispensed_25.pdf
9,METHADOSE,"5,672","LIST G of 8 (separate ranking; ranks restart; not comparable with the other lists). SECONDARY - COMMERCIAL (IQVIA, CompuScript; not an official source). PRODUCTS by the name the product is dispensed under (brand or manufacturer-prefixed generic), not molecules. Count = total PRESCRIPTIONS in THOUSANDS, 2025: estimated prescriptions dispensed in Canadian retail pharmacies (excludes hospitals; includes new and refills), ethical market only. IQVIA ""Pharmaceutical Trends: Top 20 Dispensed Drugs in Canada, 2025"". This is the only ranking by number of prescriptions that was found.",2025,https://www.iqvia.com/-/media/iqvia/pdfs/canada/2025-trends/english/top20dispensed_25.pdf
10,SANDOZ-AMLODIPINE,"4,563","LIST G of 8 (separate ranking; ranks restart; not comparable with the other lists). SECONDARY - COMMERCIAL (IQVIA, CompuScript; not an official source). PRODUCTS by the name the product is dispensed under (brand or manufacturer-prefixed generic), not molecules. Count = total PRESCRIPTIONS in THOUSANDS, 2025: estimated prescriptions dispensed in Canadian retail pharmacies (excludes hospitals; includes new and refills), ethical market only. IQVIA ""Pharmaceutical Trends: Top 20 Dispensed Drugs in Canada, 2025"". This is the only ranking by number of prescriptions that was found.",2025,https://www.iqvia.com/-/media/iqvia/pdfs/canada/2025-trends/english/top20dispensed_25.pdf
11,AMLODIPINE,"4,453","LIST G of 8 (separate ranking; ranks restart; not comparable with the other lists). SECONDARY - COMMERCIAL (IQVIA, CompuScript; not an official source). PRODUCTS by the name the product is dispensed under (brand or manufacturer-prefixed generic), not molecules. Count = total PRESCRIPTIONS in THOUSANDS, 2025: estimated prescriptions dispensed in Canadian retail pharmacies (excludes hospitals; includes new and refills), ethical market only. IQVIA ""Pharmaceutical Trends: Top 20 Dispensed Drugs in Canada, 2025"". This is the only ranking by number of prescriptions that was found.",2025,https://www.iqvia.com/-/media/iqvia/pdfs/canada/2025-trends/english/top20dispensed_25.pdf
12,JAMP VITAMIN B12,"4,135","LIST G of 8 (separate ranking; ranks restart; not comparable with the other lists). SECONDARY - COMMERCIAL (IQVIA, CompuScript; not an official source). PRODUCTS by the name the product is dispensed under (brand or manufacturer-prefixed generic), not molecules. Count = total PRESCRIPTIONS in THOUSANDS, 2025: estimated prescriptions dispensed in Canadian retail pharmacies (excludes hospitals; includes new and refills), ethical market only. IQVIA ""Pharmaceutical Trends: Top 20 Dispensed Drugs in Canada, 2025"". This is the only ranking by number of prescriptions that was found.",2025,https://www.iqvia.com/-/media/iqvia/pdfs/canada/2025-trends/english/top20dispensed_25.pdf
13,SANDOZ-CANDESARTAN,"3,979","LIST G of 8 (separate ranking; ranks restart; not comparable with the other lists). SECONDARY - COMMERCIAL (IQVIA, CompuScript; not an official source). PRODUCTS by the name the product is dispensed under (brand or manufacturer-prefixed generic), not molecules. Count = total PRESCRIPTIONS in THOUSANDS, 2025: estimated prescriptions dispensed in Canadian retail pharmacies (excludes hospitals; includes new and refills), ethical market only. IQVIA ""Pharmaceutical Trends: Top 20 Dispensed Drugs in Canada, 2025"". This is the only ranking by number of prescriptions that was found.",2025,https://www.iqvia.com/-/media/iqvia/pdfs/canada/2025-trends/english/top20dispensed_25.pdf
14,CALCIUM,"3,809","LIST G of 8 (separate ranking; ranks restart; not comparable with the other lists). SECONDARY - COMMERCIAL (IQVIA, CompuScript; not an official source). PRODUCTS by the name the product is dispensed under (brand or manufacturer-prefixed generic), not molecules. Count = total PRESCRIPTIONS in THOUSANDS, 2025: estimated prescriptions dispensed in Canadian retail pharmacies (excludes hospitals; includes new and refills), ethical market only. IQVIA ""Pharmaceutical Trends: Top 20 Dispensed Drugs in Canada, 2025"". This is the only ranking by number of prescriptions that was found.",2025,https://www.iqvia.com/-/media/iqvia/pdfs/canada/2025-trends/english/top20dispensed_25.pdf
15,APO-LEVOTHYROXINE,"3,755","LIST G of 8 (separate ranking; ranks restart; not comparable with the other lists). SECONDARY - COMMERCIAL (IQVIA, CompuScript; not an official source). PRODUCTS by the name the product is dispensed under (brand or manufacturer-prefixed generic), not molecules. Count = total PRESCRIPTIONS in THOUSANDS, 2025: estimated prescriptions dispensed in Canadian retail pharmacies (excludes hospitals; includes new and refills), ethical market only. IQVIA ""Pharmaceutical Trends: Top 20 Dispensed Drugs in Canada, 2025"". This is the only ranking by number of prescriptions that was found.",2025,https://www.iqvia.com/-/media/iqvia/pdfs/canada/2025-trends/english/top20dispensed_25.pdf
16,ACETAMINOPHEN,"3,685","LIST G of 8 (separate ranking; ranks restart; not comparable with the other lists). SECONDARY - COMMERCIAL (IQVIA, CompuScript; not an official source). PRODUCTS by the name the product is dispensed under (brand or manufacturer-prefixed generic), not molecules. Count = total PRESCRIPTIONS in THOUSANDS, 2025: estimated prescriptions dispensed in Canadian retail pharmacies (excludes hospitals; includes new and refills), ethical market only. IQVIA ""Pharmaceutical Trends: Top 20 Dispensed Drugs in Canada, 2025"". This is the only ranking by number of prescriptions that was found.",2025,https://www.iqvia.com/-/media/iqvia/pdfs/canada/2025-trends/english/top20dispensed_25.pdf
17,TEVA SALBTAMOL HFA,"3,648","LIST G of 8 (separate ranking; ranks restart; not comparable with the other lists). SECONDARY - COMMERCIAL (IQVIA, CompuScript; not an official source). PRODUCTS by the name the product is dispensed under (brand or manufacturer-prefixed generic), not molecules. Count = total PRESCRIPTIONS in THOUSANDS, 2025: estimated prescriptions dispensed in Canadian retail pharmacies (excludes hospitals; includes new and refills), ethical market only. IQVIA ""Pharmaceutical Trends: Top 20 Dispensed Drugs in Canada, 2025"". This is the only ranking by number of prescriptions that was found.",2025,https://www.iqvia.com/-/media/iqvia/pdfs/canada/2025-trends/english/top20dispensed_25.pdf
18,KADIAN,"3,513","LIST G of 8 (separate ranking; ranks restart; not comparable with the other lists). SECONDARY - COMMERCIAL (IQVIA, CompuScript; not an official source). PRODUCTS by the name the product is dispensed under (brand or manufacturer-prefixed generic), not molecules. Count = total PRESCRIPTIONS in THOUSANDS, 2025: estimated prescriptions dispensed in Canadian retail pharmacies (excludes hospitals; includes new and refills), ethical market only. IQVIA ""Pharmaceutical Trends: Top 20 Dispensed Drugs in Canada, 2025"". This is the only ranking by number of prescriptions that was found.",2025,https://www.iqvia.com/-/media/iqvia/pdfs/canada/2025-trends/english/top20dispensed_25.pdf
19,DEXILANT,"3,395","LIST G of 8 (separate ranking; ranks restart; not comparable with the other lists). SECONDARY - COMMERCIAL (IQVIA, CompuScript; not an official source). PRODUCTS by the name the product is dispensed under (brand or manufacturer-prefixed generic), not molecules. Count = total PRESCRIPTIONS in THOUSANDS, 2025: estimated prescriptions dispensed in Canadian retail pharmacies (excludes hospitals; includes new and refills), ethical market only. IQVIA ""Pharmaceutical Trends: Top 20 Dispensed Drugs in Canada, 2025"". This is the only ranking by number of prescriptions that was found.",2025,https://www.iqvia.com/-/media/iqvia/pdfs/canada/2025-trends/english/top20dispensed_25.pdf
20,PMS-HYDROMORPHONE,"3,363","LIST G of 8 (separate ranking; ranks restart; not comparable with the other lists). SECONDARY - COMMERCIAL (IQVIA, CompuScript; not an official source). PRODUCTS by the name the product is dispensed under (brand or manufacturer-prefixed generic), not molecules. Count = total PRESCRIPTIONS in THOUSANDS, 2025: estimated prescriptions dispensed in Canadian retail pharmacies (excludes hospitals; includes new and refills), ethical market only. IQVIA ""Pharmaceutical Trends: Top 20 Dispensed Drugs in Canada, 2025"". This is the only ranking by number of prescriptions that was found.",2025,https://www.iqvia.com/-/media/iqvia/pdfs/canada/2025-trends/english/top20dispensed_25.pdf
1,Psychotherapeutics,"127,628","LIST H of 8 (separate ranking; ranks restart; not comparable with the other lists). SECONDARY - COMMERCIAL (IQVIA, CompuScript; not an official source). THERAPEUTIC CLASSES, not individual medicines. Count = total PRESCRIPTIONS in THOUSANDS, 2025: estimated prescriptions dispensed in Canadian retail pharmacies (includes new and refills). IQVIA ""Pharmaceutical Trends: Top 10 Therapeutic Classes in Canada, 2025"".",2025,https://www.iqvia.com/-/media/iqvia/pdfs/canada/2025-trends/english/top10therapeuticclasses_25.pdf
2,Cardiovasculars,"113,613","LIST H of 8 (separate ranking; ranks restart; not comparable with the other lists). SECONDARY - COMMERCIAL (IQVIA, CompuScript; not an official source). THERAPEUTIC CLASSES, not individual medicines. Count = total PRESCRIPTIONS in THOUSANDS, 2025: estimated prescriptions dispensed in Canadian retail pharmacies (includes new and refills). IQVIA ""Pharmaceutical Trends: Top 10 Therapeutic Classes in Canada, 2025"".",2025,https://www.iqvia.com/-/media/iqvia/pdfs/canada/2025-trends/english/top10therapeuticclasses_25.pdf
3,Antihyperlipidemic agents,"64,187","LIST H of 8 (separate ranking; ranks restart; not comparable with the other lists). SECONDARY - COMMERCIAL (IQVIA, CompuScript; not an official source). THERAPEUTIC CLASSES, not individual medicines. Count = total PRESCRIPTIONS in THOUSANDS, 2025: estimated prescriptions dispensed in Canadian retail pharmacies (includes new and refills). IQVIA ""Pharmaceutical Trends: Top 10 Therapeutic Classes in Canada, 2025"".",2025,https://www.iqvia.com/-/media/iqvia/pdfs/canada/2025-trends/english/top10therapeuticclasses_25.pdf
4,Diabetes therapy,"60,404","LIST H of 8 (separate ranking; ranks restart; not comparable with the other lists). SECONDARY - COMMERCIAL (IQVIA, CompuScript; not an official source). THERAPEUTIC CLASSES, not individual medicines. Count = total PRESCRIPTIONS in THOUSANDS, 2025: estimated prescriptions dispensed in Canadian retail pharmacies (includes new and refills). IQVIA ""Pharmaceutical Trends: Top 10 Therapeutic Classes in Canada, 2025"".",2025,https://www.iqvia.com/-/media/iqvia/pdfs/canada/2025-trends/english/top10therapeuticclasses_25.pdf
5,Gastrointestinal,"49,028","LIST H of 8 (separate ranking; ranks restart; not comparable with the other lists). SECONDARY - COMMERCIAL (IQVIA, CompuScript; not an official source). THERAPEUTIC CLASSES, not individual medicines. Count = total PRESCRIPTIONS in THOUSANDS, 2025: estimated prescriptions dispensed in Canadian retail pharmacies (includes new and refills). IQVIA ""Pharmaceutical Trends: Top 10 Therapeutic Classes in Canada, 2025"".",2025,https://www.iqvia.com/-/media/iqvia/pdfs/canada/2025-trends/english/top10therapeuticclasses_25.pdf
6,Analgesics,"47,281","LIST H of 8 (separate ranking; ranks restart; not comparable with the other lists). SECONDARY - COMMERCIAL (IQVIA, CompuScript; not an official source). THERAPEUTIC CLASSES, not individual medicines. Count = total PRESCRIPTIONS in THOUSANDS, 2025: estimated prescriptions dispensed in Canadian retail pharmacies (includes new and refills). IQVIA ""Pharmaceutical Trends: Top 10 Therapeutic Classes in Canada, 2025"".",2025,https://www.iqvia.com/-/media/iqvia/pdfs/canada/2025-trends/english/top10therapeuticclasses_25.pdf
7,Neurological disorders,"45,101","LIST H of 8 (separate ranking; ranks restart; not comparable with the other lists). SECONDARY - COMMERCIAL (IQVIA, CompuScript; not an official source). THERAPEUTIC CLASSES, not individual medicines. Count = total PRESCRIPTIONS in THOUSANDS, 2025: estimated prescriptions dispensed in Canadian retail pharmacies (includes new and refills). IQVIA ""Pharmaceutical Trends: Top 10 Therapeutic Classes in Canada, 2025"".",2025,https://www.iqvia.com/-/media/iqvia/pdfs/canada/2025-trends/english/top10therapeuticclasses_25.pdf
8,Hormones,"28,918","LIST H of 8 (separate ranking; ranks restart; not comparable with the other lists). SECONDARY - COMMERCIAL (IQVIA, CompuScript; not an official source). THERAPEUTIC CLASSES, not individual medicines. Count = total PRESCRIPTIONS in THOUSANDS, 2025: estimated prescriptions dispensed in Canadian retail pharmacies (includes new and refills). IQVIA ""Pharmaceutical Trends: Top 10 Therapeutic Classes in Canada, 2025"".",2025,https://www.iqvia.com/-/media/iqvia/pdfs/canada/2025-trends/english/top10therapeuticclasses_25.pdf
9,Genitourinary,"27,725","LIST H of 8 (separate ranking; ranks restart; not comparable with the other lists). SECONDARY - COMMERCIAL (IQVIA, CompuScript; not an official source). THERAPEUTIC CLASSES, not individual medicines. Count = total PRESCRIPTIONS in THOUSANDS, 2025: estimated prescriptions dispensed in Canadian retail pharmacies (includes new and refills). IQVIA ""Pharmaceutical Trends: Top 10 Therapeutic Classes in Canada, 2025"".",2025,https://www.iqvia.com/-/media/iqvia/pdfs/canada/2025-trends/english/top10therapeuticclasses_25.pdf
10,Vitamins,"26,379","LIST H of 8 (separate ranking; ranks restart; not comparable with the other lists). SECONDARY - COMMERCIAL (IQVIA, CompuScript; not an official source). THERAPEUTIC CLASSES, not individual medicines. Count = total PRESCRIPTIONS in THOUSANDS, 2025: estimated prescriptions dispensed in Canadian retail pharmacies (includes new and refills). IQVIA ""Pharmaceutical Trends: Top 10 Therapeutic Classes in Canada, 2025"".",2025,https://www.iqvia.com/-/media/iqvia/pdfs/canada/2025-trends/english/top10therapeuticclasses_25.pdf
