rank,name_as_in_source,count_if_given,what_is_counted,data_year,source_url
1,Atorvastatin,"115,678,209","BLOCK 1 of 3 - SECONDARY (ClinCalc DrugStats 'The Top 300 of 2024', derived from the AHRQ MEPS Prescribed Medicines file): estimated total US outpatient prescriptions in 2024, source column 'Total Prescriptions (2024)'; all payers, general outpatient; ranks 1-250 of the 300 the source publishes",2024,https://clincalc.com/DrugStats/Top300Drugs.aspx
2,Levothyroxine,"82,380,627","BLOCK 1 of 3 - SECONDARY (ClinCalc DrugStats 'The Top 300 of 2024', derived from the AHRQ MEPS Prescribed Medicines file): estimated total US outpatient prescriptions in 2024, source column 'Total Prescriptions (2024)'; all payers, general outpatient; ranks 1-250 of the 300 the source publishes",2024,https://clincalc.com/DrugStats/Top300Drugs.aspx
3,Metformin,"82,288,616","BLOCK 1 of 3 - SECONDARY (ClinCalc DrugStats 'The Top 300 of 2024', derived from the AHRQ MEPS Prescribed Medicines file): estimated total US outpatient prescriptions in 2024, source column 'Total Prescriptions (2024)'; all payers, general outpatient; ranks 1-250 of the 300 the source publishes",2024,https://clincalc.com/DrugStats/Top300Drugs.aspx
4,Amlodipine,"71,333,516","BLOCK 1 of 3 - SECONDARY (ClinCalc DrugStats 'The Top 300 of 2024', derived from the AHRQ MEPS Prescribed Medicines file): estimated total US outpatient prescriptions in 2024, source column 'Total Prescriptions (2024)'; all payers, general outpatient; ranks 1-250 of the 300 the source publishes",2024,https://clincalc.com/DrugStats/Top300Drugs.aspx
5,Lisinopril,"66,676,852","BLOCK 1 of 3 - SECONDARY (ClinCalc DrugStats 'The Top 300 of 2024', derived from the AHRQ MEPS Prescribed Medicines file): estimated total US outpatient prescriptions in 2024, source column 'Total Prescriptions (2024)'; all payers, general outpatient; ranks 1-250 of the 300 the source publishes",2024,https://clincalc.com/DrugStats/Top300Drugs.aspx
6,Albuterol,"61,972,757","BLOCK 1 of 3 - SECONDARY (ClinCalc DrugStats 'The Top 300 of 2024', derived from the AHRQ MEPS Prescribed Medicines file): estimated total US outpatient prescriptions in 2024, source column 'Total Prescriptions (2024)'; all payers, general outpatient; ranks 1-250 of the 300 the source publishes",2024,https://clincalc.com/DrugStats/Top300Drugs.aspx
7,Losartan,"59,030,486","BLOCK 1 of 3 - SECONDARY (ClinCalc DrugStats 'The Top 300 of 2024', derived from the AHRQ MEPS Prescribed Medicines file): estimated total US outpatient prescriptions in 2024, source column 'Total Prescriptions (2024)'; all payers, general outpatient; ranks 1-250 of the 300 the source publishes",2024,https://clincalc.com/DrugStats/Top300Drugs.aspx
8,Metoprolol,"58,193,752","BLOCK 1 of 3 - SECONDARY (ClinCalc DrugStats 'The Top 300 of 2024', derived from the AHRQ MEPS Prescribed Medicines file): estimated total US outpatient prescriptions in 2024, source column 'Total Prescriptions (2024)'; all payers, general outpatient; ranks 1-250 of the 300 the source publishes",2024,https://clincalc.com/DrugStats/Top300Drugs.aspx
9,Rosuvastatin,"53,688,649","BLOCK 1 of 3 - SECONDARY (ClinCalc DrugStats 'The Top 300 of 2024', derived from the AHRQ MEPS Prescribed Medicines file): estimated total US outpatient prescriptions in 2024, source column 'Total Prescriptions (2024)'; all payers, general outpatient; ranks 1-250 of the 300 the source publishes",2024,https://clincalc.com/DrugStats/Top300Drugs.aspx
10,Omeprazole,"49,784,460","BLOCK 1 of 3 - SECONDARY (ClinCalc DrugStats 'The Top 300 of 2024', derived from the AHRQ MEPS Prescribed Medicines file): estimated total US outpatient prescriptions in 2024, source column 'Total Prescriptions (2024)'; all payers, general outpatient; ranks 1-250 of the 300 the source publishes",2024,https://clincalc.com/DrugStats/Top300Drugs.aspx
11,Gabapentin,"46,839,967","BLOCK 1 of 3 - SECONDARY (ClinCalc DrugStats 'The Top 300 of 2024', derived from the AHRQ MEPS Prescribed Medicines file): estimated total US outpatient prescriptions in 2024, source column 'Total Prescriptions (2024)'; all payers, general outpatient; ranks 1-250 of the 300 the source publishes",2024,https://clincalc.com/DrugStats/Top300Drugs.aspx
12,Sertraline,"44,634,055","BLOCK 1 of 3 - SECONDARY (ClinCalc DrugStats 'The Top 300 of 2024', derived from the AHRQ MEPS Prescribed Medicines file): estimated total US outpatient prescriptions in 2024, source column 'Total Prescriptions (2024)'; all payers, general outpatient; ranks 1-250 of the 300 the source publishes",2024,https://clincalc.com/DrugStats/Top300Drugs.aspx
13,Escitalopram,"41,773,078","BLOCK 1 of 3 - SECONDARY (ClinCalc DrugStats 'The Top 300 of 2024', derived from the AHRQ MEPS Prescribed Medicines file): estimated total US outpatient prescriptions in 2024, source column 'Total Prescriptions (2024)'; all payers, general outpatient; ranks 1-250 of the 300 the source publishes",2024,https://clincalc.com/DrugStats/Top300Drugs.aspx
14,Semaglutide,"40,938,165","BLOCK 1 of 3 - SECONDARY (ClinCalc DrugStats 'The Top 300 of 2024', derived from the AHRQ MEPS Prescribed Medicines file): estimated total US outpatient prescriptions in 2024, source column 'Total Prescriptions (2024)'; all payers, general outpatient; ranks 1-250 of the 300 the source publishes",2024,https://clincalc.com/DrugStats/Top300Drugs.aspx
15,Dextroamphetamine; Dextroamphetamine Saccharate; Amphetamine; Amphetamine Aspartate,"36,846,046","BLOCK 1 of 3 - SECONDARY (ClinCalc DrugStats 'The Top 300 of 2024', derived from the AHRQ MEPS Prescribed Medicines file): estimated total US outpatient prescriptions in 2024, source column 'Total Prescriptions (2024)'; all payers, general outpatient; ranks 1-250 of the 300 the source publishes",2024,https://clincalc.com/DrugStats/Top300Drugs.aspx
16,Pantoprazole,"34,940,431","BLOCK 1 of 3 - SECONDARY (ClinCalc DrugStats 'The Top 300 of 2024', derived from the AHRQ MEPS Prescribed Medicines file): estimated total US outpatient prescriptions in 2024, source column 'Total Prescriptions (2024)'; all payers, general outpatient; ranks 1-250 of the 300 the source publishes",2024,https://clincalc.com/DrugStats/Top300Drugs.aspx
17,Bupropion,"34,895,515","BLOCK 1 of 3 - SECONDARY (ClinCalc DrugStats 'The Top 300 of 2024', derived from the AHRQ MEPS Prescribed Medicines file): estimated total US outpatient prescriptions in 2024, source column 'Total Prescriptions (2024)'; all payers, general outpatient; ranks 1-250 of the 300 the source publishes",2024,https://clincalc.com/DrugStats/Top300Drugs.aspx
18,Hydrochlorothiazide,"31,989,426","BLOCK 1 of 3 - SECONDARY (ClinCalc DrugStats 'The Top 300 of 2024', derived from the AHRQ MEPS Prescribed Medicines file): estimated total US outpatient prescriptions in 2024, source column 'Total Prescriptions (2024)'; all payers, general outpatient; ranks 1-250 of the 300 the source publishes",2024,https://clincalc.com/DrugStats/Top300Drugs.aspx
19,Fluoxetine,"29,517,275","BLOCK 1 of 3 - SECONDARY (ClinCalc DrugStats 'The Top 300 of 2024', derived from the AHRQ MEPS Prescribed Medicines file): estimated total US outpatient prescriptions in 2024, source column 'Total Prescriptions (2024)'; all payers, general outpatient; ranks 1-250 of the 300 the source publishes",2024,https://clincalc.com/DrugStats/Top300Drugs.aspx
20,Trazodone,"26,159,531","BLOCK 1 of 3 - SECONDARY (ClinCalc DrugStats 'The Top 300 of 2024', derived from the AHRQ MEPS Prescribed Medicines file): estimated total US outpatient prescriptions in 2024, source column 'Total Prescriptions (2024)'; all payers, general outpatient; ranks 1-250 of the 300 the source publishes",2024,https://clincalc.com/DrugStats/Top300Drugs.aspx
21,Montelukast,"25,780,477","BLOCK 1 of 3 - SECONDARY (ClinCalc DrugStats 'The Top 300 of 2024', derived from the AHRQ MEPS Prescribed Medicines file): estimated total US outpatient prescriptions in 2024, source column 'Total Prescriptions (2024)'; all payers, general outpatient; ranks 1-250 of the 300 the source publishes",2024,https://clincalc.com/DrugStats/Top300Drugs.aspx
22,Amoxicillin,"24,971,312","BLOCK 1 of 3 - SECONDARY (ClinCalc DrugStats 'The Top 300 of 2024', derived from the AHRQ MEPS Prescribed Medicines file): estimated total US outpatient prescriptions in 2024, source column 'Total Prescriptions (2024)'; all payers, general outpatient; ranks 1-250 of the 300 the source publishes",2024,https://clincalc.com/DrugStats/Top300Drugs.aspx
23,Fluticasone,"22,934,060","BLOCK 1 of 3 - SECONDARY (ClinCalc DrugStats 'The Top 300 of 2024', derived from the AHRQ MEPS Prescribed Medicines file): estimated total US outpatient prescriptions in 2024, source column 'Total Prescriptions (2024)'; all payers, general outpatient; ranks 1-250 of the 300 the source publishes",2024,https://clincalc.com/DrugStats/Top300Drugs.aspx
24,Tamsulosin,"22,619,048","BLOCK 1 of 3 - SECONDARY (ClinCalc DrugStats 'The Top 300 of 2024', derived from the AHRQ MEPS Prescribed Medicines file): estimated total US outpatient prescriptions in 2024, source column 'Total Prescriptions (2024)'; all payers, general outpatient; ranks 1-250 of the 300 the source publishes",2024,https://clincalc.com/DrugStats/Top300Drugs.aspx
25,Apixaban,"21,857,073","BLOCK 1 of 3 - SECONDARY (ClinCalc DrugStats 'The Top 300 of 2024', derived from the AHRQ MEPS Prescribed Medicines file): estimated total US outpatient prescriptions in 2024, source column 'Total Prescriptions (2024)'; all payers, general outpatient; ranks 1-250 of the 300 the source publishes",2024,https://clincalc.com/DrugStats/Top300Drugs.aspx
26,Simvastatin,"21,477,295","BLOCK 1 of 3 - SECONDARY (ClinCalc DrugStats 'The Top 300 of 2024', derived from the AHRQ MEPS Prescribed Medicines file): estimated total US outpatient prescriptions in 2024, source column 'Total Prescriptions (2024)'; all payers, general outpatient; ranks 1-250 of the 300 the source publishes",2024,https://clincalc.com/DrugStats/Top300Drugs.aspx
27,Insulin Glargine,"21,364,477","BLOCK 1 of 3 - SECONDARY (ClinCalc DrugStats 'The Top 300 of 2024', derived from the AHRQ MEPS Prescribed Medicines file): estimated total US outpatient prescriptions in 2024, source column 'Total Prescriptions (2024)'; all payers, general outpatient; ranks 1-250 of the 300 the source publishes",2024,https://clincalc.com/DrugStats/Top300Drugs.aspx
28,Empagliflozin,"20,797,026","BLOCK 1 of 3 - SECONDARY (ClinCalc DrugStats 'The Top 300 of 2024', derived from the AHRQ MEPS Prescribed Medicines file): estimated total US outpatient prescriptions in 2024, source column 'Total Prescriptions (2024)'; all payers, general outpatient; ranks 1-250 of the 300 the source publishes",2024,https://clincalc.com/DrugStats/Top300Drugs.aspx
29,Furosemide,"20,051,956","BLOCK 1 of 3 - SECONDARY (ClinCalc DrugStats 'The Top 300 of 2024', derived from the AHRQ MEPS Prescribed Medicines file): estimated total US outpatient prescriptions in 2024, source column 'Total Prescriptions (2024)'; all payers, general outpatient; ranks 1-250 of the 300 the source publishes",2024,https://clincalc.com/DrugStats/Top300Drugs.aspx
30,Meloxicam,"19,699,161","BLOCK 1 of 3 - SECONDARY (ClinCalc DrugStats 'The Top 300 of 2024', derived from the AHRQ MEPS Prescribed Medicines file): estimated total US outpatient prescriptions in 2024, source column 'Total Prescriptions (2024)'; all payers, general outpatient; ranks 1-250 of the 300 the source publishes",2024,https://clincalc.com/DrugStats/Top300Drugs.aspx
31,Acetaminophen; Hydrocodone,"19,132,427","BLOCK 1 of 3 - SECONDARY (ClinCalc DrugStats 'The Top 300 of 2024', derived from the AHRQ MEPS Prescribed Medicines file): estimated total US outpatient prescriptions in 2024, source column 'Total Prescriptions (2024)'; all payers, general outpatient; ranks 1-250 of the 300 the source publishes",2024,https://clincalc.com/DrugStats/Top300Drugs.aspx
32,Tirzepatide,"18,694,230","BLOCK 1 of 3 - SECONDARY (ClinCalc DrugStats 'The Top 300 of 2024', derived from the AHRQ MEPS Prescribed Medicines file): estimated total US outpatient prescriptions in 2024, source column 'Total Prescriptions (2024)'; all payers, general outpatient; ranks 1-250 of the 300 the source publishes",2024,https://clincalc.com/DrugStats/Top300Drugs.aspx
33,Methylphenidate,"18,572,946","BLOCK 1 of 3 - SECONDARY (ClinCalc DrugStats 'The Top 300 of 2024', derived from the AHRQ MEPS Prescribed Medicines file): estimated total US outpatient prescriptions in 2024, source column 'Total Prescriptions (2024)'; all payers, general outpatient; ranks 1-250 of the 300 the source publishes",2024,https://clincalc.com/DrugStats/Top300Drugs.aspx
34,Duloxetine,"17,860,263","BLOCK 1 of 3 - SECONDARY (ClinCalc DrugStats 'The Top 300 of 2024', derived from the AHRQ MEPS Prescribed Medicines file): estimated total US outpatient prescriptions in 2024, source column 'Total Prescriptions (2024)'; all payers, general outpatient; ranks 1-250 of the 300 the source publishes",2024,https://clincalc.com/DrugStats/Top300Drugs.aspx
35,Prednisone,"17,833,596","BLOCK 1 of 3 - SECONDARY (ClinCalc DrugStats 'The Top 300 of 2024', derived from the AHRQ MEPS Prescribed Medicines file): estimated total US outpatient prescriptions in 2024, source column 'Total Prescriptions (2024)'; all payers, general outpatient; ranks 1-250 of the 300 the source publishes",2024,https://clincalc.com/DrugStats/Top300Drugs.aspx
36,Carvedilol,"17,059,037","BLOCK 1 of 3 - SECONDARY (ClinCalc DrugStats 'The Top 300 of 2024', derived from the AHRQ MEPS Prescribed Medicines file): estimated total US outpatient prescriptions in 2024, source column 'Total Prescriptions (2024)'; all payers, general outpatient; ranks 1-250 of the 300 the source publishes",2024,https://clincalc.com/DrugStats/Top300Drugs.aspx
37,Famotidine,"17,038,530","BLOCK 1 of 3 - SECONDARY (ClinCalc DrugStats 'The Top 300 of 2024', derived from the AHRQ MEPS Prescribed Medicines file): estimated total US outpatient prescriptions in 2024, source column 'Total Prescriptions (2024)'; all payers, general outpatient; ranks 1-250 of the 300 the source publishes",2024,https://clincalc.com/DrugStats/Top300Drugs.aspx
38,Ibuprofen,"16,850,357","BLOCK 1 of 3 - SECONDARY (ClinCalc DrugStats 'The Top 300 of 2024', derived from the AHRQ MEPS Prescribed Medicines file): estimated total US outpatient prescriptions in 2024, source column 'Total Prescriptions (2024)'; all payers, general outpatient; ranks 1-250 of the 300 the source publishes",2024,https://clincalc.com/DrugStats/Top300Drugs.aspx
39,Buspirone,"16,706,971","BLOCK 1 of 3 - SECONDARY (ClinCalc DrugStats 'The Top 300 of 2024', derived from the AHRQ MEPS Prescribed Medicines file): estimated total US outpatient prescriptions in 2024, source column 'Total Prescriptions (2024)'; all payers, general outpatient; ranks 1-250 of the 300 the source publishes",2024,https://clincalc.com/DrugStats/Top300Drugs.aspx
40,Venlafaxine,"16,273,306","BLOCK 1 of 3 - SECONDARY (ClinCalc DrugStats 'The Top 300 of 2024', derived from the AHRQ MEPS Prescribed Medicines file): estimated total US outpatient prescriptions in 2024, source column 'Total Prescriptions (2024)'; all payers, general outpatient; ranks 1-250 of the 300 the source publishes",2024,https://clincalc.com/DrugStats/Top300Drugs.aspx
41,Tramadol,"14,950,504","BLOCK 1 of 3 - SECONDARY (ClinCalc DrugStats 'The Top 300 of 2024', derived from the AHRQ MEPS Prescribed Medicines file): estimated total US outpatient prescriptions in 2024, source column 'Total Prescriptions (2024)'; all payers, general outpatient; ranks 1-250 of the 300 the source publishes",2024,https://clincalc.com/DrugStats/Top300Drugs.aspx
42,Potassium Chloride,"14,928,020","BLOCK 1 of 3 - SECONDARY (ClinCalc DrugStats 'The Top 300 of 2024', derived from the AHRQ MEPS Prescribed Medicines file): estimated total US outpatient prescriptions in 2024, source column 'Total Prescriptions (2024)'; all payers, general outpatient; ranks 1-250 of the 300 the source publishes",2024,https://clincalc.com/DrugStats/Top300Drugs.aspx
43,Hydroxyzine,"14,857,240","BLOCK 1 of 3 - SECONDARY (ClinCalc DrugStats 'The Top 300 of 2024', derived from the AHRQ MEPS Prescribed Medicines file): estimated total US outpatient prescriptions in 2024, source column 'Total Prescriptions (2024)'; all payers, general outpatient; ranks 1-250 of the 300 the source publishes",2024,https://clincalc.com/DrugStats/Top300Drugs.aspx
44,Allopurinol,"14,851,781","BLOCK 1 of 3 - SECONDARY (ClinCalc DrugStats 'The Top 300 of 2024', derived from the AHRQ MEPS Prescribed Medicines file): estimated total US outpatient prescriptions in 2024, source column 'Total Prescriptions (2024)'; all payers, general outpatient; ranks 1-250 of the 300 the source publishes",2024,https://clincalc.com/DrugStats/Top300Drugs.aspx
45,Clopidogrel,"14,613,273","BLOCK 1 of 3 - SECONDARY (ClinCalc DrugStats 'The Top 300 of 2024', derived from the AHRQ MEPS Prescribed Medicines file): estimated total US outpatient prescriptions in 2024, source column 'Total Prescriptions (2024)'; all payers, general outpatient; ranks 1-250 of the 300 the source publishes",2024,https://clincalc.com/DrugStats/Top300Drugs.aspx
46,Ergocalciferol,"14,478,963","BLOCK 1 of 3 - SECONDARY (ClinCalc DrugStats 'The Top 300 of 2024', derived from the AHRQ MEPS Prescribed Medicines file): estimated total US outpatient prescriptions in 2024, source column 'Total Prescriptions (2024)'; all payers, general outpatient; ranks 1-250 of the 300 the source publishes",2024,https://clincalc.com/DrugStats/Top300Drugs.aspx
47,Cetirizine,"14,363,214","BLOCK 1 of 3 - SECONDARY (ClinCalc DrugStats 'The Top 300 of 2024', derived from the AHRQ MEPS Prescribed Medicines file): estimated total US outpatient prescriptions in 2024, source column 'Total Prescriptions (2024)'; all payers, general outpatient; ranks 1-250 of the 300 the source publishes",2024,https://clincalc.com/DrugStats/Top300Drugs.aspx
48,Ondansetron,"13,794,023","BLOCK 1 of 3 - SECONDARY (ClinCalc DrugStats 'The Top 300 of 2024', derived from the AHRQ MEPS Prescribed Medicines file): estimated total US outpatient prescriptions in 2024, source column 'Total Prescriptions (2024)'; all payers, general outpatient; ranks 1-250 of the 300 the source publishes",2024,https://clincalc.com/DrugStats/Top300Drugs.aspx
49,Cyclobenzaprine,"13,771,868","BLOCK 1 of 3 - SECONDARY (ClinCalc DrugStats 'The Top 300 of 2024', derived from the AHRQ MEPS Prescribed Medicines file): estimated total US outpatient prescriptions in 2024, source column 'Total Prescriptions (2024)'; all payers, general outpatient; ranks 1-250 of the 300 the source publishes",2024,https://clincalc.com/DrugStats/Top300Drugs.aspx
50,Spironolactone,"13,427,856","BLOCK 1 of 3 - SECONDARY (ClinCalc DrugStats 'The Top 300 of 2024', derived from the AHRQ MEPS Prescribed Medicines file): estimated total US outpatient prescriptions in 2024, source column 'Total Prescriptions (2024)'; all payers, general outpatient; ranks 1-250 of the 300 the source publishes",2024,https://clincalc.com/DrugStats/Top300Drugs.aspx
51,Oxycodone,"13,425,058","BLOCK 1 of 3 - SECONDARY (ClinCalc DrugStats 'The Top 300 of 2024', derived from the AHRQ MEPS Prescribed Medicines file): estimated total US outpatient prescriptions in 2024, source column 'Total Prescriptions (2024)'; all payers, general outpatient; ranks 1-250 of the 300 the source publishes",2024,https://clincalc.com/DrugStats/Top300Drugs.aspx
52,Estradiol,"12,891,353","BLOCK 1 of 3 - SECONDARY (ClinCalc DrugStats 'The Top 300 of 2024', derived from the AHRQ MEPS Prescribed Medicines file): estimated total US outpatient prescriptions in 2024, source column 'Total Prescriptions (2024)'; all payers, general outpatient; ranks 1-250 of the 300 the source publishes",2024,https://clincalc.com/DrugStats/Top300Drugs.aspx
53,Aspirin,"12,818,517","BLOCK 1 of 3 - SECONDARY (ClinCalc DrugStats 'The Top 300 of 2024', derived from the AHRQ MEPS Prescribed Medicines file): estimated total US outpatient prescriptions in 2024, source column 'Total Prescriptions (2024)'; all payers, general outpatient; ranks 1-250 of the 300 the source publishes",2024,https://clincalc.com/DrugStats/Top300Drugs.aspx
54,Glipizide,"12,809,578","BLOCK 1 of 3 - SECONDARY (ClinCalc DrugStats 'The Top 300 of 2024', derived from the AHRQ MEPS Prescribed Medicines file): estimated total US outpatient prescriptions in 2024, source column 'Total Prescriptions (2024)'; all payers, general outpatient; ranks 1-250 of the 300 the source publishes",2024,https://clincalc.com/DrugStats/Top300Drugs.aspx
55,Zolpidem,"12,744,221","BLOCK 1 of 3 - SECONDARY (ClinCalc DrugStats 'The Top 300 of 2024', derived from the AHRQ MEPS Prescribed Medicines file): estimated total US outpatient prescriptions in 2024, source column 'Total Prescriptions (2024)'; all payers, general outpatient; ranks 1-250 of the 300 the source publishes",2024,https://clincalc.com/DrugStats/Top300Drugs.aspx
56,Lamotrigine,"12,624,285","BLOCK 1 of 3 - SECONDARY (ClinCalc DrugStats 'The Top 300 of 2024', derived from the AHRQ MEPS Prescribed Medicines file): estimated total US outpatient prescriptions in 2024, source column 'Total Prescriptions (2024)'; all payers, general outpatient; ranks 1-250 of the 300 the source publishes",2024,https://clincalc.com/DrugStats/Top300Drugs.aspx
57,Alprazolam,"12,541,989","BLOCK 1 of 3 - SECONDARY (ClinCalc DrugStats 'The Top 300 of 2024', derived from the AHRQ MEPS Prescribed Medicines file): estimated total US outpatient prescriptions in 2024, source column 'Total Prescriptions (2024)'; all payers, general outpatient; ranks 1-250 of the 300 the source publishes",2024,https://clincalc.com/DrugStats/Top300Drugs.aspx
58,Citalopram,"12,500,214","BLOCK 1 of 3 - SECONDARY (ClinCalc DrugStats 'The Top 300 of 2024', derived from the AHRQ MEPS Prescribed Medicines file): estimated total US outpatient prescriptions in 2024, source column 'Total Prescriptions (2024)'; all payers, general outpatient; ranks 1-250 of the 300 the source publishes",2024,https://clincalc.com/DrugStats/Top300Drugs.aspx
59,Pregabalin,"12,188,941","BLOCK 1 of 3 - SECONDARY (ClinCalc DrugStats 'The Top 300 of 2024', derived from the AHRQ MEPS Prescribed Medicines file): estimated total US outpatient prescriptions in 2024, source column 'Total Prescriptions (2024)'; all payers, general outpatient; ranks 1-250 of the 300 the source publishes",2024,https://clincalc.com/DrugStats/Top300Drugs.aspx
60,Cholecalciferol,"12,037,122","BLOCK 1 of 3 - SECONDARY (ClinCalc DrugStats 'The Top 300 of 2024', derived from the AHRQ MEPS Prescribed Medicines file): estimated total US outpatient prescriptions in 2024, source column 'Total Prescriptions (2024)'; all payers, general outpatient; ranks 1-250 of the 300 the source publishes",2024,https://clincalc.com/DrugStats/Top300Drugs.aspx
61,Clonazepam,"11,861,002","BLOCK 1 of 3 - SECONDARY (ClinCalc DrugStats 'The Top 300 of 2024', derived from the AHRQ MEPS Prescribed Medicines file): estimated total US outpatient prescriptions in 2024, source column 'Total Prescriptions (2024)'; all payers, general outpatient; ranks 1-250 of the 300 the source publishes",2024,https://clincalc.com/DrugStats/Top300Drugs.aspx
62,Azithromycin,"11,392,296","BLOCK 1 of 3 - SECONDARY (ClinCalc DrugStats 'The Top 300 of 2024', derived from the AHRQ MEPS Prescribed Medicines file): estimated total US outpatient prescriptions in 2024, source column 'Total Prescriptions (2024)'; all payers, general outpatient; ranks 1-250 of the 300 the source publishes",2024,https://clincalc.com/DrugStats/Top300Drugs.aspx
63,Pravastatin,"11,270,967","BLOCK 1 of 3 - SECONDARY (ClinCalc DrugStats 'The Top 300 of 2024', derived from the AHRQ MEPS Prescribed Medicines file): estimated total US outpatient prescriptions in 2024, source column 'Total Prescriptions (2024)'; all payers, general outpatient; ranks 1-250 of the 300 the source publishes",2024,https://clincalc.com/DrugStats/Top300Drugs.aspx
64,Valsartan,"10,971,525","BLOCK 1 of 3 - SECONDARY (ClinCalc DrugStats 'The Top 300 of 2024', derived from the AHRQ MEPS Prescribed Medicines file): estimated total US outpatient prescriptions in 2024, source column 'Total Prescriptions (2024)'; all payers, general outpatient; ranks 1-250 of the 300 the source publishes",2024,https://clincalc.com/DrugStats/Top300Drugs.aspx
65,Ezetimibe,"10,693,931","BLOCK 1 of 3 - SECONDARY (ClinCalc DrugStats 'The Top 300 of 2024', derived from the AHRQ MEPS Prescribed Medicines file): estimated total US outpatient prescriptions in 2024, source column 'Total Prescriptions (2024)'; all payers, general outpatient; ranks 1-250 of the 300 the source publishes",2024,https://clincalc.com/DrugStats/Top300Drugs.aspx
66,Diclofenac,"10,486,740","BLOCK 1 of 3 - SECONDARY (ClinCalc DrugStats 'The Top 300 of 2024', derived from the AHRQ MEPS Prescribed Medicines file): estimated total US outpatient prescriptions in 2024, source column 'Total Prescriptions (2024)'; all payers, general outpatient; ranks 1-250 of the 300 the source publishes",2024,https://clincalc.com/DrugStats/Top300Drugs.aspx
67,Insulin Lispro,"10,412,617","BLOCK 1 of 3 - SECONDARY (ClinCalc DrugStats 'The Top 300 of 2024', derived from the AHRQ MEPS Prescribed Medicines file): estimated total US outpatient prescriptions in 2024, source column 'Total Prescriptions (2024)'; all payers, general outpatient; ranks 1-250 of the 300 the source publishes",2024,https://clincalc.com/DrugStats/Top300Drugs.aspx
68,Ethinyl Estradiol; Norethindrone,"10,330,394","BLOCK 1 of 3 - SECONDARY (ClinCalc DrugStats 'The Top 300 of 2024', derived from the AHRQ MEPS Prescribed Medicines file): estimated total US outpatient prescriptions in 2024, source column 'Total Prescriptions (2024)'; all payers, general outpatient; ranks 1-250 of the 300 the source publishes",2024,https://clincalc.com/DrugStats/Top300Drugs.aspx
69,Propranolol,"10,263,169","BLOCK 1 of 3 - SECONDARY (ClinCalc DrugStats 'The Top 300 of 2024', derived from the AHRQ MEPS Prescribed Medicines file): estimated total US outpatient prescriptions in 2024, source column 'Total Prescriptions (2024)'; all payers, general outpatient; ranks 1-250 of the 300 the source publishes",2024,https://clincalc.com/DrugStats/Top300Drugs.aspx
70,Latanoprost,"10,260,351","BLOCK 1 of 3 - SECONDARY (ClinCalc DrugStats 'The Top 300 of 2024', derived from the AHRQ MEPS Prescribed Medicines file): estimated total US outpatient prescriptions in 2024, source column 'Total Prescriptions (2024)'; all payers, general outpatient; ranks 1-250 of the 300 the source publishes",2024,https://clincalc.com/DrugStats/Top300Drugs.aspx
71,Atenolol,"9,934,162","BLOCK 1 of 3 - SECONDARY (ClinCalc DrugStats 'The Top 300 of 2024', derived from the AHRQ MEPS Prescribed Medicines file): estimated total US outpatient prescriptions in 2024, source column 'Total Prescriptions (2024)'; all payers, general outpatient; ranks 1-250 of the 300 the source publishes",2024,https://clincalc.com/DrugStats/Top300Drugs.aspx
72,Lisdexamfetamine,"9,929,931","BLOCK 1 of 3 - SECONDARY (ClinCalc DrugStats 'The Top 300 of 2024', derived from the AHRQ MEPS Prescribed Medicines file): estimated total US outpatient prescriptions in 2024, source column 'Total Prescriptions (2024)'; all payers, general outpatient; ranks 1-250 of the 300 the source publishes",2024,https://clincalc.com/DrugStats/Top300Drugs.aspx
73,Doxycycline,"9,807,852","BLOCK 1 of 3 - SECONDARY (ClinCalc DrugStats 'The Top 300 of 2024', derived from the AHRQ MEPS Prescribed Medicines file): estimated total US outpatient prescriptions in 2024, source column 'Total Prescriptions (2024)'; all payers, general outpatient; ranks 1-250 of the 300 the source publishes",2024,https://clincalc.com/DrugStats/Top300Drugs.aspx
74,Amoxicillin; Clavulanate,"9,669,779","BLOCK 1 of 3 - SECONDARY (ClinCalc DrugStats 'The Top 300 of 2024', derived from the AHRQ MEPS Prescribed Medicines file): estimated total US outpatient prescriptions in 2024, source column 'Total Prescriptions (2024)'; all payers, general outpatient; ranks 1-250 of the 300 the source publishes",2024,https://clincalc.com/DrugStats/Top300Drugs.aspx
75,Dulaglutide,"9,211,040","BLOCK 1 of 3 - SECONDARY (ClinCalc DrugStats 'The Top 300 of 2024', derived from the AHRQ MEPS Prescribed Medicines file): estimated total US outpatient prescriptions in 2024, source column 'Total Prescriptions (2024)'; all payers, general outpatient; ranks 1-250 of the 300 the source publishes",2024,https://clincalc.com/DrugStats/Top300Drugs.aspx
76,Hydrochlorothiazide; Lisinopril,"9,175,152","BLOCK 1 of 3 - SECONDARY (ClinCalc DrugStats 'The Top 300 of 2024', derived from the AHRQ MEPS Prescribed Medicines file): estimated total US outpatient prescriptions in 2024, source column 'Total Prescriptions (2024)'; all payers, general outpatient; ranks 1-250 of the 300 the source publishes",2024,https://clincalc.com/DrugStats/Top300Drugs.aspx
77,Lorazepam,"9,095,808","BLOCK 1 of 3 - SECONDARY (ClinCalc DrugStats 'The Top 300 of 2024', derived from the AHRQ MEPS Prescribed Medicines file): estimated total US outpatient prescriptions in 2024, source column 'Total Prescriptions (2024)'; all payers, general outpatient; ranks 1-250 of the 300 the source publishes",2024,https://clincalc.com/DrugStats/Top300Drugs.aspx
78,Fluticasone; Salmeterol,"8,986,327","BLOCK 1 of 3 - SECONDARY (ClinCalc DrugStats 'The Top 300 of 2024', derived from the AHRQ MEPS Prescribed Medicines file): estimated total US outpatient prescriptions in 2024, source column 'Total Prescriptions (2024)'; all payers, general outpatient; ranks 1-250 of the 300 the source publishes",2024,https://clincalc.com/DrugStats/Top300Drugs.aspx
79,Insulin Aspart,"8,979,716","BLOCK 1 of 3 - SECONDARY (ClinCalc DrugStats 'The Top 300 of 2024', derived from the AHRQ MEPS Prescribed Medicines file): estimated total US outpatient prescriptions in 2024, source column 'Total Prescriptions (2024)'; all payers, general outpatient; ranks 1-250 of the 300 the source publishes",2024,https://clincalc.com/DrugStats/Top300Drugs.aspx
80,Celecoxib,"8,925,992","BLOCK 1 of 3 - SECONDARY (ClinCalc DrugStats 'The Top 300 of 2024', derived from the AHRQ MEPS Prescribed Medicines file): estimated total US outpatient prescriptions in 2024, source column 'Total Prescriptions (2024)'; all payers, general outpatient; ranks 1-250 of the 300 the source publishes",2024,https://clincalc.com/DrugStats/Top300Drugs.aspx
81,Finasteride,"8,845,007","BLOCK 1 of 3 - SECONDARY (ClinCalc DrugStats 'The Top 300 of 2024', derived from the AHRQ MEPS Prescribed Medicines file): estimated total US outpatient prescriptions in 2024, source column 'Total Prescriptions (2024)'; all payers, general outpatient; ranks 1-250 of the 300 the source publishes",2024,https://clincalc.com/DrugStats/Top300Drugs.aspx
82,Quetiapine,"8,669,046","BLOCK 1 of 3 - SECONDARY (ClinCalc DrugStats 'The Top 300 of 2024', derived from the AHRQ MEPS Prescribed Medicines file): estimated total US outpatient prescriptions in 2024, source column 'Total Prescriptions (2024)'; all payers, general outpatient; ranks 1-250 of the 300 the source publishes",2024,https://clincalc.com/DrugStats/Top300Drugs.aspx
83,Clonidine,"8,393,718","BLOCK 1 of 3 - SECONDARY (ClinCalc DrugStats 'The Top 300 of 2024', derived from the AHRQ MEPS Prescribed Medicines file): estimated total US outpatient prescriptions in 2024, source column 'Total Prescriptions (2024)'; all payers, general outpatient; ranks 1-250 of the 300 the source publishes",2024,https://clincalc.com/DrugStats/Top300Drugs.aspx
84,Aripiprazole,"8,246,931","BLOCK 1 of 3 - SECONDARY (ClinCalc DrugStats 'The Top 300 of 2024', derived from the AHRQ MEPS Prescribed Medicines file): estimated total US outpatient prescriptions in 2024, source column 'Total Prescriptions (2024)'; all payers, general outpatient; ranks 1-250 of the 300 the source publishes",2024,https://clincalc.com/DrugStats/Top300Drugs.aspx
85,Cephalexin,"8,216,856","BLOCK 1 of 3 - SECONDARY (ClinCalc DrugStats 'The Top 300 of 2024', derived from the AHRQ MEPS Prescribed Medicines file): estimated total US outpatient prescriptions in 2024, source column 'Total Prescriptions (2024)'; all payers, general outpatient; ranks 1-250 of the 300 the source publishes",2024,https://clincalc.com/DrugStats/Top300Drugs.aspx
86,Alendronate,"8,209,512","BLOCK 1 of 3 - SECONDARY (ClinCalc DrugStats 'The Top 300 of 2024', derived from the AHRQ MEPS Prescribed Medicines file): estimated total US outpatient prescriptions in 2024, source column 'Total Prescriptions (2024)'; all payers, general outpatient; ranks 1-250 of the 300 the source publishes",2024,https://clincalc.com/DrugStats/Top300Drugs.aspx
87,Topiramate,"8,077,536","BLOCK 1 of 3 - SECONDARY (ClinCalc DrugStats 'The Top 300 of 2024', derived from the AHRQ MEPS Prescribed Medicines file): estimated total US outpatient prescriptions in 2024, source column 'Total Prescriptions (2024)'; all payers, general outpatient; ranks 1-250 of the 300 the source publishes",2024,https://clincalc.com/DrugStats/Top300Drugs.aspx
88,Tizanidine,"8,036,601","BLOCK 1 of 3 - SECONDARY (ClinCalc DrugStats 'The Top 300 of 2024', derived from the AHRQ MEPS Prescribed Medicines file): estimated total US outpatient prescriptions in 2024, source column 'Total Prescriptions (2024)'; all payers, general outpatient; ranks 1-250 of the 300 the source publishes",2024,https://clincalc.com/DrugStats/Top300Drugs.aspx
89,Dapagliflozin,"8,017,363","BLOCK 1 of 3 - SECONDARY (ClinCalc DrugStats 'The Top 300 of 2024', derived from the AHRQ MEPS Prescribed Medicines file): estimated total US outpatient prescriptions in 2024, source column 'Total Prescriptions (2024)'; all payers, general outpatient; ranks 1-250 of the 300 the source publishes",2024,https://clincalc.com/DrugStats/Top300Drugs.aspx
90,Acetaminophen; Oxycodone,"7,971,730","BLOCK 1 of 3 - SECONDARY (ClinCalc DrugStats 'The Top 300 of 2024', derived from the AHRQ MEPS Prescribed Medicines file): estimated total US outpatient prescriptions in 2024, source column 'Total Prescriptions (2024)'; all payers, general outpatient; ranks 1-250 of the 300 the source publishes",2024,https://clincalc.com/DrugStats/Top300Drugs.aspx
91,Hydrochlorothiazide; Losartan,"7,718,798","BLOCK 1 of 3 - SECONDARY (ClinCalc DrugStats 'The Top 300 of 2024', derived from the AHRQ MEPS Prescribed Medicines file): estimated total US outpatient prescriptions in 2024, source column 'Total Prescriptions (2024)'; all payers, general outpatient; ranks 1-250 of the 300 the source publishes",2024,https://clincalc.com/DrugStats/Top300Drugs.aspx
92,Olmesartan,"7,659,035","BLOCK 1 of 3 - SECONDARY (ClinCalc DrugStats 'The Top 300 of 2024', derived from the AHRQ MEPS Prescribed Medicines file): estimated total US outpatient prescriptions in 2024, source column 'Total Prescriptions (2024)'; all payers, general outpatient; ranks 1-250 of the 300 the source publishes",2024,https://clincalc.com/DrugStats/Top300Drugs.aspx
93,Testosterone,"7,644,915","BLOCK 1 of 3 - SECONDARY (ClinCalc DrugStats 'The Top 300 of 2024', derived from the AHRQ MEPS Prescribed Medicines file): estimated total US outpatient prescriptions in 2024, source column 'Total Prescriptions (2024)'; all payers, general outpatient; ranks 1-250 of the 300 the source publishes",2024,https://clincalc.com/DrugStats/Top300Drugs.aspx
94,Amitriptyline,"7,533,045","BLOCK 1 of 3 - SECONDARY (ClinCalc DrugStats 'The Top 300 of 2024', derived from the AHRQ MEPS Prescribed Medicines file): estimated total US outpatient prescriptions in 2024, source column 'Total Prescriptions (2024)'; all payers, general outpatient; ranks 1-250 of the 300 the source publishes",2024,https://clincalc.com/DrugStats/Top300Drugs.aspx
95,Folic Acid,"7,503,346","BLOCK 1 of 3 - SECONDARY (ClinCalc DrugStats 'The Top 300 of 2024', derived from the AHRQ MEPS Prescribed Medicines file): estimated total US outpatient prescriptions in 2024, source column 'Total Prescriptions (2024)'; all payers, general outpatient; ranks 1-250 of the 300 the source publishes",2024,https://clincalc.com/DrugStats/Top300Drugs.aspx
96,Rivaroxaban,"7,423,624","BLOCK 1 of 3 - SECONDARY (ClinCalc DrugStats 'The Top 300 of 2024', derived from the AHRQ MEPS Prescribed Medicines file): estimated total US outpatient prescriptions in 2024, source column 'Total Prescriptions (2024)'; all payers, general outpatient; ranks 1-250 of the 300 the source publishes",2024,https://clincalc.com/DrugStats/Top300Drugs.aspx
97,Fenofibrate,"7,367,061","BLOCK 1 of 3 - SECONDARY (ClinCalc DrugStats 'The Top 300 of 2024', derived from the AHRQ MEPS Prescribed Medicines file): estimated total US outpatient prescriptions in 2024, source column 'Total Prescriptions (2024)'; all payers, general outpatient; ranks 1-250 of the 300 the source publishes",2024,https://clincalc.com/DrugStats/Top300Drugs.aspx
98,Triamcinolone,"7,330,181","BLOCK 1 of 3 - SECONDARY (ClinCalc DrugStats 'The Top 300 of 2024', derived from the AHRQ MEPS Prescribed Medicines file): estimated total US outpatient prescriptions in 2024, source column 'Total Prescriptions (2024)'; all payers, general outpatient; ranks 1-250 of the 300 the source publishes",2024,https://clincalc.com/DrugStats/Top300Drugs.aspx
99,Paroxetine,"7,173,801","BLOCK 1 of 3 - SECONDARY (ClinCalc DrugStats 'The Top 300 of 2024', derived from the AHRQ MEPS Prescribed Medicines file): estimated total US outpatient prescriptions in 2024, source column 'Total Prescriptions (2024)'; all payers, general outpatient; ranks 1-250 of the 300 the source publishes",2024,https://clincalc.com/DrugStats/Top300Drugs.aspx
100,Ferrous Sulfate,"7,114,660","BLOCK 1 of 3 - SECONDARY (ClinCalc DrugStats 'The Top 300 of 2024', derived from the AHRQ MEPS Prescribed Medicines file): estimated total US outpatient prescriptions in 2024, source column 'Total Prescriptions (2024)'; all payers, general outpatient; ranks 1-250 of the 300 the source publishes",2024,https://clincalc.com/DrugStats/Top300Drugs.aspx
101,Loratadine,"6,962,604","BLOCK 1 of 3 - SECONDARY (ClinCalc DrugStats 'The Top 300 of 2024', derived from the AHRQ MEPS Prescribed Medicines file): estimated total US outpatient prescriptions in 2024, source column 'Total Prescriptions (2024)'; all payers, general outpatient; ranks 1-250 of the 300 the source publishes",2024,https://clincalc.com/DrugStats/Top300Drugs.aspx
102,Warfarin,"6,951,088","BLOCK 1 of 3 - SECONDARY (ClinCalc DrugStats 'The Top 300 of 2024', derived from the AHRQ MEPS Prescribed Medicines file): estimated total US outpatient prescriptions in 2024, source column 'Total Prescriptions (2024)'; all payers, general outpatient; ranks 1-250 of the 300 the source publishes",2024,https://clincalc.com/DrugStats/Top300Drugs.aspx
103,Valacyclovir,"6,942,446","BLOCK 1 of 3 - SECONDARY (ClinCalc DrugStats 'The Top 300 of 2024', derived from the AHRQ MEPS Prescribed Medicines file): estimated total US outpatient prescriptions in 2024, source column 'Total Prescriptions (2024)'; all payers, general outpatient; ranks 1-250 of the 300 the source publishes",2024,https://clincalc.com/DrugStats/Top300Drugs.aspx
104,Budesonide; Formoterol,"6,811,070","BLOCK 1 of 3 - SECONDARY (ClinCalc DrugStats 'The Top 300 of 2024', derived from the AHRQ MEPS Prescribed Medicines file): estimated total US outpatient prescriptions in 2024, source column 'Total Prescriptions (2024)'; all payers, general outpatient; ranks 1-250 of the 300 the source publishes",2024,https://clincalc.com/DrugStats/Top300Drugs.aspx
105,Ethinyl Estradiol; Norgestimate,"6,753,928","BLOCK 1 of 3 - SECONDARY (ClinCalc DrugStats 'The Top 300 of 2024', derived from the AHRQ MEPS Prescribed Medicines file): estimated total US outpatient prescriptions in 2024, source column 'Total Prescriptions (2024)'; all payers, general outpatient; ranks 1-250 of the 300 the source publishes",2024,https://clincalc.com/DrugStats/Top300Drugs.aspx
106,Fluticasone; Umeclidinium; Vilanterol,"6,642,602","BLOCK 1 of 3 - SECONDARY (ClinCalc DrugStats 'The Top 300 of 2024', derived from the AHRQ MEPS Prescribed Medicines file): estimated total US outpatient prescriptions in 2024, source column 'Total Prescriptions (2024)'; all payers, general outpatient; ranks 1-250 of the 300 the source publishes",2024,https://clincalc.com/DrugStats/Top300Drugs.aspx
107,Methocarbamol,"6,573,637","BLOCK 1 of 3 - SECONDARY (ClinCalc DrugStats 'The Top 300 of 2024', derived from the AHRQ MEPS Prescribed Medicines file): estimated total US outpatient prescriptions in 2024, source column 'Total Prescriptions (2024)'; all payers, general outpatient; ranks 1-250 of the 300 the source publishes",2024,https://clincalc.com/DrugStats/Top300Drugs.aspx
108,Acetaminophen,"6,458,242","BLOCK 1 of 3 - SECONDARY (ClinCalc DrugStats 'The Top 300 of 2024', derived from the AHRQ MEPS Prescribed Medicines file): estimated total US outpatient prescriptions in 2024, source column 'Total Prescriptions (2024)'; all payers, general outpatient; ranks 1-250 of the 300 the source publishes",2024,https://clincalc.com/DrugStats/Top300Drugs.aspx
109,Diltiazem,"6,250,456","BLOCK 1 of 3 - SECONDARY (ClinCalc DrugStats 'The Top 300 of 2024', derived from the AHRQ MEPS Prescribed Medicines file): estimated total US outpatient prescriptions in 2024, source column 'Total Prescriptions (2024)'; all payers, general outpatient; ranks 1-250 of the 300 the source publishes",2024,https://clincalc.com/DrugStats/Top300Drugs.aspx
110,Thyroid,"6,060,183","BLOCK 1 of 3 - SECONDARY (ClinCalc DrugStats 'The Top 300 of 2024', derived from the AHRQ MEPS Prescribed Medicines file): estimated total US outpatient prescriptions in 2024, source column 'Total Prescriptions (2024)'; all payers, general outpatient; ranks 1-250 of the 300 the source publishes",2024,https://clincalc.com/DrugStats/Top300Drugs.aspx
111,Baclofen,"6,027,670","BLOCK 1 of 3 - SECONDARY (ClinCalc DrugStats 'The Top 300 of 2024', derived from the AHRQ MEPS Prescribed Medicines file): estimated total US outpatient prescriptions in 2024, source column 'Total Prescriptions (2024)'; all payers, general outpatient; ranks 1-250 of the 300 the source publishes",2024,https://clincalc.com/DrugStats/Top300Drugs.aspx
112,Naproxen,"5,874,206","BLOCK 1 of 3 - SECONDARY (ClinCalc DrugStats 'The Top 300 of 2024', derived from the AHRQ MEPS Prescribed Medicines file): estimated total US outpatient prescriptions in 2024, source column 'Total Prescriptions (2024)'; all payers, general outpatient; ranks 1-250 of the 300 the source publishes",2024,https://clincalc.com/DrugStats/Top300Drugs.aspx
113,Sumatriptan,"5,831,978","BLOCK 1 of 3 - SECONDARY (ClinCalc DrugStats 'The Top 300 of 2024', derived from the AHRQ MEPS Prescribed Medicines file): estimated total US outpatient prescriptions in 2024, source column 'Total Prescriptions (2024)'; all payers, general outpatient; ranks 1-250 of the 300 the source publishes",2024,https://clincalc.com/DrugStats/Top300Drugs.aspx
114,Prednisolone,"5,786,309","BLOCK 1 of 3 - SECONDARY (ClinCalc DrugStats 'The Top 300 of 2024', derived from the AHRQ MEPS Prescribed Medicines file): estimated total US outpatient prescriptions in 2024, source column 'Total Prescriptions (2024)'; all payers, general outpatient; ranks 1-250 of the 300 the source publishes",2024,https://clincalc.com/DrugStats/Top300Drugs.aspx
115,Esomeprazole,"5,677,193","BLOCK 1 of 3 - SECONDARY (ClinCalc DrugStats 'The Top 300 of 2024', derived from the AHRQ MEPS Prescribed Medicines file): estimated total US outpatient prescriptions in 2024, source column 'Total Prescriptions (2024)'; all payers, general outpatient; ranks 1-250 of the 300 the source publishes",2024,https://clincalc.com/DrugStats/Top300Drugs.aspx
116,Mirtazapine,"5,605,882","BLOCK 1 of 3 - SECONDARY (ClinCalc DrugStats 'The Top 300 of 2024', derived from the AHRQ MEPS Prescribed Medicines file): estimated total US outpatient prescriptions in 2024, source column 'Total Prescriptions (2024)'; all payers, general outpatient; ranks 1-250 of the 300 the source publishes",2024,https://clincalc.com/DrugStats/Top300Drugs.aspx
117,Levetiracetam,"5,508,579","BLOCK 1 of 3 - SECONDARY (ClinCalc DrugStats 'The Top 300 of 2024', derived from the AHRQ MEPS Prescribed Medicines file): estimated total US outpatient prescriptions in 2024, source column 'Total Prescriptions (2024)'; all payers, general outpatient; ranks 1-250 of the 300 the source publishes",2024,https://clincalc.com/DrugStats/Top300Drugs.aspx
118,Norethindrone,"5,482,819","BLOCK 1 of 3 - SECONDARY (ClinCalc DrugStats 'The Top 300 of 2024', derived from the AHRQ MEPS Prescribed Medicines file): estimated total US outpatient prescriptions in 2024, source column 'Total Prescriptions (2024)'; all payers, general outpatient; ranks 1-250 of the 300 the source publishes",2024,https://clincalc.com/DrugStats/Top300Drugs.aspx
119,Tadalafil,"5,478,136","BLOCK 1 of 3 - SECONDARY (ClinCalc DrugStats 'The Top 300 of 2024', derived from the AHRQ MEPS Prescribed Medicines file): estimated total US outpatient prescriptions in 2024, source column 'Total Prescriptions (2024)'; all payers, general outpatient; ranks 1-250 of the 300 the source publishes",2024,https://clincalc.com/DrugStats/Top300Drugs.aspx
120,Nifedipine,"5,474,488","BLOCK 1 of 3 - SECONDARY (ClinCalc DrugStats 'The Top 300 of 2024', derived from the AHRQ MEPS Prescribed Medicines file): estimated total US outpatient prescriptions in 2024, source column 'Total Prescriptions (2024)'; all payers, general outpatient; ranks 1-250 of the 300 the source publishes",2024,https://clincalc.com/DrugStats/Top300Drugs.aspx
121,Progesterone,"5,468,709","BLOCK 1 of 3 - SECONDARY (ClinCalc DrugStats 'The Top 300 of 2024', derived from the AHRQ MEPS Prescribed Medicines file): estimated total US outpatient prescriptions in 2024, source column 'Total Prescriptions (2024)'; all payers, general outpatient; ranks 1-250 of the 300 the source publishes",2024,https://clincalc.com/DrugStats/Top300Drugs.aspx
122,Insulin Degludec,"5,466,073","BLOCK 1 of 3 - SECONDARY (ClinCalc DrugStats 'The Top 300 of 2024', derived from the AHRQ MEPS Prescribed Medicines file): estimated total US outpatient prescriptions in 2024, source column 'Total Prescriptions (2024)'; all payers, general outpatient; ranks 1-250 of the 300 the source publishes",2024,https://clincalc.com/DrugStats/Top300Drugs.aspx
123,Cyanocobalamin,"5,432,400","BLOCK 1 of 3 - SECONDARY (ClinCalc DrugStats 'The Top 300 of 2024', derived from the AHRQ MEPS Prescribed Medicines file): estimated total US outpatient prescriptions in 2024, source column 'Total Prescriptions (2024)'; all payers, general outpatient; ranks 1-250 of the 300 the source publishes",2024,https://clincalc.com/DrugStats/Top300Drugs.aspx
124,Hydralazine,"5,391,649","BLOCK 1 of 3 - SECONDARY (ClinCalc DrugStats 'The Top 300 of 2024', derived from the AHRQ MEPS Prescribed Medicines file): estimated total US outpatient prescriptions in 2024, source column 'Total Prescriptions (2024)'; all payers, general outpatient; ranks 1-250 of the 300 the source publishes",2024,https://clincalc.com/DrugStats/Top300Drugs.aspx
125,Adalimumab,"5,198,809","BLOCK 1 of 3 - SECONDARY (ClinCalc DrugStats 'The Top 300 of 2024', derived from the AHRQ MEPS Prescribed Medicines file): estimated total US outpatient prescriptions in 2024, source column 'Total Prescriptions (2024)'; all payers, general outpatient; ranks 1-250 of the 300 the source publishes",2024,https://clincalc.com/DrugStats/Top300Drugs.aspx
126,Azelastine,"5,148,696","BLOCK 1 of 3 - SECONDARY (ClinCalc DrugStats 'The Top 300 of 2024', derived from the AHRQ MEPS Prescribed Medicines file): estimated total US outpatient prescriptions in 2024, source column 'Total Prescriptions (2024)'; all payers, general outpatient; ranks 1-250 of the 300 the source publishes",2024,https://clincalc.com/DrugStats/Top300Drugs.aspx
127,Sitagliptin,"5,147,491","BLOCK 1 of 3 - SECONDARY (ClinCalc DrugStats 'The Top 300 of 2024', derived from the AHRQ MEPS Prescribed Medicines file): estimated total US outpatient prescriptions in 2024, source column 'Total Prescriptions (2024)'; all payers, general outpatient; ranks 1-250 of the 300 the source publishes",2024,https://clincalc.com/DrugStats/Top300Drugs.aspx
128,Glimepiride,"5,109,702","BLOCK 1 of 3 - SECONDARY (ClinCalc DrugStats 'The Top 300 of 2024', derived from the AHRQ MEPS Prescribed Medicines file): estimated total US outpatient prescriptions in 2024, source column 'Total Prescriptions (2024)'; all payers, general outpatient; ranks 1-250 of the 300 the source publishes",2024,https://clincalc.com/DrugStats/Top300Drugs.aspx
129,Chlorthalidone,"4,931,283","BLOCK 1 of 3 - SECONDARY (ClinCalc DrugStats 'The Top 300 of 2024', derived from the AHRQ MEPS Prescribed Medicines file): estimated total US outpatient prescriptions in 2024, source column 'Total Prescriptions (2024)'; all payers, general outpatient; ranks 1-250 of the 300 the source publishes",2024,https://clincalc.com/DrugStats/Top300Drugs.aspx
130,Oxybutynin,"4,908,779","BLOCK 1 of 3 - SECONDARY (ClinCalc DrugStats 'The Top 300 of 2024', derived from the AHRQ MEPS Prescribed Medicines file): estimated total US outpatient prescriptions in 2024, source column 'Total Prescriptions (2024)'; all payers, general outpatient; ranks 1-250 of the 300 the source publishes",2024,https://clincalc.com/DrugStats/Top300Drugs.aspx
131,Pioglitazone,"4,851,829","BLOCK 1 of 3 - SECONDARY (ClinCalc DrugStats 'The Top 300 of 2024', derived from the AHRQ MEPS Prescribed Medicines file): estimated total US outpatient prescriptions in 2024, source column 'Total Prescriptions (2024)'; all payers, general outpatient; ranks 1-250 of the 300 the source publishes",2024,https://clincalc.com/DrugStats/Top300Drugs.aspx
132,Ketoconazole,"4,820,501","BLOCK 1 of 3 - SECONDARY (ClinCalc DrugStats 'The Top 300 of 2024', derived from the AHRQ MEPS Prescribed Medicines file): estimated total US outpatient prescriptions in 2024, source column 'Total Prescriptions (2024)'; all payers, general outpatient; ranks 1-250 of the 300 the source publishes",2024,https://clincalc.com/DrugStats/Top300Drugs.aspx
133,Irbesartan,"4,753,049","BLOCK 1 of 3 - SECONDARY (ClinCalc DrugStats 'The Top 300 of 2024', derived from the AHRQ MEPS Prescribed Medicines file): estimated total US outpatient prescriptions in 2024, source column 'Total Prescriptions (2024)'; all payers, general outpatient; ranks 1-250 of the 300 the source publishes",2024,https://clincalc.com/DrugStats/Top300Drugs.aspx
134,Hydroxychloroquine,"4,708,302","BLOCK 1 of 3 - SECONDARY (ClinCalc DrugStats 'The Top 300 of 2024', derived from the AHRQ MEPS Prescribed Medicines file): estimated total US outpatient prescriptions in 2024, source column 'Total Prescriptions (2024)'; all payers, general outpatient; ranks 1-250 of the 300 the source publishes",2024,https://clincalc.com/DrugStats/Top300Drugs.aspx
135,Sulfamethoxazole; Trimethoprim,"4,636,824","BLOCK 1 of 3 - SECONDARY (ClinCalc DrugStats 'The Top 300 of 2024', derived from the AHRQ MEPS Prescribed Medicines file): estimated total US outpatient prescriptions in 2024, source column 'Total Prescriptions (2024)'; all payers, general outpatient; ranks 1-250 of the 300 the source publishes",2024,https://clincalc.com/DrugStats/Top300Drugs.aspx
136,Benzonatate,"4,617,060","BLOCK 1 of 3 - SECONDARY (ClinCalc DrugStats 'The Top 300 of 2024', derived from the AHRQ MEPS Prescribed Medicines file): estimated total US outpatient prescriptions in 2024, source column 'Total Prescriptions (2024)'; all payers, general outpatient; ranks 1-250 of the 300 the source publishes",2024,https://clincalc.com/DrugStats/Top300Drugs.aspx
137,Nitrofurantoin,"4,576,845","BLOCK 1 of 3 - SECONDARY (ClinCalc DrugStats 'The Top 300 of 2024', derived from the AHRQ MEPS Prescribed Medicines file): estimated total US outpatient prescriptions in 2024, source column 'Total Prescriptions (2024)'; all payers, general outpatient; ranks 1-250 of the 300 the source publishes",2024,https://clincalc.com/DrugStats/Top300Drugs.aspx
138,Isosorbide,"4,573,683","BLOCK 1 of 3 - SECONDARY (ClinCalc DrugStats 'The Top 300 of 2024', derived from the AHRQ MEPS Prescribed Medicines file): estimated total US outpatient prescriptions in 2024, source column 'Total Prescriptions (2024)'; all payers, general outpatient; ranks 1-250 of the 300 the source publishes",2024,https://clincalc.com/DrugStats/Top300Drugs.aspx
139,Methylprednisolone,"4,523,154","BLOCK 1 of 3 - SECONDARY (ClinCalc DrugStats 'The Top 300 of 2024', derived from the AHRQ MEPS Prescribed Medicines file): estimated total US outpatient prescriptions in 2024, source column 'Total Prescriptions (2024)'; all payers, general outpatient; ranks 1-250 of the 300 the source publishes",2024,https://clincalc.com/DrugStats/Top300Drugs.aspx
140,Hydrochlorothiazide; Triamterene,"4,440,459","BLOCK 1 of 3 - SECONDARY (ClinCalc DrugStats 'The Top 300 of 2024', derived from the AHRQ MEPS Prescribed Medicines file): estimated total US outpatient prescriptions in 2024, source column 'Total Prescriptions (2024)'; all payers, general outpatient; ranks 1-250 of the 300 the source publishes",2024,https://clincalc.com/DrugStats/Top300Drugs.aspx
141,Levocetirizine,"4,423,398","BLOCK 1 of 3 - SECONDARY (ClinCalc DrugStats 'The Top 300 of 2024', derived from the AHRQ MEPS Prescribed Medicines file): estimated total US outpatient prescriptions in 2024, source column 'Total Prescriptions (2024)'; all payers, general outpatient; ranks 1-250 of the 300 the source publishes",2024,https://clincalc.com/DrugStats/Top300Drugs.aspx
142,Clindamycin,"4,386,928","BLOCK 1 of 3 - SECONDARY (ClinCalc DrugStats 'The Top 300 of 2024', derived from the AHRQ MEPS Prescribed Medicines file): estimated total US outpatient prescriptions in 2024, source column 'Total Prescriptions (2024)'; all payers, general outpatient; ranks 1-250 of the 300 the source publishes",2024,https://clincalc.com/DrugStats/Top300Drugs.aspx
143,Atomoxetine,"4,208,253","BLOCK 1 of 3 - SECONDARY (ClinCalc DrugStats 'The Top 300 of 2024', derived from the AHRQ MEPS Prescribed Medicines file): estimated total US outpatient prescriptions in 2024, source column 'Total Prescriptions (2024)'; all payers, general outpatient; ranks 1-250 of the 300 the source publishes",2024,https://clincalc.com/DrugStats/Top300Drugs.aspx
144,Dexmethylphenidate,"4,033,754","BLOCK 1 of 3 - SECONDARY (ClinCalc DrugStats 'The Top 300 of 2024', derived from the AHRQ MEPS Prescribed Medicines file): estimated total US outpatient prescriptions in 2024, source column 'Total Prescriptions (2024)'; all payers, general outpatient; ranks 1-250 of the 300 the source publishes",2024,https://clincalc.com/DrugStats/Top300Drugs.aspx
145,Methotrexate,"4,014,149","BLOCK 1 of 3 - SECONDARY (ClinCalc DrugStats 'The Top 300 of 2024', derived from the AHRQ MEPS Prescribed Medicines file): estimated total US outpatient prescriptions in 2024, source column 'Total Prescriptions (2024)'; all payers, general outpatient; ranks 1-250 of the 300 the source publishes",2024,https://clincalc.com/DrugStats/Top300Drugs.aspx
146,Donepezil,"3,899,860","BLOCK 1 of 3 - SECONDARY (ClinCalc DrugStats 'The Top 300 of 2024', derived from the AHRQ MEPS Prescribed Medicines file): estimated total US outpatient prescriptions in 2024, source column 'Total Prescriptions (2024)'; all payers, general outpatient; ranks 1-250 of the 300 the source publishes",2024,https://clincalc.com/DrugStats/Top300Drugs.aspx
147,Desvenlafaxine,"3,875,578","BLOCK 1 of 3 - SECONDARY (ClinCalc DrugStats 'The Top 300 of 2024', derived from the AHRQ MEPS Prescribed Medicines file): estimated total US outpatient prescriptions in 2024, source column 'Total Prescriptions (2024)'; all payers, general outpatient; ranks 1-250 of the 300 the source publishes",2024,https://clincalc.com/DrugStats/Top300Drugs.aspx
148,Ropinirole,"3,839,677","BLOCK 1 of 3 - SECONDARY (ClinCalc DrugStats 'The Top 300 of 2024', derived from the AHRQ MEPS Prescribed Medicines file): estimated total US outpatient prescriptions in 2024, source column 'Total Prescriptions (2024)'; all payers, general outpatient; ranks 1-250 of the 300 the source publishes",2024,https://clincalc.com/DrugStats/Top300Drugs.aspx
149,Clobetasol,"3,823,176","BLOCK 1 of 3 - SECONDARY (ClinCalc DrugStats 'The Top 300 of 2024', derived from the AHRQ MEPS Prescribed Medicines file): estimated total US outpatient prescriptions in 2024, source column 'Total Prescriptions (2024)'; all payers, general outpatient; ranks 1-250 of the 300 the source publishes",2024,https://clincalc.com/DrugStats/Top300Drugs.aspx
150,Fluticasone; Vilanterol,"3,798,121","BLOCK 1 of 3 - SECONDARY (ClinCalc DrugStats 'The Top 300 of 2024', derived from the AHRQ MEPS Prescribed Medicines file): estimated total US outpatient prescriptions in 2024, source column 'Total Prescriptions (2024)'; all payers, general outpatient; ranks 1-250 of the 300 the source publishes",2024,https://clincalc.com/DrugStats/Top300Drugs.aspx
151,Albuterol; Ipratropium,"3,785,663","BLOCK 1 of 3 - SECONDARY (ClinCalc DrugStats 'The Top 300 of 2024', derived from the AHRQ MEPS Prescribed Medicines file): estimated total US outpatient prescriptions in 2024, source column 'Total Prescriptions (2024)'; all payers, general outpatient; ranks 1-250 of the 300 the source publishes",2024,https://clincalc.com/DrugStats/Top300Drugs.aspx
152,Phentermine,"3,766,803","BLOCK 1 of 3 - SECONDARY (ClinCalc DrugStats 'The Top 300 of 2024', derived from the AHRQ MEPS Prescribed Medicines file): estimated total US outpatient prescriptions in 2024, source column 'Total Prescriptions (2024)'; all payers, general outpatient; ranks 1-250 of the 300 the source publishes",2024,https://clincalc.com/DrugStats/Top300Drugs.aspx
153,Ofloxacin,"3,766,397","BLOCK 1 of 3 - SECONDARY (ClinCalc DrugStats 'The Top 300 of 2024', derived from the AHRQ MEPS Prescribed Medicines file): estimated total US outpatient prescriptions in 2024, source column 'Total Prescriptions (2024)'; all payers, general outpatient; ranks 1-250 of the 300 the source publishes",2024,https://clincalc.com/DrugStats/Top300Drugs.aspx
154,Mupirocin,"3,716,448","BLOCK 1 of 3 - SECONDARY (ClinCalc DrugStats 'The Top 300 of 2024', derived from the AHRQ MEPS Prescribed Medicines file): estimated total US outpatient prescriptions in 2024, source column 'Total Prescriptions (2024)'; all payers, general outpatient; ranks 1-250 of the 300 the source publishes",2024,https://clincalc.com/DrugStats/Top300Drugs.aspx
155,Verapamil,"3,686,373","BLOCK 1 of 3 - SECONDARY (ClinCalc DrugStats 'The Top 300 of 2024', derived from the AHRQ MEPS Prescribed Medicines file): estimated total US outpatient prescriptions in 2024, source column 'Total Prescriptions (2024)'; all payers, general outpatient; ranks 1-250 of the 300 the source publishes",2024,https://clincalc.com/DrugStats/Top300Drugs.aspx
156,Olanzapine,"3,642,411","BLOCK 1 of 3 - SECONDARY (ClinCalc DrugStats 'The Top 300 of 2024', derived from the AHRQ MEPS Prescribed Medicines file): estimated total US outpatient prescriptions in 2024, source column 'Total Prescriptions (2024)'; all payers, general outpatient; ranks 1-250 of the 300 the source publishes",2024,https://clincalc.com/DrugStats/Top300Drugs.aspx
157,Metronidazole,"3,599,381","BLOCK 1 of 3 - SECONDARY (ClinCalc DrugStats 'The Top 300 of 2024', derived from the AHRQ MEPS Prescribed Medicines file): estimated total US outpatient prescriptions in 2024, source column 'Total Prescriptions (2024)'; all payers, general outpatient; ranks 1-250 of the 300 the source publishes",2024,https://clincalc.com/DrugStats/Top300Drugs.aspx
158,Prazosin,"3,554,064","BLOCK 1 of 3 - SECONDARY (ClinCalc DrugStats 'The Top 300 of 2024', derived from the AHRQ MEPS Prescribed Medicines file): estimated total US outpatient prescriptions in 2024, source column 'Total Prescriptions (2024)'; all payers, general outpatient; ranks 1-250 of the 300 the source publishes",2024,https://clincalc.com/DrugStats/Top300Drugs.aspx
159,Ciprofloxacin,"3,547,442","BLOCK 1 of 3 - SECONDARY (ClinCalc DrugStats 'The Top 300 of 2024', derived from the AHRQ MEPS Prescribed Medicines file): estimated total US outpatient prescriptions in 2024, source column 'Total Prescriptions (2024)'; all payers, general outpatient; ranks 1-250 of the 300 the source publishes",2024,https://clincalc.com/DrugStats/Top300Drugs.aspx
160,Sildenafil,"3,545,862","BLOCK 1 of 3 - SECONDARY (ClinCalc DrugStats 'The Top 300 of 2024', derived from the AHRQ MEPS Prescribed Medicines file): estimated total US outpatient prescriptions in 2024, source column 'Total Prescriptions (2024)'; all payers, general outpatient; ranks 1-250 of the 300 the source publishes",2024,https://clincalc.com/DrugStats/Top300Drugs.aspx
161,Ethinyl Estradiol; Levonorgestrel,"3,541,217","BLOCK 1 of 3 - SECONDARY (ClinCalc DrugStats 'The Top 300 of 2024', derived from the AHRQ MEPS Prescribed Medicines file): estimated total US outpatient prescriptions in 2024, source column 'Total Prescriptions (2024)'; all payers, general outpatient; ranks 1-250 of the 300 the source publishes",2024,https://clincalc.com/DrugStats/Top300Drugs.aspx
162,Evolocumab,"3,521,049","BLOCK 1 of 3 - SECONDARY (ClinCalc DrugStats 'The Top 300 of 2024', derived from the AHRQ MEPS Prescribed Medicines file): estimated total US outpatient prescriptions in 2024, source column 'Total Prescriptions (2024)'; all payers, general outpatient; ranks 1-250 of the 300 the source publishes",2024,https://clincalc.com/DrugStats/Top300Drugs.aspx
163,Mesalamine,"3,385,888","BLOCK 1 of 3 - SECONDARY (ClinCalc DrugStats 'The Top 300 of 2024', derived from the AHRQ MEPS Prescribed Medicines file): estimated total US outpatient prescriptions in 2024, source column 'Total Prescriptions (2024)'; all payers, general outpatient; ranks 1-250 of the 300 the source publishes",2024,https://clincalc.com/DrugStats/Top300Drugs.aspx
164,Memantine,"3,378,922","BLOCK 1 of 3 - SECONDARY (ClinCalc DrugStats 'The Top 300 of 2024', derived from the AHRQ MEPS Prescribed Medicines file): estimated total US outpatient prescriptions in 2024, source column 'Total Prescriptions (2024)'; all payers, general outpatient; ranks 1-250 of the 300 the source publishes",2024,https://clincalc.com/DrugStats/Top300Drugs.aspx
165,Ethinyl Estradiol; Etonogestrel,"3,372,586","BLOCK 1 of 3 - SECONDARY (ClinCalc DrugStats 'The Top 300 of 2024', derived from the AHRQ MEPS Prescribed Medicines file): estimated total US outpatient prescriptions in 2024, source column 'Total Prescriptions (2024)'; all payers, general outpatient; ranks 1-250 of the 300 the source publishes",2024,https://clincalc.com/DrugStats/Top300Drugs.aspx
166,Diazepam,"3,346,943","BLOCK 1 of 3 - SECONDARY (ClinCalc DrugStats 'The Top 300 of 2024', derived from the AHRQ MEPS Prescribed Medicines file): estimated total US outpatient prescriptions in 2024, source column 'Total Prescriptions (2024)'; all payers, general outpatient; ranks 1-250 of the 300 the source publishes",2024,https://clincalc.com/DrugStats/Top300Drugs.aspx
167,Lithium,"3,301,040","BLOCK 1 of 3 - SECONDARY (ClinCalc DrugStats 'The Top 300 of 2024', derived from the AHRQ MEPS Prescribed Medicines file): estimated total US outpatient prescriptions in 2024, source column 'Total Prescriptions (2024)'; all payers, general outpatient; ranks 1-250 of the 300 the source publishes",2024,https://clincalc.com/DrugStats/Top300Drugs.aspx
168,Nortriptyline,"3,297,511","BLOCK 1 of 3 - SECONDARY (ClinCalc DrugStats 'The Top 300 of 2024', derived from the AHRQ MEPS Prescribed Medicines file): estimated total US outpatient prescriptions in 2024, source column 'Total Prescriptions (2024)'; all payers, general outpatient; ranks 1-250 of the 300 the source publishes",2024,https://clincalc.com/DrugStats/Top300Drugs.aspx
169,Timolol,"3,283,753","BLOCK 1 of 3 - SECONDARY (ClinCalc DrugStats 'The Top 300 of 2024', derived from the AHRQ MEPS Prescribed Medicines file): estimated total US outpatient prescriptions in 2024, source column 'Total Prescriptions (2024)'; all payers, general outpatient; ranks 1-250 of the 300 the source publishes",2024,https://clincalc.com/DrugStats/Top300Drugs.aspx
170,Cefdinir,"3,282,421","BLOCK 1 of 3 - SECONDARY (ClinCalc DrugStats 'The Top 300 of 2024', derived from the AHRQ MEPS Prescribed Medicines file): estimated total US outpatient prescriptions in 2024, source column 'Total Prescriptions (2024)'; all payers, general outpatient; ranks 1-250 of the 300 the source publishes",2024,https://clincalc.com/DrugStats/Top300Drugs.aspx
171,Magnesium Salts,"3,265,004","BLOCK 1 of 3 - SECONDARY (ClinCalc DrugStats 'The Top 300 of 2024', derived from the AHRQ MEPS Prescribed Medicines file): estimated total US outpatient prescriptions in 2024, source column 'Total Prescriptions (2024)'; all payers, general outpatient; ranks 1-250 of the 300 the source publishes",2024,https://clincalc.com/DrugStats/Top300Drugs.aspx
172,Meclizine,"3,246,111","BLOCK 1 of 3 - SECONDARY (ClinCalc DrugStats 'The Top 300 of 2024', derived from the AHRQ MEPS Prescribed Medicines file): estimated total US outpatient prescriptions in 2024, source column 'Total Prescriptions (2024)'; all payers, general outpatient; ranks 1-250 of the 300 the source publishes",2024,https://clincalc.com/DrugStats/Top300Drugs.aspx
173,Cyclosporine,"3,231,769","BLOCK 1 of 3 - SECONDARY (ClinCalc DrugStats 'The Top 300 of 2024', derived from the AHRQ MEPS Prescribed Medicines file): estimated total US outpatient prescriptions in 2024, source column 'Total Prescriptions (2024)'; all payers, general outpatient; ranks 1-250 of the 300 the source publishes",2024,https://clincalc.com/DrugStats/Top300Drugs.aspx
174,Fluconazole,"3,157,604","BLOCK 1 of 3 - SECONDARY (ClinCalc DrugStats 'The Top 300 of 2024', derived from the AHRQ MEPS Prescribed Medicines file): estimated total US outpatient prescriptions in 2024, source column 'Total Prescriptions (2024)'; all payers, general outpatient; ranks 1-250 of the 300 the source publishes",2024,https://clincalc.com/DrugStats/Top300Drugs.aspx
175,Rimegepant,"3,155,302","BLOCK 1 of 3 - SECONDARY (ClinCalc DrugStats 'The Top 300 of 2024', derived from the AHRQ MEPS Prescribed Medicines file): estimated total US outpatient prescriptions in 2024, source column 'Total Prescriptions (2024)'; all payers, general outpatient; ranks 1-250 of the 300 the source publishes",2024,https://clincalc.com/DrugStats/Top300Drugs.aspx
176,Tretinoin,"3,140,210","BLOCK 1 of 3 - SECONDARY (ClinCalc DrugStats 'The Top 300 of 2024', derived from the AHRQ MEPS Prescribed Medicines file): estimated total US outpatient prescriptions in 2024, source column 'Total Prescriptions (2024)'; all payers, general outpatient; ranks 1-250 of the 300 the source publishes",2024,https://clincalc.com/DrugStats/Top300Drugs.aspx
177,Lovastatin,"3,113,073","BLOCK 1 of 3 - SECONDARY (ClinCalc DrugStats 'The Top 300 of 2024', derived from the AHRQ MEPS Prescribed Medicines file): estimated total US outpatient prescriptions in 2024, source column 'Total Prescriptions (2024)'; all payers, general outpatient; ranks 1-250 of the 300 the source publishes",2024,https://clincalc.com/DrugStats/Top300Drugs.aspx
178,Drospirenone; Ethinyl Estradiol,"3,110,100","BLOCK 1 of 3 - SECONDARY (ClinCalc DrugStats 'The Top 300 of 2024', derived from the AHRQ MEPS Prescribed Medicines file): estimated total US outpatient prescriptions in 2024, source column 'Total Prescriptions (2024)'; all payers, general outpatient; ranks 1-250 of the 300 the source publishes",2024,https://clincalc.com/DrugStats/Top300Drugs.aspx
179,Tiotropium,"3,084,835","BLOCK 1 of 3 - SECONDARY (ClinCalc DrugStats 'The Top 300 of 2024', derived from the AHRQ MEPS Prescribed Medicines file): estimated total US outpatient prescriptions in 2024, source column 'Total Prescriptions (2024)'; all payers, general outpatient; ranks 1-250 of the 300 the source publishes",2024,https://clincalc.com/DrugStats/Top300Drugs.aspx
180,Docusate,"3,058,222","BLOCK 1 of 3 - SECONDARY (ClinCalc DrugStats 'The Top 300 of 2024', derived from the AHRQ MEPS Prescribed Medicines file): estimated total US outpatient prescriptions in 2024, source column 'Total Prescriptions (2024)'; all payers, general outpatient; ranks 1-250 of the 300 the source publishes",2024,https://clincalc.com/DrugStats/Top300Drugs.aspx
181,Temazepam,"3,020,872","BLOCK 1 of 3 - SECONDARY (ClinCalc DrugStats 'The Top 300 of 2024', derived from the AHRQ MEPS Prescribed Medicines file): estimated total US outpatient prescriptions in 2024, source column 'Total Prescriptions (2024)'; all payers, general outpatient; ranks 1-250 of the 300 the source publishes",2024,https://clincalc.com/DrugStats/Top300Drugs.aspx
182,Benazepril,"3,009,943","BLOCK 1 of 3 - SECONDARY (ClinCalc DrugStats 'The Top 300 of 2024', derived from the AHRQ MEPS Prescribed Medicines file): estimated total US outpatient prescriptions in 2024, source column 'Total Prescriptions (2024)'; all payers, general outpatient; ranks 1-250 of the 300 the source publishes",2024,https://clincalc.com/DrugStats/Top300Drugs.aspx
183,Brimonidine,"2,999,164","BLOCK 1 of 3 - SECONDARY (ClinCalc DrugStats 'The Top 300 of 2024', derived from the AHRQ MEPS Prescribed Medicines file): estimated total US outpatient prescriptions in 2024, source column 'Total Prescriptions (2024)'; all payers, general outpatient; ranks 1-250 of the 300 the source publishes",2024,https://clincalc.com/DrugStats/Top300Drugs.aspx
184,Sacubitril; Valsartan,"2,846,804","BLOCK 1 of 3 - SECONDARY (ClinCalc DrugStats 'The Top 300 of 2024', derived from the AHRQ MEPS Prescribed Medicines file): estimated total US outpatient prescriptions in 2024, source column 'Total Prescriptions (2024)'; all payers, general outpatient; ranks 1-250 of the 300 the source publishes",2024,https://clincalc.com/DrugStats/Top300Drugs.aspx
185,Valproate,"2,837,435","BLOCK 1 of 3 - SECONDARY (ClinCalc DrugStats 'The Top 300 of 2024', derived from the AHRQ MEPS Prescribed Medicines file): estimated total US outpatient prescriptions in 2024, source column 'Total Prescriptions (2024)'; all payers, general outpatient; ranks 1-250 of the 300 the source publishes",2024,https://clincalc.com/DrugStats/Top300Drugs.aspx
186,Nebivolol,"2,808,667","BLOCK 1 of 3 - SECONDARY (ClinCalc DrugStats 'The Top 300 of 2024', derived from the AHRQ MEPS Prescribed Medicines file): estimated total US outpatient prescriptions in 2024, source column 'Total Prescriptions (2024)'; all payers, general outpatient; ranks 1-250 of the 300 the source publishes",2024,https://clincalc.com/DrugStats/Top300Drugs.aspx
187,Acyclovir,"2,696,267","BLOCK 1 of 3 - SECONDARY (ClinCalc DrugStats 'The Top 300 of 2024', derived from the AHRQ MEPS Prescribed Medicines file): estimated total US outpatient prescriptions in 2024, source column 'Total Prescriptions (2024)'; all payers, general outpatient; ranks 1-250 of the 300 the source publishes",2024,https://clincalc.com/DrugStats/Top300Drugs.aspx
188,Morphine,"2,684,279","BLOCK 1 of 3 - SECONDARY (ClinCalc DrugStats 'The Top 300 of 2024', derived from the AHRQ MEPS Prescribed Medicines file): estimated total US outpatient prescriptions in 2024, source column 'Total Prescriptions (2024)'; all payers, general outpatient; ranks 1-250 of the 300 the source publishes",2024,https://clincalc.com/DrugStats/Top300Drugs.aspx
189,Doxazosin,"2,661,285","BLOCK 1 of 3 - SECONDARY (ClinCalc DrugStats 'The Top 300 of 2024', derived from the AHRQ MEPS Prescribed Medicines file): estimated total US outpatient prescriptions in 2024, source column 'Total Prescriptions (2024)'; all payers, general outpatient; ranks 1-250 of the 300 the source publishes",2024,https://clincalc.com/DrugStats/Top300Drugs.aspx
190,Amlodipine; Benazepril,"2,639,447","BLOCK 1 of 3 - SECONDARY (ClinCalc DrugStats 'The Top 300 of 2024', derived from the AHRQ MEPS Prescribed Medicines file): estimated total US outpatient prescriptions in 2024, source column 'Total Prescriptions (2024)'; all payers, general outpatient; ranks 1-250 of the 300 the source publishes",2024,https://clincalc.com/DrugStats/Top300Drugs.aspx
191,Nirmatrelvir; Ritonavir,"2,609,803","BLOCK 1 of 3 - SECONDARY (ClinCalc DrugStats 'The Top 300 of 2024', derived from the AHRQ MEPS Prescribed Medicines file): estimated total US outpatient prescriptions in 2024, source column 'Total Prescriptions (2024)'; all payers, general outpatient; ranks 1-250 of the 300 the source publishes",2024,https://clincalc.com/DrugStats/Top300Drugs.aspx
192,Emtricitabine; Tenofovir,"2,603,696","BLOCK 1 of 3 - SECONDARY (ClinCalc DrugStats 'The Top 300 of 2024', derived from the AHRQ MEPS Prescribed Medicines file): estimated total US outpatient prescriptions in 2024, source column 'Total Prescriptions (2024)'; all payers, general outpatient; ranks 1-250 of the 300 the source publishes",2024,https://clincalc.com/DrugStats/Top300Drugs.aspx
193,Budesonide,"2,598,102","BLOCK 1 of 3 - SECONDARY (ClinCalc DrugStats 'The Top 300 of 2024', derived from the AHRQ MEPS Prescribed Medicines file): estimated total US outpatient prescriptions in 2024, source column 'Total Prescriptions (2024)'; all payers, general outpatient; ranks 1-250 of the 300 the source publishes",2024,https://clincalc.com/DrugStats/Top300Drugs.aspx
194,Tacrolimus,"2,592,550","BLOCK 1 of 3 - SECONDARY (ClinCalc DrugStats 'The Top 300 of 2024', derived from the AHRQ MEPS Prescribed Medicines file): estimated total US outpatient prescriptions in 2024, source column 'Total Prescriptions (2024)'; all payers, general outpatient; ranks 1-250 of the 300 the source publishes",2024,https://clincalc.com/DrugStats/Top300Drugs.aspx
195,Dupilumab,"2,557,601","BLOCK 1 of 3 - SECONDARY (ClinCalc DrugStats 'The Top 300 of 2024', derived from the AHRQ MEPS Prescribed Medicines file): estimated total US outpatient prescriptions in 2024, source column 'Total Prescriptions (2024)'; all payers, general outpatient; ranks 1-250 of the 300 the source publishes",2024,https://clincalc.com/DrugStats/Top300Drugs.aspx
196,Enalapril,"2,548,322","BLOCK 1 of 3 - SECONDARY (ClinCalc DrugStats 'The Top 300 of 2024', derived from the AHRQ MEPS Prescribed Medicines file): estimated total US outpatient prescriptions in 2024, source column 'Total Prescriptions (2024)'; all payers, general outpatient; ranks 1-250 of the 300 the source publishes",2024,https://clincalc.com/DrugStats/Top300Drugs.aspx
197,Anastrozole,"2,505,483","BLOCK 1 of 3 - SECONDARY (ClinCalc DrugStats 'The Top 300 of 2024', derived from the AHRQ MEPS Prescribed Medicines file): estimated total US outpatient prescriptions in 2024, source column 'Total Prescriptions (2024)'; all payers, general outpatient; ranks 1-250 of the 300 the source publishes",2024,https://clincalc.com/DrugStats/Top300Drugs.aspx
198,Melatonin,"2,474,197","BLOCK 1 of 3 - SECONDARY (ClinCalc DrugStats 'The Top 300 of 2024', derived from the AHRQ MEPS Prescribed Medicines file): estimated total US outpatient prescriptions in 2024, source column 'Total Prescriptions (2024)'; all payers, general outpatient; ranks 1-250 of the 300 the source publishes",2024,https://clincalc.com/DrugStats/Top300Drugs.aspx
199,Torsemide,"2,417,567","BLOCK 1 of 3 - SECONDARY (ClinCalc DrugStats 'The Top 300 of 2024', derived from the AHRQ MEPS Prescribed Medicines file): estimated total US outpatient prescriptions in 2024, source column 'Total Prescriptions (2024)'; all payers, general outpatient; ranks 1-250 of the 300 the source publishes",2024,https://clincalc.com/DrugStats/Top300Drugs.aspx
200,Polyethylene Glycol 3350,"2,397,384","BLOCK 1 of 3 - SECONDARY (ClinCalc DrugStats 'The Top 300 of 2024', derived from the AHRQ MEPS Prescribed Medicines file): estimated total US outpatient prescriptions in 2024, source column 'Total Prescriptions (2024)'; all payers, general outpatient; ranks 1-250 of the 300 the source publishes",2024,https://clincalc.com/DrugStats/Top300Drugs.aspx
201,Nitroglycerin,"2,390,279","BLOCK 1 of 3 - SECONDARY (ClinCalc DrugStats 'The Top 300 of 2024', derived from the AHRQ MEPS Prescribed Medicines file): estimated total US outpatient prescriptions in 2024, source column 'Total Prescriptions (2024)'; all payers, general outpatient; ranks 1-250 of the 300 the source publishes",2024,https://clincalc.com/DrugStats/Top300Drugs.aspx
202,Ketorolac,"2,383,165","BLOCK 1 of 3 - SECONDARY (ClinCalc DrugStats 'The Top 300 of 2024', derived from the AHRQ MEPS Prescribed Medicines file): estimated total US outpatient prescriptions in 2024, source column 'Total Prescriptions (2024)'; all payers, general outpatient; ranks 1-250 of the 300 the source publishes",2024,https://clincalc.com/DrugStats/Top300Drugs.aspx
203,Flecainide,"2,344,551","BLOCK 1 of 3 - SECONDARY (ClinCalc DrugStats 'The Top 300 of 2024', derived from the AHRQ MEPS Prescribed Medicines file): estimated total US outpatient prescriptions in 2024, source column 'Total Prescriptions (2024)'; all payers, general outpatient; ranks 1-250 of the 300 the source publishes",2024,https://clincalc.com/DrugStats/Top300Drugs.aspx
204,Liothyronine,"2,328,557","BLOCK 1 of 3 - SECONDARY (ClinCalc DrugStats 'The Top 300 of 2024', derived from the AHRQ MEPS Prescribed Medicines file): estimated total US outpatient prescriptions in 2024, source column 'Total Prescriptions (2024)'; all payers, general outpatient; ranks 1-250 of the 300 the source publishes",2024,https://clincalc.com/DrugStats/Top300Drugs.aspx
205,Telmisartan,"2,293,870","BLOCK 1 of 3 - SECONDARY (ClinCalc DrugStats 'The Top 300 of 2024', derived from the AHRQ MEPS Prescribed Medicines file): estimated total US outpatient prescriptions in 2024, source column 'Total Prescriptions (2024)'; all payers, general outpatient; ranks 1-250 of the 300 the source publishes",2024,https://clincalc.com/DrugStats/Top300Drugs.aspx
206,Risperidone,"2,272,519","BLOCK 1 of 3 - SECONDARY (ClinCalc DrugStats 'The Top 300 of 2024', derived from the AHRQ MEPS Prescribed Medicines file): estimated total US outpatient prescriptions in 2024, source column 'Total Prescriptions (2024)'; all payers, general outpatient; ranks 1-250 of the 300 the source publishes",2024,https://clincalc.com/DrugStats/Top300Drugs.aspx
207,Colchicine,"2,253,946","BLOCK 1 of 3 - SECONDARY (ClinCalc DrugStats 'The Top 300 of 2024', derived from the AHRQ MEPS Prescribed Medicines file): estimated total US outpatient prescriptions in 2024, source column 'Total Prescriptions (2024)'; all payers, general outpatient; ranks 1-250 of the 300 the source publishes",2024,https://clincalc.com/DrugStats/Top300Drugs.aspx
208,Lansoprazole,"2,231,384","BLOCK 1 of 3 - SECONDARY (ClinCalc DrugStats 'The Top 300 of 2024', derived from the AHRQ MEPS Prescribed Medicines file): estimated total US outpatient prescriptions in 2024, source column 'Total Prescriptions (2024)'; all payers, general outpatient; ranks 1-250 of the 300 the source publishes",2024,https://clincalc.com/DrugStats/Top300Drugs.aspx
209,Insulin Human; Insulin Isophane Human,"2,227,309","BLOCK 1 of 3 - SECONDARY (ClinCalc DrugStats 'The Top 300 of 2024', derived from the AHRQ MEPS Prescribed Medicines file): estimated total US outpatient prescriptions in 2024, source column 'Total Prescriptions (2024)'; all payers, general outpatient; ranks 1-250 of the 300 the source publishes",2024,https://clincalc.com/DrugStats/Top300Drugs.aspx
210,Oxcarbazepine,"2,224,620","BLOCK 1 of 3 - SECONDARY (ClinCalc DrugStats 'The Top 300 of 2024', derived from the AHRQ MEPS Prescribed Medicines file): estimated total US outpatient prescriptions in 2024, source column 'Total Prescriptions (2024)'; all payers, general outpatient; ranks 1-250 of the 300 the source publishes",2024,https://clincalc.com/DrugStats/Top300Drugs.aspx
211,Promethazine,"2,216,342","BLOCK 1 of 3 - SECONDARY (ClinCalc DrugStats 'The Top 300 of 2024', derived from the AHRQ MEPS Prescribed Medicines file): estimated total US outpatient prescriptions in 2024, source column 'Total Prescriptions (2024)'; all payers, general outpatient; ranks 1-250 of the 300 the source publishes",2024,https://clincalc.com/DrugStats/Top300Drugs.aspx
212,Dicyclomine,"2,210,374","BLOCK 1 of 3 - SECONDARY (ClinCalc DrugStats 'The Top 300 of 2024', derived from the AHRQ MEPS Prescribed Medicines file): estimated total US outpatient prescriptions in 2024, source column 'Total Prescriptions (2024)'; all payers, general outpatient; ranks 1-250 of the 300 the source publishes",2024,https://clincalc.com/DrugStats/Top300Drugs.aspx
213,Calcium,"2,203,961","BLOCK 1 of 3 - SECONDARY (ClinCalc DrugStats 'The Top 300 of 2024', derived from the AHRQ MEPS Prescribed Medicines file): estimated total US outpatient prescriptions in 2024, source column 'Total Prescriptions (2024)'; all payers, general outpatient; ranks 1-250 of the 300 the source publishes",2024,https://clincalc.com/DrugStats/Top300Drugs.aspx
214,Minoxidil,"2,173,804","BLOCK 1 of 3 - SECONDARY (ClinCalc DrugStats 'The Top 300 of 2024', derived from the AHRQ MEPS Prescribed Medicines file): estimated total US outpatient prescriptions in 2024, source column 'Total Prescriptions (2024)'; all payers, general outpatient; ranks 1-250 of the 300 the source publishes",2024,https://clincalc.com/DrugStats/Top300Drugs.aspx
215,Linaclotide,"2,163,073","BLOCK 1 of 3 - SECONDARY (ClinCalc DrugStats 'The Top 300 of 2024', derived from the AHRQ MEPS Prescribed Medicines file): estimated total US outpatient prescriptions in 2024, source column 'Total Prescriptions (2024)'; all payers, general outpatient; ranks 1-250 of the 300 the source publishes",2024,https://clincalc.com/DrugStats/Top300Drugs.aspx
216,Metoclopramide,"2,134,983","BLOCK 1 of 3 - SECONDARY (ClinCalc DrugStats 'The Top 300 of 2024', derived from the AHRQ MEPS Prescribed Medicines file): estimated total US outpatient prescriptions in 2024, source column 'Total Prescriptions (2024)'; all payers, general outpatient; ranks 1-250 of the 300 the source publishes",2024,https://clincalc.com/DrugStats/Top300Drugs.aspx
217,Rizatriptan,"2,077,661","BLOCK 1 of 3 - SECONDARY (ClinCalc DrugStats 'The Top 300 of 2024', derived from the AHRQ MEPS Prescribed Medicines file): estimated total US outpatient prescriptions in 2024, source column 'Total Prescriptions (2024)'; all payers, general outpatient; ranks 1-250 of the 300 the source publishes",2024,https://clincalc.com/DrugStats/Top300Drugs.aspx
218,Oseltamivir,"2,075,218","BLOCK 1 of 3 - SECONDARY (ClinCalc DrugStats 'The Top 300 of 2024', derived from the AHRQ MEPS Prescribed Medicines file): estimated total US outpatient prescriptions in 2024, source column 'Total Prescriptions (2024)'; all payers, general outpatient; ranks 1-250 of the 300 the source publishes",2024,https://clincalc.com/DrugStats/Top300Drugs.aspx
219,Nystatin,"2,074,092","BLOCK 1 of 3 - SECONDARY (ClinCalc DrugStats 'The Top 300 of 2024', derived from the AHRQ MEPS Prescribed Medicines file): estimated total US outpatient prescriptions in 2024, source column 'Total Prescriptions (2024)'; all payers, general outpatient; ranks 1-250 of the 300 the source publishes",2024,https://clincalc.com/DrugStats/Top300Drugs.aspx
220,Dorzolamide; Timolol,"2,069,605","BLOCK 1 of 3 - SECONDARY (ClinCalc DrugStats 'The Top 300 of 2024', derived from the AHRQ MEPS Prescribed Medicines file): estimated total US outpatient prescriptions in 2024, source column 'Total Prescriptions (2024)'; all payers, general outpatient; ranks 1-250 of the 300 the source publishes",2024,https://clincalc.com/DrugStats/Top300Drugs.aspx
221,Budesonide; Glycopyrrolate; Formoterol,"2,060,689","BLOCK 1 of 3 - SECONDARY (ClinCalc DrugStats 'The Top 300 of 2024', derived from the AHRQ MEPS Prescribed Medicines file): estimated total US outpatient prescriptions in 2024, source column 'Total Prescriptions (2024)'; all payers, general outpatient; ranks 1-250 of the 300 the source publishes",2024,https://clincalc.com/DrugStats/Top300Drugs.aspx
222,Terazosin,"2,049,140","BLOCK 1 of 3 - SECONDARY (ClinCalc DrugStats 'The Top 300 of 2024', derived from the AHRQ MEPS Prescribed Medicines file): estimated total US outpatient prescriptions in 2024, source column 'Total Prescriptions (2024)'; all payers, general outpatient; ranks 1-250 of the 300 the source publishes",2024,https://clincalc.com/DrugStats/Top300Drugs.aspx
223,Dexlansoprazole,"2,022,254","BLOCK 1 of 3 - SECONDARY (ClinCalc DrugStats 'The Top 300 of 2024', derived from the AHRQ MEPS Prescribed Medicines file): estimated total US outpatient prescriptions in 2024, source column 'Total Prescriptions (2024)'; all payers, general outpatient; ranks 1-250 of the 300 the source publishes",2024,https://clincalc.com/DrugStats/Top300Drugs.aspx
224,Acetaminophen; Codeine,"1,974,976","BLOCK 1 of 3 - SECONDARY (ClinCalc DrugStats 'The Top 300 of 2024', derived from the AHRQ MEPS Prescribed Medicines file): estimated total US outpatient prescriptions in 2024, source column 'Total Prescriptions (2024)'; all payers, general outpatient; ranks 1-250 of the 300 the source publishes",2024,https://clincalc.com/DrugStats/Top300Drugs.aspx
225,Erythromycin,"1,966,938","BLOCK 1 of 3 - SECONDARY (ClinCalc DrugStats 'The Top 300 of 2024', derived from the AHRQ MEPS Prescribed Medicines file): estimated total US outpatient prescriptions in 2024, source column 'Total Prescriptions (2024)'; all payers, general outpatient; ranks 1-250 of the 300 the source publishes",2024,https://clincalc.com/DrugStats/Top300Drugs.aspx
226,Dorzolamide,"1,963,503","BLOCK 1 of 3 - SECONDARY (ClinCalc DrugStats 'The Top 300 of 2024', derived from the AHRQ MEPS Prescribed Medicines file): estimated total US outpatient prescriptions in 2024, source column 'Total Prescriptions (2024)'; all payers, general outpatient; ranks 1-250 of the 300 the source publishes",2024,https://clincalc.com/DrugStats/Top300Drugs.aspx
227,Hydrocortisone,"1,946,974","BLOCK 1 of 3 - SECONDARY (ClinCalc DrugStats 'The Top 300 of 2024', derived from the AHRQ MEPS Prescribed Medicines file): estimated total US outpatient prescriptions in 2024, source column 'Total Prescriptions (2024)'; all payers, general outpatient; ranks 1-250 of the 300 the source publishes",2024,https://clincalc.com/DrugStats/Top300Drugs.aspx
228,Bisoprolol,"1,943,969","BLOCK 1 of 3 - SECONDARY (ClinCalc DrugStats 'The Top 300 of 2024', derived from the AHRQ MEPS Prescribed Medicines file): estimated total US outpatient prescriptions in 2024, source column 'Total Prescriptions (2024)'; all payers, general outpatient; ranks 1-250 of the 300 the source publishes",2024,https://clincalc.com/DrugStats/Top300Drugs.aspx
229,Solifenacin,"1,910,370","BLOCK 1 of 3 - SECONDARY (ClinCalc DrugStats 'The Top 300 of 2024', derived from the AHRQ MEPS Prescribed Medicines file): estimated total US outpatient prescriptions in 2024, source column 'Total Prescriptions (2024)'; all payers, general outpatient; ranks 1-250 of the 300 the source publishes",2024,https://clincalc.com/DrugStats/Top300Drugs.aspx
230,Carbamazepine,"1,893,437","BLOCK 1 of 3 - SECONDARY (ClinCalc DrugStats 'The Top 300 of 2024', derived from the AHRQ MEPS Prescribed Medicines file): estimated total US outpatient prescriptions in 2024, source column 'Total Prescriptions (2024)'; all payers, general outpatient; ranks 1-250 of the 300 the source publishes",2024,https://clincalc.com/DrugStats/Top300Drugs.aspx
231,Betamethasone; Clotrimazole,"1,880,841","BLOCK 1 of 3 - SECONDARY (ClinCalc DrugStats 'The Top 300 of 2024', derived from the AHRQ MEPS Prescribed Medicines file): estimated total US outpatient prescriptions in 2024, source column 'Total Prescriptions (2024)'; all payers, general outpatient; ranks 1-250 of the 300 the source publishes",2024,https://clincalc.com/DrugStats/Top300Drugs.aspx
232,Dextroamphetamine,"1,858,742","BLOCK 1 of 3 - SECONDARY (ClinCalc DrugStats 'The Top 300 of 2024', derived from the AHRQ MEPS Prescribed Medicines file): estimated total US outpatient prescriptions in 2024, source column 'Total Prescriptions (2024)'; all payers, general outpatient; ranks 1-250 of the 300 the source publishes",2024,https://clincalc.com/DrugStats/Top300Drugs.aspx
233,Omega-3-acid Ethyl Esters,"1,842,160","BLOCK 1 of 3 - SECONDARY (ClinCalc DrugStats 'The Top 300 of 2024', derived from the AHRQ MEPS Prescribed Medicines file): estimated total US outpatient prescriptions in 2024, source column 'Total Prescriptions (2024)'; all payers, general outpatient; ranks 1-250 of the 300 the source publishes",2024,https://clincalc.com/DrugStats/Top300Drugs.aspx
234,Epinephrine,"1,835,102","BLOCK 1 of 3 - SECONDARY (ClinCalc DrugStats 'The Top 300 of 2024', derived from the AHRQ MEPS Prescribed Medicines file): estimated total US outpatient prescriptions in 2024, source column 'Total Prescriptions (2024)'; all payers, general outpatient; ranks 1-250 of the 300 the source publishes",2024,https://clincalc.com/DrugStats/Top300Drugs.aspx
235,Levofloxacin,"1,796,203","BLOCK 1 of 3 - SECONDARY (ClinCalc DrugStats 'The Top 300 of 2024', derived from the AHRQ MEPS Prescribed Medicines file): estimated total US outpatient prescriptions in 2024, source column 'Total Prescriptions (2024)'; all payers, general outpatient; ranks 1-250 of the 300 the source publishes",2024,https://clincalc.com/DrugStats/Top300Drugs.aspx
236,Dextromethorphan; Promethazine,"1,773,420","BLOCK 1 of 3 - SECONDARY (ClinCalc DrugStats 'The Top 300 of 2024', derived from the AHRQ MEPS Prescribed Medicines file): estimated total US outpatient prescriptions in 2024, source column 'Total Prescriptions (2024)'; all payers, general outpatient; ranks 1-250 of the 300 the source publishes",2024,https://clincalc.com/DrugStats/Top300Drugs.aspx
237,Ramipril,"1,772,326","BLOCK 1 of 3 - SECONDARY (ClinCalc DrugStats 'The Top 300 of 2024', derived from the AHRQ MEPS Prescribed Medicines file): estimated total US outpatient prescriptions in 2024, source column 'Total Prescriptions (2024)'; all payers, general outpatient; ranks 1-250 of the 300 the source publishes",2024,https://clincalc.com/DrugStats/Top300Drugs.aspx
238,Loperamide,"1,765,230","BLOCK 1 of 3 - SECONDARY (ClinCalc DrugStats 'The Top 300 of 2024', derived from the AHRQ MEPS Prescribed Medicines file): estimated total US outpatient prescriptions in 2024, source column 'Total Prescriptions (2024)'; all payers, general outpatient; ranks 1-250 of the 300 the source publishes",2024,https://clincalc.com/DrugStats/Top300Drugs.aspx
239,Mirabegron,"1,764,668","BLOCK 1 of 3 - SECONDARY (ClinCalc DrugStats 'The Top 300 of 2024', derived from the AHRQ MEPS Prescribed Medicines file): estimated total US outpatient prescriptions in 2024, source column 'Total Prescriptions (2024)'; all payers, general outpatient; ranks 1-250 of the 300 the source publishes",2024,https://clincalc.com/DrugStats/Top300Drugs.aspx
240,Medroxyprogesterone,"1,744,510","BLOCK 1 of 3 - SECONDARY (ClinCalc DrugStats 'The Top 300 of 2024', derived from the AHRQ MEPS Prescribed Medicines file): estimated total US outpatient prescriptions in 2024, source column 'Total Prescriptions (2024)'; all payers, general outpatient; ranks 1-250 of the 300 the source publishes",2024,https://clincalc.com/DrugStats/Top300Drugs.aspx
241,Dexamethasone,"1,742,201","BLOCK 1 of 3 - SECONDARY (ClinCalc DrugStats 'The Top 300 of 2024', derived from the AHRQ MEPS Prescribed Medicines file): estimated total US outpatient prescriptions in 2024, source column 'Total Prescriptions (2024)'; all payers, general outpatient; ranks 1-250 of the 300 the source publishes",2024,https://clincalc.com/DrugStats/Top300Drugs.aspx
242,Sucralfate,"1,625,940","BLOCK 1 of 3 - SECONDARY (ClinCalc DrugStats 'The Top 300 of 2024', derived from the AHRQ MEPS Prescribed Medicines file): estimated total US outpatient prescriptions in 2024, source column 'Total Prescriptions (2024)'; all payers, general outpatient; ranks 1-250 of the 300 the source publishes",2024,https://clincalc.com/DrugStats/Top300Drugs.aspx
243,Ubrogepant,"1,621,728","BLOCK 1 of 3 - SECONDARY (ClinCalc DrugStats 'The Top 300 of 2024', derived from the AHRQ MEPS Prescribed Medicines file): estimated total US outpatient prescriptions in 2024, source column 'Total Prescriptions (2024)'; all payers, general outpatient; ranks 1-250 of the 300 the source publishes",2024,https://clincalc.com/DrugStats/Top300Drugs.aspx
244,Pramipexole,"1,619,372","BLOCK 1 of 3 - SECONDARY (ClinCalc DrugStats 'The Top 300 of 2024', derived from the AHRQ MEPS Prescribed Medicines file): estimated total US outpatient prescriptions in 2024, source column 'Total Prescriptions (2024)'; all payers, general outpatient; ranks 1-250 of the 300 the source publishes",2024,https://clincalc.com/DrugStats/Top300Drugs.aspx
245,Calcitriol,"1,578,254","BLOCK 1 of 3 - SECONDARY (ClinCalc DrugStats 'The Top 300 of 2024', derived from the AHRQ MEPS Prescribed Medicines file): estimated total US outpatient prescriptions in 2024, source column 'Total Prescriptions (2024)'; all payers, general outpatient; ranks 1-250 of the 300 the source publishes",2024,https://clincalc.com/DrugStats/Top300Drugs.aspx
246,Ipratropium,"1,571,183","BLOCK 1 of 3 - SECONDARY (ClinCalc DrugStats 'The Top 300 of 2024', derived from the AHRQ MEPS Prescribed Medicines file): estimated total US outpatient prescriptions in 2024, source column 'Total Prescriptions (2024)'; all payers, general outpatient; ranks 1-250 of the 300 the source publishes",2024,https://clincalc.com/DrugStats/Top300Drugs.aspx
247,Ticagrelor,"1,556,746","BLOCK 1 of 3 - SECONDARY (ClinCalc DrugStats 'The Top 300 of 2024', derived from the AHRQ MEPS Prescribed Medicines file): estimated total US outpatient prescriptions in 2024, source column 'Total Prescriptions (2024)'; all payers, general outpatient; ranks 1-250 of the 300 the source publishes",2024,https://clincalc.com/DrugStats/Top300Drugs.aspx
248,Fexofenadine,"1,556,203","BLOCK 1 of 3 - SECONDARY (ClinCalc DrugStats 'The Top 300 of 2024', derived from the AHRQ MEPS Prescribed Medicines file): estimated total US outpatient prescriptions in 2024, source column 'Total Prescriptions (2024)'; all payers, general outpatient; ranks 1-250 of the 300 the source publishes",2024,https://clincalc.com/DrugStats/Top300Drugs.aspx
249,Pancrelipase Lipase; Pancrelipase Protease; Pancrelipase Amylase,"1,512,707","BLOCK 1 of 3 - SECONDARY (ClinCalc DrugStats 'The Top 300 of 2024', derived from the AHRQ MEPS Prescribed Medicines file): estimated total US outpatient prescriptions in 2024, source column 'Total Prescriptions (2024)'; all payers, general outpatient; ranks 1-250 of the 300 the source publishes",2024,https://clincalc.com/DrugStats/Top300Drugs.aspx
250,Polymyxin B; Trimethoprim,"1,481,036","BLOCK 1 of 3 - SECONDARY (ClinCalc DrugStats 'The Top 300 of 2024', derived from the AHRQ MEPS Prescribed Medicines file): estimated total US outpatient prescriptions in 2024, source column 'Total Prescriptions (2024)'; all payers, general outpatient; ranks 1-250 of the 300 the source publishes",2024,https://clincalc.com/DrugStats/Top300Drugs.aspx
1,Atorvastatin Calcium,73349032,"BLOCK 2 of 3 - OFFICIAL, ONE PROGRAMME ONLY (CMS 'Medicare Part D Spending by Drug', rows with Mftr_Name=Overall): field Tot_Clms_2024 (Medicare Part D claims in 2024); each row is a Brnd_Name line, not an ingredient; Gnrc_Name in source = Atorvastatin Calcium; rank = position in the API response sorted by Tot_Clms_2024 descending; ranks 1-100 fetched, the dataset holds more",2024,"https://data.cms.gov/data-api/v1/dataset/7e0b4365-fd63-4a29-8f5e-e0ac9f66a81b/data?filter[Mftr_Name]=Overall&sort=-Tot_Clms_2024&size=50&offset=0&column=Brnd_Name,Gnrc_Name,Tot_Clms_2024"
2,Amlodipine Besylate,50204110,"BLOCK 2 of 3 - OFFICIAL, ONE PROGRAMME ONLY (CMS 'Medicare Part D Spending by Drug', rows with Mftr_Name=Overall): field Tot_Clms_2024 (Medicare Part D claims in 2024); each row is a Brnd_Name line, not an ingredient; Gnrc_Name in source = Amlodipine Besylate; rank = position in the API response sorted by Tot_Clms_2024 descending; ranks 1-100 fetched, the dataset holds more",2024,"https://data.cms.gov/data-api/v1/dataset/7e0b4365-fd63-4a29-8f5e-e0ac9f66a81b/data?filter[Mftr_Name]=Overall&sort=-Tot_Clms_2024&size=50&offset=0&column=Brnd_Name,Gnrc_Name,Tot_Clms_2024"
3,Levothyroxine Sodium*,43253940,"BLOCK 2 of 3 - OFFICIAL, ONE PROGRAMME ONLY (CMS 'Medicare Part D Spending by Drug', rows with Mftr_Name=Overall): field Tot_Clms_2024 (Medicare Part D claims in 2024); each row is a Brnd_Name line, not an ingredient; Gnrc_Name in source = Levothyroxine Sodium; rank = position in the API response sorted by Tot_Clms_2024 descending; ranks 1-100 fetched, the dataset holds more",2024,"https://data.cms.gov/data-api/v1/dataset/7e0b4365-fd63-4a29-8f5e-e0ac9f66a81b/data?filter[Mftr_Name]=Overall&sort=-Tot_Clms_2024&size=50&offset=0&column=Brnd_Name,Gnrc_Name,Tot_Clms_2024"
4,Gabapentin,36804628,"BLOCK 2 of 3 - OFFICIAL, ONE PROGRAMME ONLY (CMS 'Medicare Part D Spending by Drug', rows with Mftr_Name=Overall): field Tot_Clms_2024 (Medicare Part D claims in 2024); each row is a Brnd_Name line, not an ingredient; Gnrc_Name in source = Gabapentin; rank = position in the API response sorted by Tot_Clms_2024 descending; ranks 1-100 fetched, the dataset holds more",2024,"https://data.cms.gov/data-api/v1/dataset/7e0b4365-fd63-4a29-8f5e-e0ac9f66a81b/data?filter[Mftr_Name]=Overall&sort=-Tot_Clms_2024&size=50&offset=0&column=Brnd_Name,Gnrc_Name,Tot_Clms_2024"
5,Lisinopril,36247459,"BLOCK 2 of 3 - OFFICIAL, ONE PROGRAMME ONLY (CMS 'Medicare Part D Spending by Drug', rows with Mftr_Name=Overall): field Tot_Clms_2024 (Medicare Part D claims in 2024); each row is a Brnd_Name line, not an ingredient; Gnrc_Name in source = Lisinopril; rank = position in the API response sorted by Tot_Clms_2024 descending; ranks 1-100 fetched, the dataset holds more",2024,"https://data.cms.gov/data-api/v1/dataset/7e0b4365-fd63-4a29-8f5e-e0ac9f66a81b/data?filter[Mftr_Name]=Overall&sort=-Tot_Clms_2024&size=50&offset=0&column=Brnd_Name,Gnrc_Name,Tot_Clms_2024"
6,Losartan Potassium,36240406,"BLOCK 2 of 3 - OFFICIAL, ONE PROGRAMME ONLY (CMS 'Medicare Part D Spending by Drug', rows with Mftr_Name=Overall): field Tot_Clms_2024 (Medicare Part D claims in 2024); each row is a Brnd_Name line, not an ingredient; Gnrc_Name in source = Losartan Potassium; rank = position in the API response sorted by Tot_Clms_2024 descending; ranks 1-100 fetched, the dataset holds more",2024,"https://data.cms.gov/data-api/v1/dataset/7e0b4365-fd63-4a29-8f5e-e0ac9f66a81b/data?filter[Mftr_Name]=Overall&sort=-Tot_Clms_2024&size=50&offset=0&column=Brnd_Name,Gnrc_Name,Tot_Clms_2024"
7,Metoprolol Succinate,32213092,"BLOCK 2 of 3 - OFFICIAL, ONE PROGRAMME ONLY (CMS 'Medicare Part D Spending by Drug', rows with Mftr_Name=Overall): field Tot_Clms_2024 (Medicare Part D claims in 2024); each row is a Brnd_Name line, not an ingredient; Gnrc_Name in source = Metoprolol Succinate; rank = position in the API response sorted by Tot_Clms_2024 descending; ranks 1-100 fetched, the dataset holds more",2024,"https://data.cms.gov/data-api/v1/dataset/7e0b4365-fd63-4a29-8f5e-e0ac9f66a81b/data?filter[Mftr_Name]=Overall&sort=-Tot_Clms_2024&size=50&offset=0&column=Brnd_Name,Gnrc_Name,Tot_Clms_2024"
8,Rosuvastatin Calcium,30813501,"BLOCK 2 of 3 - OFFICIAL, ONE PROGRAMME ONLY (CMS 'Medicare Part D Spending by Drug', rows with Mftr_Name=Overall): field Tot_Clms_2024 (Medicare Part D claims in 2024); each row is a Brnd_Name line, not an ingredient; Gnrc_Name in source = Rosuvastatin Calcium; rank = position in the API response sorted by Tot_Clms_2024 descending; ranks 1-100 fetched, the dataset holds more",2024,"https://data.cms.gov/data-api/v1/dataset/7e0b4365-fd63-4a29-8f5e-e0ac9f66a81b/data?filter[Mftr_Name]=Overall&sort=-Tot_Clms_2024&size=50&offset=0&column=Brnd_Name,Gnrc_Name,Tot_Clms_2024"
9,Omeprazole,28883231,"BLOCK 2 of 3 - OFFICIAL, ONE PROGRAMME ONLY (CMS 'Medicare Part D Spending by Drug', rows with Mftr_Name=Overall): field Tot_Clms_2024 (Medicare Part D claims in 2024); each row is a Brnd_Name line, not an ingredient; Gnrc_Name in source = Omeprazole; rank = position in the API response sorted by Tot_Clms_2024 descending; ranks 1-100 fetched, the dataset holds more",2024,"https://data.cms.gov/data-api/v1/dataset/7e0b4365-fd63-4a29-8f5e-e0ac9f66a81b/data?filter[Mftr_Name]=Overall&sort=-Tot_Clms_2024&size=50&offset=0&column=Brnd_Name,Gnrc_Name,Tot_Clms_2024"
10,Pantoprazole Sodium*,25600657,"BLOCK 2 of 3 - OFFICIAL, ONE PROGRAMME ONLY (CMS 'Medicare Part D Spending by Drug', rows with Mftr_Name=Overall): field Tot_Clms_2024 (Medicare Part D claims in 2024); each row is a Brnd_Name line, not an ingredient; Gnrc_Name in source = Pantoprazole Sodium; rank = position in the API response sorted by Tot_Clms_2024 descending; ranks 1-100 fetched, the dataset holds more",2024,"https://data.cms.gov/data-api/v1/dataset/7e0b4365-fd63-4a29-8f5e-e0ac9f66a81b/data?filter[Mftr_Name]=Overall&sort=-Tot_Clms_2024&size=50&offset=0&column=Brnd_Name,Gnrc_Name,Tot_Clms_2024"
11,Eliquis,24061332,"BLOCK 2 of 3 - OFFICIAL, ONE PROGRAMME ONLY (CMS 'Medicare Part D Spending by Drug', rows with Mftr_Name=Overall): field Tot_Clms_2024 (Medicare Part D claims in 2024); each row is a Brnd_Name line, not an ingredient; Gnrc_Name in source = Apixaban; rank = position in the API response sorted by Tot_Clms_2024 descending; ranks 1-100 fetched, the dataset holds more",2024,"https://data.cms.gov/data-api/v1/dataset/7e0b4365-fd63-4a29-8f5e-e0ac9f66a81b/data?filter[Mftr_Name]=Overall&sort=-Tot_Clms_2024&size=50&offset=0&column=Brnd_Name,Gnrc_Name,Tot_Clms_2024"
12,Metformin HCl,23961097,"BLOCK 2 of 3 - OFFICIAL, ONE PROGRAMME ONLY (CMS 'Medicare Part D Spending by Drug', rows with Mftr_Name=Overall): field Tot_Clms_2024 (Medicare Part D claims in 2024); each row is a Brnd_Name line, not an ingredient; Gnrc_Name in source = Metformin HCl; rank = position in the API response sorted by Tot_Clms_2024 descending; ranks 1-100 fetched, the dataset holds more",2024,"https://data.cms.gov/data-api/v1/dataset/7e0b4365-fd63-4a29-8f5e-e0ac9f66a81b/data?filter[Mftr_Name]=Overall&sort=-Tot_Clms_2024&size=50&offset=0&column=Brnd_Name,Gnrc_Name,Tot_Clms_2024"
13,Furosemide*,23553663,"BLOCK 2 of 3 - OFFICIAL, ONE PROGRAMME ONLY (CMS 'Medicare Part D Spending by Drug', rows with Mftr_Name=Overall): field Tot_Clms_2024 (Medicare Part D claims in 2024); each row is a Brnd_Name line, not an ingredient; Gnrc_Name in source = Furosemide; rank = position in the API response sorted by Tot_Clms_2024 descending; ranks 1-100 fetched, the dataset holds more",2024,"https://data.cms.gov/data-api/v1/dataset/7e0b4365-fd63-4a29-8f5e-e0ac9f66a81b/data?filter[Mftr_Name]=Overall&sort=-Tot_Clms_2024&size=50&offset=0&column=Brnd_Name,Gnrc_Name,Tot_Clms_2024"
14,Tamsulosin HCl,21583278,"BLOCK 2 of 3 - OFFICIAL, ONE PROGRAMME ONLY (CMS 'Medicare Part D Spending by Drug', rows with Mftr_Name=Overall): field Tot_Clms_2024 (Medicare Part D claims in 2024); each row is a Brnd_Name line, not an ingredient; Gnrc_Name in source = Tamsulosin HCl; rank = position in the API response sorted by Tot_Clms_2024 descending; ranks 1-100 fetched, the dataset holds more",2024,"https://data.cms.gov/data-api/v1/dataset/7e0b4365-fd63-4a29-8f5e-e0ac9f66a81b/data?filter[Mftr_Name]=Overall&sort=-Tot_Clms_2024&size=50&offset=0&column=Brnd_Name,Gnrc_Name,Tot_Clms_2024"
15,Hydrocodone-Acetaminophen,20107206,"BLOCK 2 of 3 - OFFICIAL, ONE PROGRAMME ONLY (CMS 'Medicare Part D Spending by Drug', rows with Mftr_Name=Overall): field Tot_Clms_2024 (Medicare Part D claims in 2024); each row is a Brnd_Name line, not an ingredient; Gnrc_Name in source = Hydrocodone/Acetaminophen; rank = position in the API response sorted by Tot_Clms_2024 descending; ranks 1-100 fetched, the dataset holds more",2024,"https://data.cms.gov/data-api/v1/dataset/7e0b4365-fd63-4a29-8f5e-e0ac9f66a81b/data?filter[Mftr_Name]=Overall&sort=-Tot_Clms_2024&size=50&offset=0&column=Brnd_Name,Gnrc_Name,Tot_Clms_2024"
16,Albuterol Sulfate HFA,18591605,"BLOCK 2 of 3 - OFFICIAL, ONE PROGRAMME ONLY (CMS 'Medicare Part D Spending by Drug', rows with Mftr_Name=Overall): field Tot_Clms_2024 (Medicare Part D claims in 2024); each row is a Brnd_Name line, not an ingredient; Gnrc_Name in source = Albuterol Sulfate; rank = position in the API response sorted by Tot_Clms_2024 descending; ranks 1-100 fetched, the dataset holds more",2024,"https://data.cms.gov/data-api/v1/dataset/7e0b4365-fd63-4a29-8f5e-e0ac9f66a81b/data?filter[Mftr_Name]=Overall&sort=-Tot_Clms_2024&size=50&offset=0&column=Brnd_Name,Gnrc_Name,Tot_Clms_2024"
17,Hydrochlorothiazide,18462765,"BLOCK 2 of 3 - OFFICIAL, ONE PROGRAMME ONLY (CMS 'Medicare Part D Spending by Drug', rows with Mftr_Name=Overall): field Tot_Clms_2024 (Medicare Part D claims in 2024); each row is a Brnd_Name line, not an ingredient; Gnrc_Name in source = Hydrochlorothiazide; rank = position in the API response sorted by Tot_Clms_2024 descending; ranks 1-100 fetched, the dataset holds more",2024,"https://data.cms.gov/data-api/v1/dataset/7e0b4365-fd63-4a29-8f5e-e0ac9f66a81b/data?filter[Mftr_Name]=Overall&sort=-Tot_Clms_2024&size=50&offset=0&column=Brnd_Name,Gnrc_Name,Tot_Clms_2024"
18,Trazodone HCl,18424765,"BLOCK 2 of 3 - OFFICIAL, ONE PROGRAMME ONLY (CMS 'Medicare Part D Spending by Drug', rows with Mftr_Name=Overall): field Tot_Clms_2024 (Medicare Part D claims in 2024); each row is a Brnd_Name line, not an ingredient; Gnrc_Name in source = Trazodone HCl; rank = position in the API response sorted by Tot_Clms_2024 descending; ranks 1-100 fetched, the dataset holds more",2024,"https://data.cms.gov/data-api/v1/dataset/7e0b4365-fd63-4a29-8f5e-e0ac9f66a81b/data?filter[Mftr_Name]=Overall&sort=-Tot_Clms_2024&size=50&offset=0&column=Brnd_Name,Gnrc_Name,Tot_Clms_2024"
19,Sertraline HCl,16148462,"BLOCK 2 of 3 - OFFICIAL, ONE PROGRAMME ONLY (CMS 'Medicare Part D Spending by Drug', rows with Mftr_Name=Overall): field Tot_Clms_2024 (Medicare Part D claims in 2024); each row is a Brnd_Name line, not an ingredient; Gnrc_Name in source = Sertraline HCl; rank = position in the API response sorted by Tot_Clms_2024 descending; ranks 1-100 fetched, the dataset holds more",2024,"https://data.cms.gov/data-api/v1/dataset/7e0b4365-fd63-4a29-8f5e-e0ac9f66a81b/data?filter[Mftr_Name]=Overall&sort=-Tot_Clms_2024&size=50&offset=0&column=Brnd_Name,Gnrc_Name,Tot_Clms_2024"
20,Metoprolol Tartrate*,15912137,"BLOCK 2 of 3 - OFFICIAL, ONE PROGRAMME ONLY (CMS 'Medicare Part D Spending by Drug', rows with Mftr_Name=Overall): field Tot_Clms_2024 (Medicare Part D claims in 2024); each row is a Brnd_Name line, not an ingredient; Gnrc_Name in source = Metoprolol Tartrate; rank = position in the API response sorted by Tot_Clms_2024 descending; ranks 1-100 fetched, the dataset holds more",2024,"https://data.cms.gov/data-api/v1/dataset/7e0b4365-fd63-4a29-8f5e-e0ac9f66a81b/data?filter[Mftr_Name]=Overall&sort=-Tot_Clms_2024&size=50&offset=0&column=Brnd_Name,Gnrc_Name,Tot_Clms_2024"
21,Prednisone,15810812,"BLOCK 2 of 3 - OFFICIAL, ONE PROGRAMME ONLY (CMS 'Medicare Part D Spending by Drug', rows with Mftr_Name=Overall): field Tot_Clms_2024 (Medicare Part D claims in 2024); each row is a Brnd_Name line, not an ingredient; Gnrc_Name in source = Prednisone; rank = position in the API response sorted by Tot_Clms_2024 descending; ranks 1-100 fetched, the dataset holds more",2024,"https://data.cms.gov/data-api/v1/dataset/7e0b4365-fd63-4a29-8f5e-e0ac9f66a81b/data?filter[Mftr_Name]=Overall&sort=-Tot_Clms_2024&size=50&offset=0&column=Brnd_Name,Gnrc_Name,Tot_Clms_2024"
22,Carvedilol,15794645,"BLOCK 2 of 3 - OFFICIAL, ONE PROGRAMME ONLY (CMS 'Medicare Part D Spending by Drug', rows with Mftr_Name=Overall): field Tot_Clms_2024 (Medicare Part D claims in 2024); each row is a Brnd_Name line, not an ingredient; Gnrc_Name in source = Carvedilol; rank = position in the API response sorted by Tot_Clms_2024 descending; ranks 1-100 fetched, the dataset holds more",2024,"https://data.cms.gov/data-api/v1/dataset/7e0b4365-fd63-4a29-8f5e-e0ac9f66a81b/data?filter[Mftr_Name]=Overall&sort=-Tot_Clms_2024&size=50&offset=0&column=Brnd_Name,Gnrc_Name,Tot_Clms_2024"
23,Simvastatin,15052578,"BLOCK 2 of 3 - OFFICIAL, ONE PROGRAMME ONLY (CMS 'Medicare Part D Spending by Drug', rows with Mftr_Name=Overall): field Tot_Clms_2024 (Medicare Part D claims in 2024); each row is a Brnd_Name line, not an ingredient; Gnrc_Name in source = Simvastatin; rank = position in the API response sorted by Tot_Clms_2024 descending; ranks 1-100 fetched, the dataset holds more",2024,"https://data.cms.gov/data-api/v1/dataset/7e0b4365-fd63-4a29-8f5e-e0ac9f66a81b/data?filter[Mftr_Name]=Overall&sort=-Tot_Clms_2024&size=50&offset=0&column=Brnd_Name,Gnrc_Name,Tot_Clms_2024"
24,Potassium Chloride*,14480710,"BLOCK 2 of 3 - OFFICIAL, ONE PROGRAMME ONLY (CMS 'Medicare Part D Spending by Drug', rows with Mftr_Name=Overall): field Tot_Clms_2024 (Medicare Part D claims in 2024); each row is a Brnd_Name line, not an ingredient; Gnrc_Name in source = Potassium Chloride; rank = position in the API response sorted by Tot_Clms_2024 descending; ranks 1-100 fetched, the dataset holds more",2024,"https://data.cms.gov/data-api/v1/dataset/7e0b4365-fd63-4a29-8f5e-e0ac9f66a81b/data?filter[Mftr_Name]=Overall&sort=-Tot_Clms_2024&size=50&offset=0&column=Brnd_Name,Gnrc_Name,Tot_Clms_2024"
25,Famotidine*,14044674,"BLOCK 2 of 3 - OFFICIAL, ONE PROGRAMME ONLY (CMS 'Medicare Part D Spending by Drug', rows with Mftr_Name=Overall): field Tot_Clms_2024 (Medicare Part D claims in 2024); each row is a Brnd_Name line, not an ingredient; Gnrc_Name in source = Famotidine; rank = position in the API response sorted by Tot_Clms_2024 descending; ranks 1-100 fetched, the dataset holds more",2024,"https://data.cms.gov/data-api/v1/dataset/7e0b4365-fd63-4a29-8f5e-e0ac9f66a81b/data?filter[Mftr_Name]=Overall&sort=-Tot_Clms_2024&size=50&offset=0&column=Brnd_Name,Gnrc_Name,Tot_Clms_2024"
26,Clopidogrel,13582037,"BLOCK 2 of 3 - OFFICIAL, ONE PROGRAMME ONLY (CMS 'Medicare Part D Spending by Drug', rows with Mftr_Name=Overall): field Tot_Clms_2024 (Medicare Part D claims in 2024); each row is a Brnd_Name line, not an ingredient; Gnrc_Name in source = Clopidogrel Bisulfate; rank = position in the API response sorted by Tot_Clms_2024 descending; ranks 1-100 fetched, the dataset holds more",2024,"https://data.cms.gov/data-api/v1/dataset/7e0b4365-fd63-4a29-8f5e-e0ac9f66a81b/data?filter[Mftr_Name]=Overall&sort=-Tot_Clms_2024&size=50&offset=0&column=Brnd_Name,Gnrc_Name,Tot_Clms_2024"
27,Duloxetine HCl,13094360,"BLOCK 2 of 3 - OFFICIAL, ONE PROGRAMME ONLY (CMS 'Medicare Part D Spending by Drug', rows with Mftr_Name=Overall): field Tot_Clms_2024 (Medicare Part D claims in 2024); each row is a Brnd_Name line, not an ingredient; Gnrc_Name in source = Duloxetine HCl; rank = position in the API response sorted by Tot_Clms_2024 descending; ranks 1-100 fetched, the dataset holds more",2024,"https://data.cms.gov/data-api/v1/dataset/7e0b4365-fd63-4a29-8f5e-e0ac9f66a81b/data?filter[Mftr_Name]=Overall&sort=-Tot_Clms_2024&size=50&offset=0&column=Brnd_Name,Gnrc_Name,Tot_Clms_2024"
28,Tramadol HCl,12939330,"BLOCK 2 of 3 - OFFICIAL, ONE PROGRAMME ONLY (CMS 'Medicare Part D Spending by Drug', rows with Mftr_Name=Overall): field Tot_Clms_2024 (Medicare Part D claims in 2024); each row is a Brnd_Name line, not an ingredient; Gnrc_Name in source = Tramadol HCl; rank = position in the API response sorted by Tot_Clms_2024 descending; ranks 1-100 fetched, the dataset holds more",2024,"https://data.cms.gov/data-api/v1/dataset/7e0b4365-fd63-4a29-8f5e-e0ac9f66a81b/data?filter[Mftr_Name]=Overall&sort=-Tot_Clms_2024&size=50&offset=0&column=Brnd_Name,Gnrc_Name,Tot_Clms_2024"
29,Fluticasone Propionate*,12849868,"BLOCK 2 of 3 - OFFICIAL, ONE PROGRAMME ONLY (CMS 'Medicare Part D Spending by Drug', rows with Mftr_Name=Overall): field Tot_Clms_2024 (Medicare Part D claims in 2024); each row is a Brnd_Name line, not an ingredient; Gnrc_Name in source = Fluticasone Propionate; rank = position in the API response sorted by Tot_Clms_2024 descending; ranks 1-100 fetched, the dataset holds more",2024,"https://data.cms.gov/data-api/v1/dataset/7e0b4365-fd63-4a29-8f5e-e0ac9f66a81b/data?filter[Mftr_Name]=Overall&sort=-Tot_Clms_2024&size=50&offset=0&column=Brnd_Name,Gnrc_Name,Tot_Clms_2024"
30,Escitalopram Oxalate,12685003,"BLOCK 2 of 3 - OFFICIAL, ONE PROGRAMME ONLY (CMS 'Medicare Part D Spending by Drug', rows with Mftr_Name=Overall): field Tot_Clms_2024 (Medicare Part D claims in 2024); each row is a Brnd_Name line, not an ingredient; Gnrc_Name in source = Escitalopram Oxalate; rank = position in the API response sorted by Tot_Clms_2024 descending; ranks 1-100 fetched, the dataset holds more",2024,"https://data.cms.gov/data-api/v1/dataset/7e0b4365-fd63-4a29-8f5e-e0ac9f66a81b/data?filter[Mftr_Name]=Overall&sort=-Tot_Clms_2024&size=50&offset=0&column=Brnd_Name,Gnrc_Name,Tot_Clms_2024"
31,Montelukast Sodium,12462037,"BLOCK 2 of 3 - OFFICIAL, ONE PROGRAMME ONLY (CMS 'Medicare Part D Spending by Drug', rows with Mftr_Name=Overall): field Tot_Clms_2024 (Medicare Part D claims in 2024); each row is a Brnd_Name line, not an ingredient; Gnrc_Name in source = Montelukast Sodium; rank = position in the API response sorted by Tot_Clms_2024 descending; ranks 1-100 fetched, the dataset holds more",2024,"https://data.cms.gov/data-api/v1/dataset/7e0b4365-fd63-4a29-8f5e-e0ac9f66a81b/data?filter[Mftr_Name]=Overall&sort=-Tot_Clms_2024&size=50&offset=0&column=Brnd_Name,Gnrc_Name,Tot_Clms_2024"
32,Meloxicam,12080589,"BLOCK 2 of 3 - OFFICIAL, ONE PROGRAMME ONLY (CMS 'Medicare Part D Spending by Drug', rows with Mftr_Name=Overall): field Tot_Clms_2024 (Medicare Part D claims in 2024); each row is a Brnd_Name line, not an ingredient; Gnrc_Name in source = Meloxicam; rank = position in the API response sorted by Tot_Clms_2024 descending; ranks 1-100 fetched, the dataset holds more",2024,"https://data.cms.gov/data-api/v1/dataset/7e0b4365-fd63-4a29-8f5e-e0ac9f66a81b/data?filter[Mftr_Name]=Overall&sort=-Tot_Clms_2024&size=50&offset=0&column=Brnd_Name,Gnrc_Name,Tot_Clms_2024"
33,Alprazolam,11609703,"BLOCK 2 of 3 - OFFICIAL, ONE PROGRAMME ONLY (CMS 'Medicare Part D Spending by Drug', rows with Mftr_Name=Overall): field Tot_Clms_2024 (Medicare Part D claims in 2024); each row is a Brnd_Name line, not an ingredient; Gnrc_Name in source = Alprazolam; rank = position in the API response sorted by Tot_Clms_2024 descending; ranks 1-100 fetched, the dataset holds more",2024,"https://data.cms.gov/data-api/v1/dataset/7e0b4365-fd63-4a29-8f5e-e0ac9f66a81b/data?filter[Mftr_Name]=Overall&sort=-Tot_Clms_2024&size=50&offset=0&column=Brnd_Name,Gnrc_Name,Tot_Clms_2024"
34,Jardiance,11368280,"BLOCK 2 of 3 - OFFICIAL, ONE PROGRAMME ONLY (CMS 'Medicare Part D Spending by Drug', rows with Mftr_Name=Overall): field Tot_Clms_2024 (Medicare Part D claims in 2024); each row is a Brnd_Name line, not an ingredient; Gnrc_Name in source = Empagliflozin; rank = position in the API response sorted by Tot_Clms_2024 descending; ranks 1-100 fetched, the dataset holds more",2024,"https://data.cms.gov/data-api/v1/dataset/7e0b4365-fd63-4a29-8f5e-e0ac9f66a81b/data?filter[Mftr_Name]=Overall&sort=-Tot_Clms_2024&size=50&offset=0&column=Brnd_Name,Gnrc_Name,Tot_Clms_2024"
35,Latanoprost,10884075,"BLOCK 2 of 3 - OFFICIAL, ONE PROGRAMME ONLY (CMS 'Medicare Part D Spending by Drug', rows with Mftr_Name=Overall): field Tot_Clms_2024 (Medicare Part D claims in 2024); each row is a Brnd_Name line, not an ingredient; Gnrc_Name in source = Latanoprost; rank = position in the API response sorted by Tot_Clms_2024 descending; ranks 1-100 fetched, the dataset holds more",2024,"https://data.cms.gov/data-api/v1/dataset/7e0b4365-fd63-4a29-8f5e-e0ac9f66a81b/data?filter[Mftr_Name]=Overall&sort=-Tot_Clms_2024&size=50&offset=0&column=Brnd_Name,Gnrc_Name,Tot_Clms_2024"
36,Ozempic,10417182,"BLOCK 2 of 3 - OFFICIAL, ONE PROGRAMME ONLY (CMS 'Medicare Part D Spending by Drug', rows with Mftr_Name=Overall): field Tot_Clms_2024 (Medicare Part D claims in 2024); each row is a Brnd_Name line, not an ingredient; Gnrc_Name in source = Semaglutide; rank = position in the API response sorted by Tot_Clms_2024 descending; ranks 1-100 fetched, the dataset holds more",2024,"https://data.cms.gov/data-api/v1/dataset/7e0b4365-fd63-4a29-8f5e-e0ac9f66a81b/data?filter[Mftr_Name]=Overall&sort=-Tot_Clms_2024&size=50&offset=0&column=Brnd_Name,Gnrc_Name,Tot_Clms_2024"
37,Metformin HCl ER,10256666,"BLOCK 2 of 3 - OFFICIAL, ONE PROGRAMME ONLY (CMS 'Medicare Part D Spending by Drug', rows with Mftr_Name=Overall): field Tot_Clms_2024 (Medicare Part D claims in 2024); each row is a Brnd_Name line, not an ingredient; Gnrc_Name in source = Metformin HCl; rank = position in the API response sorted by Tot_Clms_2024 descending; ranks 1-100 fetched, the dataset holds more",2024,"https://data.cms.gov/data-api/v1/dataset/7e0b4365-fd63-4a29-8f5e-e0ac9f66a81b/data?filter[Mftr_Name]=Overall&sort=-Tot_Clms_2024&size=50&offset=0&column=Brnd_Name,Gnrc_Name,Tot_Clms_2024"
38,Allopurinol,9710041,"BLOCK 2 of 3 - OFFICIAL, ONE PROGRAMME ONLY (CMS 'Medicare Part D Spending by Drug', rows with Mftr_Name=Overall): field Tot_Clms_2024 (Medicare Part D claims in 2024); each row is a Brnd_Name line, not an ingredient; Gnrc_Name in source = Allopurinol; rank = position in the API response sorted by Tot_Clms_2024 descending; ranks 1-100 fetched, the dataset holds more",2024,"https://data.cms.gov/data-api/v1/dataset/7e0b4365-fd63-4a29-8f5e-e0ac9f66a81b/data?filter[Mftr_Name]=Overall&sort=-Tot_Clms_2024&size=50&offset=0&column=Brnd_Name,Gnrc_Name,Tot_Clms_2024"
39,Amoxicillin,9463530,"BLOCK 2 of 3 - OFFICIAL, ONE PROGRAMME ONLY (CMS 'Medicare Part D Spending by Drug', rows with Mftr_Name=Overall): field Tot_Clms_2024 (Medicare Part D claims in 2024); each row is a Brnd_Name line, not an ingredient; Gnrc_Name in source = Amoxicillin; rank = position in the API response sorted by Tot_Clms_2024 descending; ranks 1-100 fetched, the dataset holds more",2024,"https://data.cms.gov/data-api/v1/dataset/7e0b4365-fd63-4a29-8f5e-e0ac9f66a81b/data?filter[Mftr_Name]=Overall&sort=-Tot_Clms_2024&size=50&offset=0&column=Brnd_Name,Gnrc_Name,Tot_Clms_2024"
40,Pravastatin Sodium,9395079,"BLOCK 2 of 3 - OFFICIAL, ONE PROGRAMME ONLY (CMS 'Medicare Part D Spending by Drug', rows with Mftr_Name=Overall): field Tot_Clms_2024 (Medicare Part D claims in 2024); each row is a Brnd_Name line, not an ingredient; Gnrc_Name in source = Pravastatin Sodium; rank = position in the API response sorted by Tot_Clms_2024 descending; ranks 1-100 fetched, the dataset holds more",2024,"https://data.cms.gov/data-api/v1/dataset/7e0b4365-fd63-4a29-8f5e-e0ac9f66a81b/data?filter[Mftr_Name]=Overall&sort=-Tot_Clms_2024&size=50&offset=0&column=Brnd_Name,Gnrc_Name,Tot_Clms_2024"
41,Quetiapine Fumarate,9340374,"BLOCK 2 of 3 - OFFICIAL, ONE PROGRAMME ONLY (CMS 'Medicare Part D Spending by Drug', rows with Mftr_Name=Overall): field Tot_Clms_2024 (Medicare Part D claims in 2024); each row is a Brnd_Name line, not an ingredient; Gnrc_Name in source = Quetiapine Fumarate; rank = position in the API response sorted by Tot_Clms_2024 descending; ranks 1-100 fetched, the dataset holds more",2024,"https://data.cms.gov/data-api/v1/dataset/7e0b4365-fd63-4a29-8f5e-e0ac9f66a81b/data?filter[Mftr_Name]=Overall&sort=-Tot_Clms_2024&size=50&offset=0&column=Brnd_Name,Gnrc_Name,Tot_Clms_2024"
42,Oxycodone HCl,9162608,"BLOCK 2 of 3 - OFFICIAL, ONE PROGRAMME ONLY (CMS 'Medicare Part D Spending by Drug', rows with Mftr_Name=Overall): field Tot_Clms_2024 (Medicare Part D claims in 2024); each row is a Brnd_Name line, not an ingredient; Gnrc_Name in source = Oxycodone HCl; rank = position in the API response sorted by Tot_Clms_2024 descending; ranks 1-100 fetched, the dataset holds more",2024,"https://data.cms.gov/data-api/v1/dataset/7e0b4365-fd63-4a29-8f5e-e0ac9f66a81b/data?filter[Mftr_Name]=Overall&sort=-Tot_Clms_2024&size=50&offset=0&column=Brnd_Name,Gnrc_Name,Tot_Clms_2024"
43,Spironolactone,9081323,"BLOCK 2 of 3 - OFFICIAL, ONE PROGRAMME ONLY (CMS 'Medicare Part D Spending by Drug', rows with Mftr_Name=Overall): field Tot_Clms_2024 (Medicare Part D claims in 2024); each row is a Brnd_Name line, not an ingredient; Gnrc_Name in source = Spironolactone; rank = position in the API response sorted by Tot_Clms_2024 descending; ranks 1-100 fetched, the dataset holds more",2024,"https://data.cms.gov/data-api/v1/dataset/7e0b4365-fd63-4a29-8f5e-e0ac9f66a81b/data?filter[Mftr_Name]=Overall&sort=-Tot_Clms_2024&size=50&offset=0&column=Brnd_Name,Gnrc_Name,Tot_Clms_2024"
44,Oxycodone-Acetaminophen,8883473,"BLOCK 2 of 3 - OFFICIAL, ONE PROGRAMME ONLY (CMS 'Medicare Part D Spending by Drug', rows with Mftr_Name=Overall): field Tot_Clms_2024 (Medicare Part D claims in 2024); each row is a Brnd_Name line, not an ingredient; Gnrc_Name in source = Oxycodone HCl/Acetaminophen; rank = position in the API response sorted by Tot_Clms_2024 descending; ranks 1-100 fetched, the dataset holds more",2024,"https://data.cms.gov/data-api/v1/dataset/7e0b4365-fd63-4a29-8f5e-e0ac9f66a81b/data?filter[Mftr_Name]=Overall&sort=-Tot_Clms_2024&size=50&offset=0&column=Brnd_Name,Gnrc_Name,Tot_Clms_2024"
45,Clonazepam,8844831,"BLOCK 2 of 3 - OFFICIAL, ONE PROGRAMME ONLY (CMS 'Medicare Part D Spending by Drug', rows with Mftr_Name=Overall): field Tot_Clms_2024 (Medicare Part D claims in 2024); each row is a Brnd_Name line, not an ingredient; Gnrc_Name in source = Clonazepam; rank = position in the API response sorted by Tot_Clms_2024 descending; ranks 1-100 fetched, the dataset holds more",2024,"https://data.cms.gov/data-api/v1/dataset/7e0b4365-fd63-4a29-8f5e-e0ac9f66a81b/data?filter[Mftr_Name]=Overall&sort=-Tot_Clms_2024&size=50&offset=0&column=Brnd_Name,Gnrc_Name,Tot_Clms_2024"
46,Alendronate Sodium,8814023,"BLOCK 2 of 3 - OFFICIAL, ONE PROGRAMME ONLY (CMS 'Medicare Part D Spending by Drug', rows with Mftr_Name=Overall): field Tot_Clms_2024 (Medicare Part D claims in 2024); each row is a Brnd_Name line, not an ingredient; Gnrc_Name in source = Alendronate Sodium; rank = position in the API response sorted by Tot_Clms_2024 descending; ranks 1-100 fetched, the dataset holds more",2024,"https://data.cms.gov/data-api/v1/dataset/7e0b4365-fd63-4a29-8f5e-e0ac9f66a81b/data?filter[Mftr_Name]=Overall&sort=-Tot_Clms_2024&size=50&offset=0&column=Brnd_Name,Gnrc_Name,Tot_Clms_2024"
47,Azithromycin*,8784697,"BLOCK 2 of 3 - OFFICIAL, ONE PROGRAMME ONLY (CMS 'Medicare Part D Spending by Drug', rows with Mftr_Name=Overall): field Tot_Clms_2024 (Medicare Part D claims in 2024); each row is a Brnd_Name line, not an ingredient; Gnrc_Name in source = Azithromycin; rank = position in the API response sorted by Tot_Clms_2024 descending; ranks 1-100 fetched, the dataset holds more",2024,"https://data.cms.gov/data-api/v1/dataset/7e0b4365-fd63-4a29-8f5e-e0ac9f66a81b/data?filter[Mftr_Name]=Overall&sort=-Tot_Clms_2024&size=50&offset=0&column=Brnd_Name,Gnrc_Name,Tot_Clms_2024"
48,Ezetimibe,8748229,"BLOCK 2 of 3 - OFFICIAL, ONE PROGRAMME ONLY (CMS 'Medicare Part D Spending by Drug', rows with Mftr_Name=Overall): field Tot_Clms_2024 (Medicare Part D claims in 2024); each row is a Brnd_Name line, not an ingredient; Gnrc_Name in source = Ezetimibe; rank = position in the API response sorted by Tot_Clms_2024 descending; ranks 1-100 fetched, the dataset holds more",2024,"https://data.cms.gov/data-api/v1/dataset/7e0b4365-fd63-4a29-8f5e-e0ac9f66a81b/data?filter[Mftr_Name]=Overall&sort=-Tot_Clms_2024&size=50&offset=0&column=Brnd_Name,Gnrc_Name,Tot_Clms_2024"
49,Mirtazapine,8338476,"BLOCK 2 of 3 - OFFICIAL, ONE PROGRAMME ONLY (CMS 'Medicare Part D Spending by Drug', rows with Mftr_Name=Overall): field Tot_Clms_2024 (Medicare Part D claims in 2024); each row is a Brnd_Name line, not an ingredient; Gnrc_Name in source = Mirtazapine; rank = position in the API response sorted by Tot_Clms_2024 descending; ranks 1-100 fetched, the dataset holds more",2024,"https://data.cms.gov/data-api/v1/dataset/7e0b4365-fd63-4a29-8f5e-e0ac9f66a81b/data?filter[Mftr_Name]=Overall&sort=-Tot_Clms_2024&size=50&offset=0&column=Brnd_Name,Gnrc_Name,Tot_Clms_2024"
50,Lorazepam*,8090182,"BLOCK 2 of 3 - OFFICIAL, ONE PROGRAMME ONLY (CMS 'Medicare Part D Spending by Drug', rows with Mftr_Name=Overall): field Tot_Clms_2024 (Medicare Part D claims in 2024); each row is a Brnd_Name line, not an ingredient; Gnrc_Name in source = Lorazepam; rank = position in the API response sorted by Tot_Clms_2024 descending; ranks 1-100 fetched, the dataset holds more",2024,"https://data.cms.gov/data-api/v1/dataset/7e0b4365-fd63-4a29-8f5e-e0ac9f66a81b/data?filter[Mftr_Name]=Overall&sort=-Tot_Clms_2024&size=50&offset=0&column=Brnd_Name,Gnrc_Name,Tot_Clms_2024"
51,Donepezil HCl,8063081,"BLOCK 2 of 3 - OFFICIAL, ONE PROGRAMME ONLY (CMS 'Medicare Part D Spending by Drug', rows with Mftr_Name=Overall): field Tot_Clms_2024 (Medicare Part D claims in 2024); each row is a Brnd_Name line, not an ingredient; Gnrc_Name in source = Donepezil HCl; rank = position in the API response sorted by Tot_Clms_2024 descending; ranks 1-100 fetched, the dataset holds more",2024,"https://data.cms.gov/data-api/v1/dataset/7e0b4365-fd63-4a29-8f5e-e0ac9f66a81b/data?filter[Mftr_Name]=Overall&sort=-Tot_Clms_2024&size=50&offset=50&column=Brnd_Name,Gnrc_Name,Tot_Clms_2024"
52,Buspirone HCl,7847445,"BLOCK 2 of 3 - OFFICIAL, ONE PROGRAMME ONLY (CMS 'Medicare Part D Spending by Drug', rows with Mftr_Name=Overall): field Tot_Clms_2024 (Medicare Part D claims in 2024); each row is a Brnd_Name line, not an ingredient; Gnrc_Name in source = Buspirone HCl; rank = position in the API response sorted by Tot_Clms_2024 descending; ranks 1-100 fetched, the dataset holds more",2024,"https://data.cms.gov/data-api/v1/dataset/7e0b4365-fd63-4a29-8f5e-e0ac9f66a81b/data?filter[Mftr_Name]=Overall&sort=-Tot_Clms_2024&size=50&offset=50&column=Brnd_Name,Gnrc_Name,Tot_Clms_2024"
53,Amoxicillin-Clavulanate Potass,7719905,"BLOCK 2 of 3 - OFFICIAL, ONE PROGRAMME ONLY (CMS 'Medicare Part D Spending by Drug', rows with Mftr_Name=Overall): field Tot_Clms_2024 (Medicare Part D claims in 2024); each row is a Brnd_Name line, not an ingredient; Gnrc_Name in source = Amoxicillin/Potassium Clav; rank = position in the API response sorted by Tot_Clms_2024 descending; ranks 1-100 fetched, the dataset holds more",2024,"https://data.cms.gov/data-api/v1/dataset/7e0b4365-fd63-4a29-8f5e-e0ac9f66a81b/data?filter[Mftr_Name]=Overall&sort=-Tot_Clms_2024&size=50&offset=50&column=Brnd_Name,Gnrc_Name,Tot_Clms_2024"
54,Zolpidem Tartrate*,7548054,"BLOCK 2 of 3 - OFFICIAL, ONE PROGRAMME ONLY (CMS 'Medicare Part D Spending by Drug', rows with Mftr_Name=Overall): field Tot_Clms_2024 (Medicare Part D claims in 2024); each row is a Brnd_Name line, not an ingredient; Gnrc_Name in source = Zolpidem Tartrate; rank = position in the API response sorted by Tot_Clms_2024 descending; ranks 1-100 fetched, the dataset holds more",2024,"https://data.cms.gov/data-api/v1/dataset/7e0b4365-fd63-4a29-8f5e-e0ac9f66a81b/data?filter[Mftr_Name]=Overall&sort=-Tot_Clms_2024&size=50&offset=50&column=Brnd_Name,Gnrc_Name,Tot_Clms_2024"
55,Pregabalin,7507278,"BLOCK 2 of 3 - OFFICIAL, ONE PROGRAMME ONLY (CMS 'Medicare Part D Spending by Drug', rows with Mftr_Name=Overall): field Tot_Clms_2024 (Medicare Part D claims in 2024); each row is a Brnd_Name line, not an ingredient; Gnrc_Name in source = Pregabalin; rank = position in the API response sorted by Tot_Clms_2024 descending; ranks 1-100 fetched, the dataset holds more",2024,"https://data.cms.gov/data-api/v1/dataset/7e0b4365-fd63-4a29-8f5e-e0ac9f66a81b/data?filter[Mftr_Name]=Overall&sort=-Tot_Clms_2024&size=50&offset=50&column=Brnd_Name,Gnrc_Name,Tot_Clms_2024"
56,Cephalexin,7489860,"BLOCK 2 of 3 - OFFICIAL, ONE PROGRAMME ONLY (CMS 'Medicare Part D Spending by Drug', rows with Mftr_Name=Overall): field Tot_Clms_2024 (Medicare Part D claims in 2024); each row is a Brnd_Name line, not an ingredient; Gnrc_Name in source = Cephalexin; rank = position in the API response sorted by Tot_Clms_2024 descending; ranks 1-100 fetched, the dataset holds more",2024,"https://data.cms.gov/data-api/v1/dataset/7e0b4365-fd63-4a29-8f5e-e0ac9f66a81b/data?filter[Mftr_Name]=Overall&sort=-Tot_Clms_2024&size=50&offset=50&column=Brnd_Name,Gnrc_Name,Tot_Clms_2024"
57,Fluoxetine HCl,7481805,"BLOCK 2 of 3 - OFFICIAL, ONE PROGRAMME ONLY (CMS 'Medicare Part D Spending by Drug', rows with Mftr_Name=Overall): field Tot_Clms_2024 (Medicare Part D claims in 2024); each row is a Brnd_Name line, not an ingredient; Gnrc_Name in source = Fluoxetine HCl; rank = position in the API response sorted by Tot_Clms_2024 descending; ranks 1-100 fetched, the dataset holds more",2024,"https://data.cms.gov/data-api/v1/dataset/7e0b4365-fd63-4a29-8f5e-e0ac9f66a81b/data?filter[Mftr_Name]=Overall&sort=-Tot_Clms_2024&size=50&offset=50&column=Brnd_Name,Gnrc_Name,Tot_Clms_2024"
58,Cyclobenzaprine HCl,7401986,"BLOCK 2 of 3 - OFFICIAL, ONE PROGRAMME ONLY (CMS 'Medicare Part D Spending by Drug', rows with Mftr_Name=Overall): field Tot_Clms_2024 (Medicare Part D claims in 2024); each row is a Brnd_Name line, not an ingredient; Gnrc_Name in source = Cyclobenzaprine HCl; rank = position in the API response sorted by Tot_Clms_2024 descending; ranks 1-100 fetched, the dataset holds more",2024,"https://data.cms.gov/data-api/v1/dataset/7e0b4365-fd63-4a29-8f5e-e0ac9f66a81b/data?filter[Mftr_Name]=Overall&sort=-Tot_Clms_2024&size=50&offset=50&column=Brnd_Name,Gnrc_Name,Tot_Clms_2024"
59,Finasteride,7380163,"BLOCK 2 of 3 - OFFICIAL, ONE PROGRAMME ONLY (CMS 'Medicare Part D Spending by Drug', rows with Mftr_Name=Overall): field Tot_Clms_2024 (Medicare Part D claims in 2024); each row is a Brnd_Name line, not an ingredient; Gnrc_Name in source = Finasteride; rank = position in the API response sorted by Tot_Clms_2024 descending; ranks 1-100 fetched, the dataset holds more",2024,"https://data.cms.gov/data-api/v1/dataset/7e0b4365-fd63-4a29-8f5e-e0ac9f66a81b/data?filter[Mftr_Name]=Overall&sort=-Tot_Clms_2024&size=50&offset=50&column=Brnd_Name,Gnrc_Name,Tot_Clms_2024"
60,Ibuprofen,7174958,"BLOCK 2 of 3 - OFFICIAL, ONE PROGRAMME ONLY (CMS 'Medicare Part D Spending by Drug', rows with Mftr_Name=Overall): field Tot_Clms_2024 (Medicare Part D claims in 2024); each row is a Brnd_Name line, not an ingredient; Gnrc_Name in source = Ibuprofen; rank = position in the API response sorted by Tot_Clms_2024 descending; ranks 1-100 fetched, the dataset holds more",2024,"https://data.cms.gov/data-api/v1/dataset/7e0b4365-fd63-4a29-8f5e-e0ac9f66a81b/data?filter[Mftr_Name]=Overall&sort=-Tot_Clms_2024&size=50&offset=50&column=Brnd_Name,Gnrc_Name,Tot_Clms_2024"
61,Tizanidine HCl,6984387,"BLOCK 2 of 3 - OFFICIAL, ONE PROGRAMME ONLY (CMS 'Medicare Part D Spending by Drug', rows with Mftr_Name=Overall): field Tot_Clms_2024 (Medicare Part D claims in 2024); each row is a Brnd_Name line, not an ingredient; Gnrc_Name in source = Tizanidine HCl; rank = position in the API response sorted by Tot_Clms_2024 descending; ranks 1-100 fetched, the dataset holds more",2024,"https://data.cms.gov/data-api/v1/dataset/7e0b4365-fd63-4a29-8f5e-e0ac9f66a81b/data?filter[Mftr_Name]=Overall&sort=-Tot_Clms_2024&size=50&offset=50&column=Brnd_Name,Gnrc_Name,Tot_Clms_2024"
62,Bupropion XL,6831216,"BLOCK 2 of 3 - OFFICIAL, ONE PROGRAMME ONLY (CMS 'Medicare Part D Spending by Drug', rows with Mftr_Name=Overall): field Tot_Clms_2024 (Medicare Part D claims in 2024); each row is a Brnd_Name line, not an ingredient; Gnrc_Name in source = Bupropion HCl; rank = position in the API response sorted by Tot_Clms_2024 descending; ranks 1-100 fetched, the dataset holds more",2024,"https://data.cms.gov/data-api/v1/dataset/7e0b4365-fd63-4a29-8f5e-e0ac9f66a81b/data?filter[Mftr_Name]=Overall&sort=-Tot_Clms_2024&size=50&offset=50&column=Brnd_Name,Gnrc_Name,Tot_Clms_2024"
63,Citalopram HBr,6741609,"BLOCK 2 of 3 - OFFICIAL, ONE PROGRAMME ONLY (CMS 'Medicare Part D Spending by Drug', rows with Mftr_Name=Overall): field Tot_Clms_2024 (Medicare Part D claims in 2024); each row is a Brnd_Name line, not an ingredient; Gnrc_Name in source = Citalopram Hydrobromide; rank = position in the API response sorted by Tot_Clms_2024 descending; ranks 1-100 fetched, the dataset holds more",2024,"https://data.cms.gov/data-api/v1/dataset/7e0b4365-fd63-4a29-8f5e-e0ac9f66a81b/data?filter[Mftr_Name]=Overall&sort=-Tot_Clms_2024&size=50&offset=50&column=Brnd_Name,Gnrc_Name,Tot_Clms_2024"
64,Diclofenac Sodium*,6675521,"BLOCK 2 of 3 - OFFICIAL, ONE PROGRAMME ONLY (CMS 'Medicare Part D Spending by Drug', rows with Mftr_Name=Overall): field Tot_Clms_2024 (Medicare Part D claims in 2024); each row is a Brnd_Name line, not an ingredient; Gnrc_Name in source = Diclofenac Sodium; rank = position in the API response sorted by Tot_Clms_2024 descending; ranks 1-100 fetched, the dataset holds more",2024,"https://data.cms.gov/data-api/v1/dataset/7e0b4365-fd63-4a29-8f5e-e0ac9f66a81b/data?filter[Mftr_Name]=Overall&sort=-Tot_Clms_2024&size=50&offset=50&column=Brnd_Name,Gnrc_Name,Tot_Clms_2024"
65,Doxycycline Hyclate*,6667052,"BLOCK 2 of 3 - OFFICIAL, ONE PROGRAMME ONLY (CMS 'Medicare Part D Spending by Drug', rows with Mftr_Name=Overall): field Tot_Clms_2024 (Medicare Part D claims in 2024); each row is a Brnd_Name line, not an ingredient; Gnrc_Name in source = Doxycycline Hyclate; rank = position in the API response sorted by Tot_Clms_2024 descending; ranks 1-100 fetched, the dataset holds more",2024,"https://data.cms.gov/data-api/v1/dataset/7e0b4365-fd63-4a29-8f5e-e0ac9f66a81b/data?filter[Mftr_Name]=Overall&sort=-Tot_Clms_2024&size=50&offset=50&column=Brnd_Name,Gnrc_Name,Tot_Clms_2024"
66,Xarelto,6660246,"BLOCK 2 of 3 - OFFICIAL, ONE PROGRAMME ONLY (CMS 'Medicare Part D Spending by Drug', rows with Mftr_Name=Overall): field Tot_Clms_2024 (Medicare Part D claims in 2024); each row is a Brnd_Name line, not an ingredient; Gnrc_Name in source = Rivaroxaban; rank = position in the API response sorted by Tot_Clms_2024 descending; ranks 1-100 fetched, the dataset holds more",2024,"https://data.cms.gov/data-api/v1/dataset/7e0b4365-fd63-4a29-8f5e-e0ac9f66a81b/data?filter[Mftr_Name]=Overall&sort=-Tot_Clms_2024&size=50&offset=50&column=Brnd_Name,Gnrc_Name,Tot_Clms_2024"
67,Triamcinolone Acetonide*,6643424,"BLOCK 2 of 3 - OFFICIAL, ONE PROGRAMME ONLY (CMS 'Medicare Part D Spending by Drug', rows with Mftr_Name=Overall): field Tot_Clms_2024 (Medicare Part D claims in 2024); each row is a Brnd_Name line, not an ingredient; Gnrc_Name in source = Triamcinolone Acetonide; rank = position in the API response sorted by Tot_Clms_2024 descending; ranks 1-100 fetched, the dataset holds more",2024,"https://data.cms.gov/data-api/v1/dataset/7e0b4365-fd63-4a29-8f5e-e0ac9f66a81b/data?filter[Mftr_Name]=Overall&sort=-Tot_Clms_2024&size=50&offset=50&column=Brnd_Name,Gnrc_Name,Tot_Clms_2024"
68,Atenolol,6459376,"BLOCK 2 of 3 - OFFICIAL, ONE PROGRAMME ONLY (CMS 'Medicare Part D Spending by Drug', rows with Mftr_Name=Overall): field Tot_Clms_2024 (Medicare Part D claims in 2024); each row is a Brnd_Name line, not an ingredient; Gnrc_Name in source = Atenolol; rank = position in the API response sorted by Tot_Clms_2024 descending; ranks 1-100 fetched, the dataset holds more",2024,"https://data.cms.gov/data-api/v1/dataset/7e0b4365-fd63-4a29-8f5e-e0ac9f66a81b/data?filter[Mftr_Name]=Overall&sort=-Tot_Clms_2024&size=50&offset=50&column=Brnd_Name,Gnrc_Name,Tot_Clms_2024"
69,Trelegy Ellipta,6250872,"BLOCK 2 of 3 - OFFICIAL, ONE PROGRAMME ONLY (CMS 'Medicare Part D Spending by Drug', rows with Mftr_Name=Overall): field Tot_Clms_2024 (Medicare Part D claims in 2024); each row is a Brnd_Name line, not an ingredient; Gnrc_Name in source = Fluticasone/Umeclidin/Vilanter; rank = position in the API response sorted by Tot_Clms_2024 descending; ranks 1-100 fetched, the dataset holds more",2024,"https://data.cms.gov/data-api/v1/dataset/7e0b4365-fd63-4a29-8f5e-e0ac9f66a81b/data?filter[Mftr_Name]=Overall&sort=-Tot_Clms_2024&size=50&offset=50&column=Brnd_Name,Gnrc_Name,Tot_Clms_2024"
70,Hydralazine HCl*,6074425,"BLOCK 2 of 3 - OFFICIAL, ONE PROGRAMME ONLY (CMS 'Medicare Part D Spending by Drug', rows with Mftr_Name=Overall): field Tot_Clms_2024 (Medicare Part D claims in 2024); each row is a Brnd_Name line, not an ingredient; Gnrc_Name in source = Hydralazine HCl; rank = position in the API response sorted by Tot_Clms_2024 descending; ranks 1-100 fetched, the dataset holds more",2024,"https://data.cms.gov/data-api/v1/dataset/7e0b4365-fd63-4a29-8f5e-e0ac9f66a81b/data?filter[Mftr_Name]=Overall&sort=-Tot_Clms_2024&size=50&offset=50&column=Brnd_Name,Gnrc_Name,Tot_Clms_2024"
71,Methylprednisolone,5855933,"BLOCK 2 of 3 - OFFICIAL, ONE PROGRAMME ONLY (CMS 'Medicare Part D Spending by Drug', rows with Mftr_Name=Overall): field Tot_Clms_2024 (Medicare Part D claims in 2024); each row is a Brnd_Name line, not an ingredient; Gnrc_Name in source = Methylprednisolone; rank = position in the API response sorted by Tot_Clms_2024 descending; ranks 1-100 fetched, the dataset holds more",2024,"https://data.cms.gov/data-api/v1/dataset/7e0b4365-fd63-4a29-8f5e-e0ac9f66a81b/data?filter[Mftr_Name]=Overall&sort=-Tot_Clms_2024&size=50&offset=50&column=Brnd_Name,Gnrc_Name,Tot_Clms_2024"
72,Celecoxib,5701064,"BLOCK 2 of 3 - OFFICIAL, ONE PROGRAMME ONLY (CMS 'Medicare Part D Spending by Drug', rows with Mftr_Name=Overall): field Tot_Clms_2024 (Medicare Part D claims in 2024); each row is a Brnd_Name line, not an ingredient; Gnrc_Name in source = Celecoxib; rank = position in the API response sorted by Tot_Clms_2024 descending; ranks 1-100 fetched, the dataset holds more",2024,"https://data.cms.gov/data-api/v1/dataset/7e0b4365-fd63-4a29-8f5e-e0ac9f66a81b/data?filter[Mftr_Name]=Overall&sort=-Tot_Clms_2024&size=50&offset=50&column=Brnd_Name,Gnrc_Name,Tot_Clms_2024"
73,Lisinopril-Hydrochlorothiazide,5642341,"BLOCK 2 of 3 - OFFICIAL, ONE PROGRAMME ONLY (CMS 'Medicare Part D Spending by Drug', rows with Mftr_Name=Overall): field Tot_Clms_2024 (Medicare Part D claims in 2024); each row is a Brnd_Name line, not an ingredient; Gnrc_Name in source = Lisinopril/Hydrochlorothiazide; rank = position in the API response sorted by Tot_Clms_2024 descending; ranks 1-100 fetched, the dataset holds more",2024,"https://data.cms.gov/data-api/v1/dataset/7e0b4365-fd63-4a29-8f5e-e0ac9f66a81b/data?filter[Mftr_Name]=Overall&sort=-Tot_Clms_2024&size=50&offset=50&column=Brnd_Name,Gnrc_Name,Tot_Clms_2024"
74,Farxiga,5634650,"BLOCK 2 of 3 - OFFICIAL, ONE PROGRAMME ONLY (CMS 'Medicare Part D Spending by Drug', rows with Mftr_Name=Overall): field Tot_Clms_2024 (Medicare Part D claims in 2024); each row is a Brnd_Name line, not an ingredient; Gnrc_Name in source = Dapagliflozin Propanediol; rank = position in the API response sorted by Tot_Clms_2024 descending; ranks 1-100 fetched, the dataset holds more",2024,"https://data.cms.gov/data-api/v1/dataset/7e0b4365-fd63-4a29-8f5e-e0ac9f66a81b/data?filter[Mftr_Name]=Overall&sort=-Tot_Clms_2024&size=50&offset=50&column=Brnd_Name,Gnrc_Name,Tot_Clms_2024"
75,Memantine HCl,5630610,"BLOCK 2 of 3 - OFFICIAL, ONE PROGRAMME ONLY (CMS 'Medicare Part D Spending by Drug', rows with Mftr_Name=Overall): field Tot_Clms_2024 (Medicare Part D claims in 2024); each row is a Brnd_Name line, not an ingredient; Gnrc_Name in source = Memantine HCl; rank = position in the API response sorted by Tot_Clms_2024 descending; ranks 1-100 fetched, the dataset holds more",2024,"https://data.cms.gov/data-api/v1/dataset/7e0b4365-fd63-4a29-8f5e-e0ac9f66a81b/data?filter[Mftr_Name]=Overall&sort=-Tot_Clms_2024&size=50&offset=50&column=Brnd_Name,Gnrc_Name,Tot_Clms_2024"
76,Losartan-Hydrochlorothiazide,5597966,"BLOCK 2 of 3 - OFFICIAL, ONE PROGRAMME ONLY (CMS 'Medicare Part D Spending by Drug', rows with Mftr_Name=Overall): field Tot_Clms_2024 (Medicare Part D claims in 2024); each row is a Brnd_Name line, not an ingredient; Gnrc_Name in source = Losartan/Hydrochlorothiazide; rank = position in the API response sorted by Tot_Clms_2024 descending; ranks 1-100 fetched, the dataset holds more",2024,"https://data.cms.gov/data-api/v1/dataset/7e0b4365-fd63-4a29-8f5e-e0ac9f66a81b/data?filter[Mftr_Name]=Overall&sort=-Tot_Clms_2024&size=50&offset=50&column=Brnd_Name,Gnrc_Name,Tot_Clms_2024"
77,Lantus Solostar,5570732,"BLOCK 2 of 3 - OFFICIAL, ONE PROGRAMME ONLY (CMS 'Medicare Part D Spending by Drug', rows with Mftr_Name=Overall): field Tot_Clms_2024 (Medicare Part D claims in 2024); each row is a Brnd_Name line, not an ingredient; Gnrc_Name in source = Insulin Glargine,Hum.Rec.Anlog; rank = position in the API response sorted by Tot_Clms_2024 descending; ranks 1-100 fetched, the dataset holds more",2024,"https://data.cms.gov/data-api/v1/dataset/7e0b4365-fd63-4a29-8f5e-e0ac9f66a81b/data?filter[Mftr_Name]=Overall&sort=-Tot_Clms_2024&size=50&offset=50&column=Brnd_Name,Gnrc_Name,Tot_Clms_2024"
78,Venlafaxine HCl ER,5423191,"BLOCK 2 of 3 - OFFICIAL, ONE PROGRAMME ONLY (CMS 'Medicare Part D Spending by Drug', rows with Mftr_Name=Overall): field Tot_Clms_2024 (Medicare Part D claims in 2024); each row is a Brnd_Name line, not an ingredient; Gnrc_Name in source = Venlafaxine HCl; rank = position in the API response sorted by Tot_Clms_2024 descending; ranks 1-100 fetched, the dataset holds more",2024,"https://data.cms.gov/data-api/v1/dataset/7e0b4365-fd63-4a29-8f5e-e0ac9f66a81b/data?filter[Mftr_Name]=Overall&sort=-Tot_Clms_2024&size=50&offset=50&column=Brnd_Name,Gnrc_Name,Tot_Clms_2024"
79,Baclofen*,5180407,"BLOCK 2 of 3 - OFFICIAL, ONE PROGRAMME ONLY (CMS 'Medicare Part D Spending by Drug', rows with Mftr_Name=Overall): field Tot_Clms_2024 (Medicare Part D claims in 2024); each row is a Brnd_Name line, not an ingredient; Gnrc_Name in source = Baclofen; rank = position in the API response sorted by Tot_Clms_2024 descending; ranks 1-100 fetched, the dataset holds more",2024,"https://data.cms.gov/data-api/v1/dataset/7e0b4365-fd63-4a29-8f5e-e0ac9f66a81b/data?filter[Mftr_Name]=Overall&sort=-Tot_Clms_2024&size=50&offset=50&column=Brnd_Name,Gnrc_Name,Tot_Clms_2024"
80,Mounjaro,5105397,"BLOCK 2 of 3 - OFFICIAL, ONE PROGRAMME ONLY (CMS 'Medicare Part D Spending by Drug', rows with Mftr_Name=Overall): field Tot_Clms_2024 (Medicare Part D claims in 2024); each row is a Brnd_Name line, not an ingredient; Gnrc_Name in source = Tirzepatide; rank = position in the API response sorted by Tot_Clms_2024 descending; ranks 1-100 fetched, the dataset holds more",2024,"https://data.cms.gov/data-api/v1/dataset/7e0b4365-fd63-4a29-8f5e-e0ac9f66a81b/data?filter[Mftr_Name]=Overall&sort=-Tot_Clms_2024&size=50&offset=50&column=Brnd_Name,Gnrc_Name,Tot_Clms_2024"
81,Synthroid,4990576,"BLOCK 2 of 3 - OFFICIAL, ONE PROGRAMME ONLY (CMS 'Medicare Part D Spending by Drug', rows with Mftr_Name=Overall): field Tot_Clms_2024 (Medicare Part D claims in 2024); each row is a Brnd_Name line, not an ingredient; Gnrc_Name in source = Levothyroxine Sodium; rank = position in the API response sorted by Tot_Clms_2024 descending; ranks 1-100 fetched, the dataset holds more",2024,"https://data.cms.gov/data-api/v1/dataset/7e0b4365-fd63-4a29-8f5e-e0ac9f66a81b/data?filter[Mftr_Name]=Overall&sort=-Tot_Clms_2024&size=50&offset=50&column=Brnd_Name,Gnrc_Name,Tot_Clms_2024"
82,Ondansetron ODT,4929800,"BLOCK 2 of 3 - OFFICIAL, ONE PROGRAMME ONLY (CMS 'Medicare Part D Spending by Drug', rows with Mftr_Name=Overall): field Tot_Clms_2024 (Medicare Part D claims in 2024); each row is a Brnd_Name line, not an ingredient; Gnrc_Name in source = Ondansetron; rank = position in the API response sorted by Tot_Clms_2024 descending; ranks 1-100 fetched, the dataset holds more",2024,"https://data.cms.gov/data-api/v1/dataset/7e0b4365-fd63-4a29-8f5e-e0ac9f66a81b/data?filter[Mftr_Name]=Overall&sort=-Tot_Clms_2024&size=50&offset=50&column=Brnd_Name,Gnrc_Name,Tot_Clms_2024"
83,Ciprofloxacin HCl*,4856922,"BLOCK 2 of 3 - OFFICIAL, ONE PROGRAMME ONLY (CMS 'Medicare Part D Spending by Drug', rows with Mftr_Name=Overall): field Tot_Clms_2024 (Medicare Part D claims in 2024); each row is a Brnd_Name line, not an ingredient; Gnrc_Name in source = Ciprofloxacin HCl; rank = position in the API response sorted by Tot_Clms_2024 descending; ranks 1-100 fetched, the dataset holds more",2024,"https://data.cms.gov/data-api/v1/dataset/7e0b4365-fd63-4a29-8f5e-e0ac9f66a81b/data?filter[Mftr_Name]=Overall&sort=-Tot_Clms_2024&size=50&offset=50&column=Brnd_Name,Gnrc_Name,Tot_Clms_2024"
84,Isosorbide Mononitrate ER,4766057,"BLOCK 2 of 3 - OFFICIAL, ONE PROGRAMME ONLY (CMS 'Medicare Part D Spending by Drug', rows with Mftr_Name=Overall): field Tot_Clms_2024 (Medicare Part D claims in 2024); each row is a Brnd_Name line, not an ingredient; Gnrc_Name in source = Isosorbide Mononitrate; rank = position in the API response sorted by Tot_Clms_2024 descending; ranks 1-100 fetched, the dataset holds more",2024,"https://data.cms.gov/data-api/v1/dataset/7e0b4365-fd63-4a29-8f5e-e0ac9f66a81b/data?filter[Mftr_Name]=Overall&sort=-Tot_Clms_2024&size=50&offset=50&column=Brnd_Name,Gnrc_Name,Tot_Clms_2024"
85,Sulfamethoxazole-Trimethoprim*,4744115,"BLOCK 2 of 3 - OFFICIAL, ONE PROGRAMME ONLY (CMS 'Medicare Part D Spending by Drug', rows with Mftr_Name=Overall): field Tot_Clms_2024 (Medicare Part D claims in 2024); each row is a Brnd_Name line, not an ingredient; Gnrc_Name in source = Sulfamethoxazole/Trimethoprim; rank = position in the API response sorted by Tot_Clms_2024 descending; ranks 1-100 fetched, the dataset holds more",2024,"https://data.cms.gov/data-api/v1/dataset/7e0b4365-fd63-4a29-8f5e-e0ac9f66a81b/data?filter[Mftr_Name]=Overall&sort=-Tot_Clms_2024&size=50&offset=50&column=Brnd_Name,Gnrc_Name,Tot_Clms_2024"
86,Hydroxyzine HCl*,4702557,"BLOCK 2 of 3 - OFFICIAL, ONE PROGRAMME ONLY (CMS 'Medicare Part D Spending by Drug', rows with Mftr_Name=Overall): field Tot_Clms_2024 (Medicare Part D claims in 2024); each row is a Brnd_Name line, not an ingredient; Gnrc_Name in source = Hydroxyzine HCl; rank = position in the API response sorted by Tot_Clms_2024 descending; ranks 1-100 fetched, the dataset holds more",2024,"https://data.cms.gov/data-api/v1/dataset/7e0b4365-fd63-4a29-8f5e-e0ac9f66a81b/data?filter[Mftr_Name]=Overall&sort=-Tot_Clms_2024&size=50&offset=50&column=Brnd_Name,Gnrc_Name,Tot_Clms_2024"
87,Valsartan,4691604,"BLOCK 2 of 3 - OFFICIAL, ONE PROGRAMME ONLY (CMS 'Medicare Part D Spending by Drug', rows with Mftr_Name=Overall): field Tot_Clms_2024 (Medicare Part D claims in 2024); each row is a Brnd_Name line, not an ingredient; Gnrc_Name in source = Valsartan; rank = position in the API response sorted by Tot_Clms_2024 descending; ranks 1-100 fetched, the dataset holds more",2024,"https://data.cms.gov/data-api/v1/dataset/7e0b4365-fd63-4a29-8f5e-e0ac9f66a81b/data?filter[Mftr_Name]=Overall&sort=-Tot_Clms_2024&size=50&offset=50&column=Brnd_Name,Gnrc_Name,Tot_Clms_2024"
88,Warfarin Sodium,4665402,"BLOCK 2 of 3 - OFFICIAL, ONE PROGRAMME ONLY (CMS 'Medicare Part D Spending by Drug', rows with Mftr_Name=Overall): field Tot_Clms_2024 (Medicare Part D claims in 2024); each row is a Brnd_Name line, not an ingredient; Gnrc_Name in source = Warfarin Sodium; rank = position in the API response sorted by Tot_Clms_2024 descending; ranks 1-100 fetched, the dataset holds more",2024,"https://data.cms.gov/data-api/v1/dataset/7e0b4365-fd63-4a29-8f5e-e0ac9f66a81b/data?filter[Mftr_Name]=Overall&sort=-Tot_Clms_2024&size=50&offset=50&column=Brnd_Name,Gnrc_Name,Tot_Clms_2024"
89,Levetiracetam*,4664870,"BLOCK 2 of 3 - OFFICIAL, ONE PROGRAMME ONLY (CMS 'Medicare Part D Spending by Drug', rows with Mftr_Name=Overall): field Tot_Clms_2024 (Medicare Part D claims in 2024); each row is a Brnd_Name line, not an ingredient; Gnrc_Name in source = Levetiracetam; rank = position in the API response sorted by Tot_Clms_2024 descending; ranks 1-100 fetched, the dataset holds more",2024,"https://data.cms.gov/data-api/v1/dataset/7e0b4365-fd63-4a29-8f5e-e0ac9f66a81b/data?filter[Mftr_Name]=Overall&sort=-Tot_Clms_2024&size=50&offset=50&column=Brnd_Name,Gnrc_Name,Tot_Clms_2024"
90,Glimepiride,4597334,"BLOCK 2 of 3 - OFFICIAL, ONE PROGRAMME ONLY (CMS 'Medicare Part D Spending by Drug', rows with Mftr_Name=Overall): field Tot_Clms_2024 (Medicare Part D claims in 2024); each row is a Brnd_Name line, not an ingredient; Gnrc_Name in source = Glimepiride; rank = position in the API response sorted by Tot_Clms_2024 descending; ranks 1-100 fetched, the dataset holds more",2024,"https://data.cms.gov/data-api/v1/dataset/7e0b4365-fd63-4a29-8f5e-e0ac9f66a81b/data?filter[Mftr_Name]=Overall&sort=-Tot_Clms_2024&size=50&offset=50&column=Brnd_Name,Gnrc_Name,Tot_Clms_2024"
91,Glipizide,4523542,"BLOCK 2 of 3 - OFFICIAL, ONE PROGRAMME ONLY (CMS 'Medicare Part D Spending by Drug', rows with Mftr_Name=Overall): field Tot_Clms_2024 (Medicare Part D claims in 2024); each row is a Brnd_Name line, not an ingredient; Gnrc_Name in source = Glipizide; rank = position in the API response sorted by Tot_Clms_2024 descending; ranks 1-100 fetched, the dataset holds more",2024,"https://data.cms.gov/data-api/v1/dataset/7e0b4365-fd63-4a29-8f5e-e0ac9f66a81b/data?filter[Mftr_Name]=Overall&sort=-Tot_Clms_2024&size=50&offset=50&column=Brnd_Name,Gnrc_Name,Tot_Clms_2024"
92,Trulicity,4305141,"BLOCK 2 of 3 - OFFICIAL, ONE PROGRAMME ONLY (CMS 'Medicare Part D Spending by Drug', rows with Mftr_Name=Overall): field Tot_Clms_2024 (Medicare Part D claims in 2024); each row is a Brnd_Name line, not an ingredient; Gnrc_Name in source = Dulaglutide; rank = position in the API response sorted by Tot_Clms_2024 descending; ranks 1-100 fetched, the dataset holds more",2024,"https://data.cms.gov/data-api/v1/dataset/7e0b4365-fd63-4a29-8f5e-e0ac9f66a81b/data?filter[Mftr_Name]=Overall&sort=-Tot_Clms_2024&size=50&offset=50&column=Brnd_Name,Gnrc_Name,Tot_Clms_2024"
93,Ketoconazole*,4250165,"BLOCK 2 of 3 - OFFICIAL, ONE PROGRAMME ONLY (CMS 'Medicare Part D Spending by Drug', rows with Mftr_Name=Overall): field Tot_Clms_2024 (Medicare Part D claims in 2024); each row is a Brnd_Name line, not an ingredient; Gnrc_Name in source = Ketoconazole; rank = position in the API response sorted by Tot_Clms_2024 descending; ranks 1-100 fetched, the dataset holds more",2024,"https://data.cms.gov/data-api/v1/dataset/7e0b4365-fd63-4a29-8f5e-e0ac9f66a81b/data?filter[Mftr_Name]=Overall&sort=-Tot_Clms_2024&size=50&offset=50&column=Brnd_Name,Gnrc_Name,Tot_Clms_2024"
94,Nitrofurantoin Mono-Macro,4188017,"BLOCK 2 of 3 - OFFICIAL, ONE PROGRAMME ONLY (CMS 'Medicare Part D Spending by Drug', rows with Mftr_Name=Overall): field Tot_Clms_2024 (Medicare Part D claims in 2024); each row is a Brnd_Name line, not an ingredient; Gnrc_Name in source = Nitrofurantoin Monohyd/M-Cryst; rank = position in the API response sorted by Tot_Clms_2024 descending; ranks 1-100 fetched, the dataset holds more",2024,"https://data.cms.gov/data-api/v1/dataset/7e0b4365-fd63-4a29-8f5e-e0ac9f66a81b/data?filter[Mftr_Name]=Overall&sort=-Tot_Clms_2024&size=50&offset=50&column=Brnd_Name,Gnrc_Name,Tot_Clms_2024"
95,Ondansetron HCl*,4180305,"BLOCK 2 of 3 - OFFICIAL, ONE PROGRAMME ONLY (CMS 'Medicare Part D Spending by Drug', rows with Mftr_Name=Overall): field Tot_Clms_2024 (Medicare Part D claims in 2024); each row is a Brnd_Name line, not an ingredient; Gnrc_Name in source = Ondansetron HCl; rank = position in the API response sorted by Tot_Clms_2024 descending; ranks 1-100 fetched, the dataset holds more",2024,"https://data.cms.gov/data-api/v1/dataset/7e0b4365-fd63-4a29-8f5e-e0ac9f66a81b/data?filter[Mftr_Name]=Overall&sort=-Tot_Clms_2024&size=50&offset=50&column=Brnd_Name,Gnrc_Name,Tot_Clms_2024"
96,Lamotrigine,4154338,"BLOCK 2 of 3 - OFFICIAL, ONE PROGRAMME ONLY (CMS 'Medicare Part D Spending by Drug', rows with Mftr_Name=Overall): field Tot_Clms_2024 (Medicare Part D claims in 2024); each row is a Brnd_Name line, not an ingredient; Gnrc_Name in source = Lamotrigine; rank = position in the API response sorted by Tot_Clms_2024 descending; ranks 1-100 fetched, the dataset holds more",2024,"https://data.cms.gov/data-api/v1/dataset/7e0b4365-fd63-4a29-8f5e-e0ac9f66a81b/data?filter[Mftr_Name]=Overall&sort=-Tot_Clms_2024&size=50&offset=50&column=Brnd_Name,Gnrc_Name,Tot_Clms_2024"
97,Estradiol*,4055858,"BLOCK 2 of 3 - OFFICIAL, ONE PROGRAMME ONLY (CMS 'Medicare Part D Spending by Drug', rows with Mftr_Name=Overall): field Tot_Clms_2024 (Medicare Part D claims in 2024); each row is a Brnd_Name line, not an ingredient; Gnrc_Name in source = Estradiol; rank = position in the API response sorted by Tot_Clms_2024 descending; ranks 1-100 fetched, the dataset holds more",2024,"https://data.cms.gov/data-api/v1/dataset/7e0b4365-fd63-4a29-8f5e-e0ac9f66a81b/data?filter[Mftr_Name]=Overall&sort=-Tot_Clms_2024&size=50&offset=50&column=Brnd_Name,Gnrc_Name,Tot_Clms_2024"
98,Januvia,4027317,"BLOCK 2 of 3 - OFFICIAL, ONE PROGRAMME ONLY (CMS 'Medicare Part D Spending by Drug', rows with Mftr_Name=Overall): field Tot_Clms_2024 (Medicare Part D claims in 2024); each row is a Brnd_Name line, not an ingredient; Gnrc_Name in source = Sitagliptin Phosphate; rank = position in the API response sorted by Tot_Clms_2024 descending; ranks 1-100 fetched, the dataset holds more",2024,"https://data.cms.gov/data-api/v1/dataset/7e0b4365-fd63-4a29-8f5e-e0ac9f66a81b/data?filter[Mftr_Name]=Overall&sort=-Tot_Clms_2024&size=50&offset=50&column=Brnd_Name,Gnrc_Name,Tot_Clms_2024"
99,Shingrix,3945932,"BLOCK 2 of 3 - OFFICIAL, ONE PROGRAMME ONLY (CMS 'Medicare Part D Spending by Drug', rows with Mftr_Name=Overall): field Tot_Clms_2024 (Medicare Part D claims in 2024); each row is a Brnd_Name line, not an ingredient; Gnrc_Name in source = Varicella-Zoster Ge/As01b/PF; rank = position in the API response sorted by Tot_Clms_2024 descending; ranks 1-100 fetched, the dataset holds more",2024,"https://data.cms.gov/data-api/v1/dataset/7e0b4365-fd63-4a29-8f5e-e0ac9f66a81b/data?filter[Mftr_Name]=Overall&sort=-Tot_Clms_2024&size=50&offset=50&column=Brnd_Name,Gnrc_Name,Tot_Clms_2024"
100,Mupirocin,3920145,"BLOCK 2 of 3 - OFFICIAL, ONE PROGRAMME ONLY (CMS 'Medicare Part D Spending by Drug', rows with Mftr_Name=Overall): field Tot_Clms_2024 (Medicare Part D claims in 2024); each row is a Brnd_Name line, not an ingredient; Gnrc_Name in source = Mupirocin; rank = position in the API response sorted by Tot_Clms_2024 descending; ranks 1-100 fetched, the dataset holds more",2024,"https://data.cms.gov/data-api/v1/dataset/7e0b4365-fd63-4a29-8f5e-e0ac9f66a81b/data?filter[Mftr_Name]=Overall&sort=-Tot_Clms_2024&size=50&offset=50&column=Brnd_Name,Gnrc_Name,Tot_Clms_2024"
1,Atorvastatin,"112,207","BLOCK 3 of 3 - OFFICIAL (AHRQ MEPS-HC summary table 'Total purchases in thousands (standard errors) by prescribed drug, United States'): total purchases in THOUSANDS, 2018 column, copied as printed (an asterisk is the source's own mark); AHRQ prints no rank - rank here is the position when that official column is sorted descending; all payers, general outpatient; all 221 drugs that have a 2018 value; latest year in the machine-readable copy that could be read",2018,https://raw.githubusercontent.com/HHS-AHRQ/MEPS-summary-tables/master/mepstrends/hc_pmed/json/data/totEVT__RXDRGNAM__ind__.json
2,Levothyroxine,"105,772","BLOCK 3 of 3 - OFFICIAL (AHRQ MEPS-HC summary table 'Total purchases in thousands (standard errors) by prescribed drug, United States'): total purchases in THOUSANDS, 2018 column, copied as printed (an asterisk is the source's own mark); AHRQ prints no rank - rank here is the position when that official column is sorted descending; all payers, general outpatient; all 221 drugs that have a 2018 value; latest year in the machine-readable copy that could be read",2018,https://raw.githubusercontent.com/HHS-AHRQ/MEPS-summary-tables/master/mepstrends/hc_pmed/json/data/totEVT__RXDRGNAM__ind__.json
3,Lisinopril,"97,240","BLOCK 3 of 3 - OFFICIAL (AHRQ MEPS-HC summary table 'Total purchases in thousands (standard errors) by prescribed drug, United States'): total purchases in THOUSANDS, 2018 column, copied as printed (an asterisk is the source's own mark); AHRQ prints no rank - rank here is the position when that official column is sorted descending; all payers, general outpatient; all 221 drugs that have a 2018 value; latest year in the machine-readable copy that could be read",2018,https://raw.githubusercontent.com/HHS-AHRQ/MEPS-summary-tables/master/mepstrends/hc_pmed/json/data/totEVT__RXDRGNAM__ind__.json
4,Metformin,"83,705","BLOCK 3 of 3 - OFFICIAL (AHRQ MEPS-HC summary table 'Total purchases in thousands (standard errors) by prescribed drug, United States'): total purchases in THOUSANDS, 2018 column, copied as printed (an asterisk is the source's own mark); AHRQ prints no rank - rank here is the position when that official column is sorted descending; all payers, general outpatient; all 221 drugs that have a 2018 value; latest year in the machine-readable copy that could be read",2018,https://raw.githubusercontent.com/HHS-AHRQ/MEPS-summary-tables/master/mepstrends/hc_pmed/json/data/totEVT__RXDRGNAM__ind__.json
5,Amlodipine,"75,825","BLOCK 3 of 3 - OFFICIAL (AHRQ MEPS-HC summary table 'Total purchases in thousands (standard errors) by prescribed drug, United States'): total purchases in THOUSANDS, 2018 column, copied as printed (an asterisk is the source's own mark); AHRQ prints no rank - rank here is the position when that official column is sorted descending; all payers, general outpatient; all 221 drugs that have a 2018 value; latest year in the machine-readable copy that could be read",2018,https://raw.githubusercontent.com/HHS-AHRQ/MEPS-summary-tables/master/mepstrends/hc_pmed/json/data/totEVT__RXDRGNAM__ind__.json
6,Metoprolol,"71,371","BLOCK 3 of 3 - OFFICIAL (AHRQ MEPS-HC summary table 'Total purchases in thousands (standard errors) by prescribed drug, United States'): total purchases in THOUSANDS, 2018 column, copied as printed (an asterisk is the source's own mark); AHRQ prints no rank - rank here is the position when that official column is sorted descending; all payers, general outpatient; all 221 drugs that have a 2018 value; latest year in the machine-readable copy that could be read",2018,https://raw.githubusercontent.com/HHS-AHRQ/MEPS-summary-tables/master/mepstrends/hc_pmed/json/data/totEVT__RXDRGNAM__ind__.json
7,Albuterol,"60,562","BLOCK 3 of 3 - OFFICIAL (AHRQ MEPS-HC summary table 'Total purchases in thousands (standard errors) by prescribed drug, United States'): total purchases in THOUSANDS, 2018 column, copied as printed (an asterisk is the source's own mark); AHRQ prints no rank - rank here is the position when that official column is sorted descending; all payers, general outpatient; all 221 drugs that have a 2018 value; latest year in the machine-readable copy that could be read",2018,https://raw.githubusercontent.com/HHS-AHRQ/MEPS-summary-tables/master/mepstrends/hc_pmed/json/data/totEVT__RXDRGNAM__ind__.json
8,Omeprazole,"58,141","BLOCK 3 of 3 - OFFICIAL (AHRQ MEPS-HC summary table 'Total purchases in thousands (standard errors) by prescribed drug, United States'): total purchases in THOUSANDS, 2018 column, copied as printed (an asterisk is the source's own mark); AHRQ prints no rank - rank here is the position when that official column is sorted descending; all payers, general outpatient; all 221 drugs that have a 2018 value; latest year in the machine-readable copy that could be read",2018,https://raw.githubusercontent.com/HHS-AHRQ/MEPS-summary-tables/master/mepstrends/hc_pmed/json/data/totEVT__RXDRGNAM__ind__.json
9,Losartan,"50,536","BLOCK 3 of 3 - OFFICIAL (AHRQ MEPS-HC summary table 'Total purchases in thousands (standard errors) by prescribed drug, United States'): total purchases in THOUSANDS, 2018 column, copied as printed (an asterisk is the source's own mark); AHRQ prints no rank - rank here is the position when that official column is sorted descending; all payers, general outpatient; all 221 drugs that have a 2018 value; latest year in the machine-readable copy that could be read",2018,https://raw.githubusercontent.com/HHS-AHRQ/MEPS-summary-tables/master/mepstrends/hc_pmed/json/data/totEVT__RXDRGNAM__ind__.json
10,Simvastatin,"47,973","BLOCK 3 of 3 - OFFICIAL (AHRQ MEPS-HC summary table 'Total purchases in thousands (standard errors) by prescribed drug, United States'): total purchases in THOUSANDS, 2018 column, copied as printed (an asterisk is the source's own mark); AHRQ prints no rank - rank here is the position when that official column is sorted descending; all payers, general outpatient; all 221 drugs that have a 2018 value; latest year in the machine-readable copy that could be read",2018,https://raw.githubusercontent.com/HHS-AHRQ/MEPS-summary-tables/master/mepstrends/hc_pmed/json/data/totEVT__RXDRGNAM__ind__.json
11,Gabapentin,"45,574","BLOCK 3 of 3 - OFFICIAL (AHRQ MEPS-HC summary table 'Total purchases in thousands (standard errors) by prescribed drug, United States'): total purchases in THOUSANDS, 2018 column, copied as printed (an asterisk is the source's own mark); AHRQ prints no rank - rank here is the position when that official column is sorted descending; all payers, general outpatient; all 221 drugs that have a 2018 value; latest year in the machine-readable copy that could be read",2018,https://raw.githubusercontent.com/HHS-AHRQ/MEPS-summary-tables/master/mepstrends/hc_pmed/json/data/totEVT__RXDRGNAM__ind__.json
12,Acetaminophen-Hydrocodone,"41,580","BLOCK 3 of 3 - OFFICIAL (AHRQ MEPS-HC summary table 'Total purchases in thousands (standard errors) by prescribed drug, United States'): total purchases in THOUSANDS, 2018 column, copied as printed (an asterisk is the source's own mark); AHRQ prints no rank - rank here is the position when that official column is sorted descending; all payers, general outpatient; all 221 drugs that have a 2018 value; latest year in the machine-readable copy that could be read",2018,https://raw.githubusercontent.com/HHS-AHRQ/MEPS-summary-tables/master/mepstrends/hc_pmed/json/data/totEVT__RXDRGNAM__ind__.json
13,Hydrochlorothiazide,"40,552","BLOCK 3 of 3 - OFFICIAL (AHRQ MEPS-HC summary table 'Total purchases in thousands (standard errors) by prescribed drug, United States'): total purchases in THOUSANDS, 2018 column, copied as printed (an asterisk is the source's own mark); AHRQ prints no rank - rank here is the position when that official column is sorted descending; all payers, general outpatient; all 221 drugs that have a 2018 value; latest year in the machine-readable copy that could be read",2018,https://raw.githubusercontent.com/HHS-AHRQ/MEPS-summary-tables/master/mepstrends/hc_pmed/json/data/totEVT__RXDRGNAM__ind__.json
14,Sertraline,"38,383","BLOCK 3 of 3 - OFFICIAL (AHRQ MEPS-HC summary table 'Total purchases in thousands (standard errors) by prescribed drug, United States'): total purchases in THOUSANDS, 2018 column, copied as printed (an asterisk is the source's own mark); AHRQ prints no rank - rank here is the position when that official column is sorted descending; all payers, general outpatient; all 221 drugs that have a 2018 value; latest year in the machine-readable copy that could be read",2018,https://raw.githubusercontent.com/HHS-AHRQ/MEPS-summary-tables/master/mepstrends/hc_pmed/json/data/totEVT__RXDRGNAM__ind__.json
15,Montelukast,"35,214","BLOCK 3 of 3 - OFFICIAL (AHRQ MEPS-HC summary table 'Total purchases in thousands (standard errors) by prescribed drug, United States'): total purchases in THOUSANDS, 2018 column, copied as printed (an asterisk is the source's own mark); AHRQ prints no rank - rank here is the position when that official column is sorted descending; all payers, general outpatient; all 221 drugs that have a 2018 value; latest year in the machine-readable copy that could be read",2018,https://raw.githubusercontent.com/HHS-AHRQ/MEPS-summary-tables/master/mepstrends/hc_pmed/json/data/totEVT__RXDRGNAM__ind__.json
16,Amoxicillin,"30,752","BLOCK 3 of 3 - OFFICIAL (AHRQ MEPS-HC summary table 'Total purchases in thousands (standard errors) by prescribed drug, United States'): total purchases in THOUSANDS, 2018 column, copied as printed (an asterisk is the source's own mark); AHRQ prints no rank - rank here is the position when that official column is sorted descending; all payers, general outpatient; all 221 drugs that have a 2018 value; latest year in the machine-readable copy that could be read",2018,https://raw.githubusercontent.com/HHS-AHRQ/MEPS-summary-tables/master/mepstrends/hc_pmed/json/data/totEVT__RXDRGNAM__ind__.json
17,Furosemide,"29,810","BLOCK 3 of 3 - OFFICIAL (AHRQ MEPS-HC summary table 'Total purchases in thousands (standard errors) by prescribed drug, United States'): total purchases in THOUSANDS, 2018 column, copied as printed (an asterisk is the source's own mark); AHRQ prints no rank - rank here is the position when that official column is sorted descending; all payers, general outpatient; all 221 drugs that have a 2018 value; latest year in the machine-readable copy that could be read",2018,https://raw.githubusercontent.com/HHS-AHRQ/MEPS-summary-tables/master/mepstrends/hc_pmed/json/data/totEVT__RXDRGNAM__ind__.json
18,Pantoprazole,"29,048","BLOCK 3 of 3 - OFFICIAL (AHRQ MEPS-HC summary table 'Total purchases in thousands (standard errors) by prescribed drug, United States'): total purchases in THOUSANDS, 2018 column, copied as printed (an asterisk is the source's own mark); AHRQ prints no rank - rank here is the position when that official column is sorted descending; all payers, general outpatient; all 221 drugs that have a 2018 value; latest year in the machine-readable copy that could be read",2018,https://raw.githubusercontent.com/HHS-AHRQ/MEPS-summary-tables/master/mepstrends/hc_pmed/json/data/totEVT__RXDRGNAM__ind__.json
19,Prednisone,"27,057","BLOCK 3 of 3 - OFFICIAL (AHRQ MEPS-HC summary table 'Total purchases in thousands (standard errors) by prescribed drug, United States'): total purchases in THOUSANDS, 2018 column, copied as printed (an asterisk is the source's own mark); AHRQ prints no rank - rank here is the position when that official column is sorted descending; all payers, general outpatient; all 221 drugs that have a 2018 value; latest year in the machine-readable copy that could be read",2018,https://raw.githubusercontent.com/HHS-AHRQ/MEPS-summary-tables/master/mepstrends/hc_pmed/json/data/totEVT__RXDRGNAM__ind__.json
20,Escitalopram,"25,979","BLOCK 3 of 3 - OFFICIAL (AHRQ MEPS-HC summary table 'Total purchases in thousands (standard errors) by prescribed drug, United States'): total purchases in THOUSANDS, 2018 column, copied as printed (an asterisk is the source's own mark); AHRQ prints no rank - rank here is the position when that official column is sorted descending; all payers, general outpatient; all 221 drugs that have a 2018 value; latest year in the machine-readable copy that could be read",2018,https://raw.githubusercontent.com/HHS-AHRQ/MEPS-summary-tables/master/mepstrends/hc_pmed/json/data/totEVT__RXDRGNAM__ind__.json
21,Fluoxetine,"25,578","BLOCK 3 of 3 - OFFICIAL (AHRQ MEPS-HC summary table 'Total purchases in thousands (standard errors) by prescribed drug, United States'): total purchases in THOUSANDS, 2018 column, copied as printed (an asterisk is the source's own mark); AHRQ prints no rank - rank here is the position when that official column is sorted descending; all payers, general outpatient; all 221 drugs that have a 2018 value; latest year in the machine-readable copy that could be read",2018,https://raw.githubusercontent.com/HHS-AHRQ/MEPS-summary-tables/master/mepstrends/hc_pmed/json/data/totEVT__RXDRGNAM__ind__.json
22,Insulin Glargine,"25,564","BLOCK 3 of 3 - OFFICIAL (AHRQ MEPS-HC summary table 'Total purchases in thousands (standard errors) by prescribed drug, United States'): total purchases in THOUSANDS, 2018 column, copied as printed (an asterisk is the source's own mark); AHRQ prints no rank - rank here is the position when that official column is sorted descending; all payers, general outpatient; all 221 drugs that have a 2018 value; latest year in the machine-readable copy that could be read",2018,https://raw.githubusercontent.com/HHS-AHRQ/MEPS-summary-tables/master/mepstrends/hc_pmed/json/data/totEVT__RXDRGNAM__ind__.json
23,Amphetamine-Dextroamphetamine,"25,332","BLOCK 3 of 3 - OFFICIAL (AHRQ MEPS-HC summary table 'Total purchases in thousands (standard errors) by prescribed drug, United States'): total purchases in THOUSANDS, 2018 column, copied as printed (an asterisk is the source's own mark); AHRQ prints no rank - rank here is the position when that official column is sorted descending; all payers, general outpatient; all 221 drugs that have a 2018 value; latest year in the machine-readable copy that could be read",2018,https://raw.githubusercontent.com/HHS-AHRQ/MEPS-summary-tables/master/mepstrends/hc_pmed/json/data/totEVT__RXDRGNAM__ind__.json
24,Tramadol,"24,934","BLOCK 3 of 3 - OFFICIAL (AHRQ MEPS-HC summary table 'Total purchases in thousands (standard errors) by prescribed drug, United States'): total purchases in THOUSANDS, 2018 column, copied as printed (an asterisk is the source's own mark); AHRQ prints no rank - rank here is the position when that official column is sorted descending; all payers, general outpatient; all 221 drugs that have a 2018 value; latest year in the machine-readable copy that could be read",2018,https://raw.githubusercontent.com/HHS-AHRQ/MEPS-summary-tables/master/mepstrends/hc_pmed/json/data/totEVT__RXDRGNAM__ind__.json
25,Bupropion,"24,373","BLOCK 3 of 3 - OFFICIAL (AHRQ MEPS-HC summary table 'Total purchases in thousands (standard errors) by prescribed drug, United States'): total purchases in THOUSANDS, 2018 column, copied as printed (an asterisk is the source's own mark); AHRQ prints no rank - rank here is the position when that official column is sorted descending; all payers, general outpatient; all 221 drugs that have a 2018 value; latest year in the machine-readable copy that could be read",2018,https://raw.githubusercontent.com/HHS-AHRQ/MEPS-summary-tables/master/mepstrends/hc_pmed/json/data/totEVT__RXDRGNAM__ind__.json
26,Ibuprofen,"24,246","BLOCK 3 of 3 - OFFICIAL (AHRQ MEPS-HC summary table 'Total purchases in thousands (standard errors) by prescribed drug, United States'): total purchases in THOUSANDS, 2018 column, copied as printed (an asterisk is the source's own mark); AHRQ prints no rank - rank here is the position when that official column is sorted descending; all payers, general outpatient; all 221 drugs that have a 2018 value; latest year in the machine-readable copy that could be read",2018,https://raw.githubusercontent.com/HHS-AHRQ/MEPS-summary-tables/master/mepstrends/hc_pmed/json/data/totEVT__RXDRGNAM__ind__.json
27,Rosuvastatin,"24,117","BLOCK 3 of 3 - OFFICIAL (AHRQ MEPS-HC summary table 'Total purchases in thousands (standard errors) by prescribed drug, United States'): total purchases in THOUSANDS, 2018 column, copied as printed (an asterisk is the source's own mark); AHRQ prints no rank - rank here is the position when that official column is sorted descending; all payers, general outpatient; all 221 drugs that have a 2018 value; latest year in the machine-readable copy that could be read",2018,https://raw.githubusercontent.com/HHS-AHRQ/MEPS-summary-tables/master/mepstrends/hc_pmed/json/data/totEVT__RXDRGNAM__ind__.json
28,Pravastatin,"24,059","BLOCK 3 of 3 - OFFICIAL (AHRQ MEPS-HC summary table 'Total purchases in thousands (standard errors) by prescribed drug, United States'): total purchases in THOUSANDS, 2018 column, copied as printed (an asterisk is the source's own mark); AHRQ prints no rank - rank here is the position when that official column is sorted descending; all payers, general outpatient; all 221 drugs that have a 2018 value; latest year in the machine-readable copy that could be read",2018,https://raw.githubusercontent.com/HHS-AHRQ/MEPS-summary-tables/master/mepstrends/hc_pmed/json/data/totEVT__RXDRGNAM__ind__.json
29,Trazodone,"23,778","BLOCK 3 of 3 - OFFICIAL (AHRQ MEPS-HC summary table 'Total purchases in thousands (standard errors) by prescribed drug, United States'): total purchases in THOUSANDS, 2018 column, copied as printed (an asterisk is the source's own mark); AHRQ prints no rank - rank here is the position when that official column is sorted descending; all payers, general outpatient; all 221 drugs that have a 2018 value; latest year in the machine-readable copy that could be read",2018,https://raw.githubusercontent.com/HHS-AHRQ/MEPS-summary-tables/master/mepstrends/hc_pmed/json/data/totEVT__RXDRGNAM__ind__.json
30,Carvedilol,"22,738","BLOCK 3 of 3 - OFFICIAL (AHRQ MEPS-HC summary table 'Total purchases in thousands (standard errors) by prescribed drug, United States'): total purchases in THOUSANDS, 2018 column, copied as printed (an asterisk is the source's own mark); AHRQ prints no rank - rank here is the position when that official column is sorted descending; all payers, general outpatient; all 221 drugs that have a 2018 value; latest year in the machine-readable copy that could be read",2018,https://raw.githubusercontent.com/HHS-AHRQ/MEPS-summary-tables/master/mepstrends/hc_pmed/json/data/totEVT__RXDRGNAM__ind__.json
31,Tamsulosin,"22,608","BLOCK 3 of 3 - OFFICIAL (AHRQ MEPS-HC summary table 'Total purchases in thousands (standard errors) by prescribed drug, United States'): total purchases in THOUSANDS, 2018 column, copied as printed (an asterisk is the source's own mark); AHRQ prints no rank - rank here is the position when that official column is sorted descending; all payers, general outpatient; all 221 drugs that have a 2018 value; latest year in the machine-readable copy that could be read",2018,https://raw.githubusercontent.com/HHS-AHRQ/MEPS-summary-tables/master/mepstrends/hc_pmed/json/data/totEVT__RXDRGNAM__ind__.json
32,Meloxicam,"22,587","BLOCK 3 of 3 - OFFICIAL (AHRQ MEPS-HC summary table 'Total purchases in thousands (standard errors) by prescribed drug, United States'): total purchases in THOUSANDS, 2018 column, copied as printed (an asterisk is the source's own mark); AHRQ prints no rank - rank here is the position when that official column is sorted descending; all payers, general outpatient; all 221 drugs that have a 2018 value; latest year in the machine-readable copy that could be read",2018,https://raw.githubusercontent.com/HHS-AHRQ/MEPS-summary-tables/master/mepstrends/hc_pmed/json/data/totEVT__RXDRGNAM__ind__.json
33,Citalopram,"22,224","BLOCK 3 of 3 - OFFICIAL (AHRQ MEPS-HC summary table 'Total purchases in thousands (standard errors) by prescribed drug, United States'): total purchases in THOUSANDS, 2018 column, copied as printed (an asterisk is the source's own mark); AHRQ prints no rank - rank here is the position when that official column is sorted descending; all payers, general outpatient; all 221 drugs that have a 2018 value; latest year in the machine-readable copy that could be read",2018,https://raw.githubusercontent.com/HHS-AHRQ/MEPS-summary-tables/master/mepstrends/hc_pmed/json/data/totEVT__RXDRGNAM__ind__.json
34,Fluticasone Nasal,"21,372","BLOCK 3 of 3 - OFFICIAL (AHRQ MEPS-HC summary table 'Total purchases in thousands (standard errors) by prescribed drug, United States'): total purchases in THOUSANDS, 2018 column, copied as printed (an asterisk is the source's own mark); AHRQ prints no rank - rank here is the position when that official column is sorted descending; all payers, general outpatient; all 221 drugs that have a 2018 value; latest year in the machine-readable copy that could be read",2018,https://raw.githubusercontent.com/HHS-AHRQ/MEPS-summary-tables/master/mepstrends/hc_pmed/json/data/totEVT__RXDRGNAM__ind__.json
35,Duloxetine,"21,035","BLOCK 3 of 3 - OFFICIAL (AHRQ MEPS-HC summary table 'Total purchases in thousands (standard errors) by prescribed drug, United States'): total purchases in THOUSANDS, 2018 column, copied as printed (an asterisk is the source's own mark); AHRQ prints no rank - rank here is the position when that official column is sorted descending; all payers, general outpatient; all 221 drugs that have a 2018 value; latest year in the machine-readable copy that could be read",2018,https://raw.githubusercontent.com/HHS-AHRQ/MEPS-summary-tables/master/mepstrends/hc_pmed/json/data/totEVT__RXDRGNAM__ind__.json
36,Alprazolam,"20,822","BLOCK 3 of 3 - OFFICIAL (AHRQ MEPS-HC summary table 'Total purchases in thousands (standard errors) by prescribed drug, United States'): total purchases in THOUSANDS, 2018 column, copied as printed (an asterisk is the source's own mark); AHRQ prints no rank - rank here is the position when that official column is sorted descending; all payers, general outpatient; all 221 drugs that have a 2018 value; latest year in the machine-readable copy that could be read",2018,https://raw.githubusercontent.com/HHS-AHRQ/MEPS-summary-tables/master/mepstrends/hc_pmed/json/data/totEVT__RXDRGNAM__ind__.json
37,Clopidogrel,"20,016","BLOCK 3 of 3 - OFFICIAL (AHRQ MEPS-HC summary table 'Total purchases in thousands (standard errors) by prescribed drug, United States'): total purchases in THOUSANDS, 2018 column, copied as printed (an asterisk is the source's own mark); AHRQ prints no rank - rank here is the position when that official column is sorted descending; all payers, general outpatient; all 221 drugs that have a 2018 value; latest year in the machine-readable copy that could be read",2018,https://raw.githubusercontent.com/HHS-AHRQ/MEPS-summary-tables/master/mepstrends/hc_pmed/json/data/totEVT__RXDRGNAM__ind__.json
38,Potassium Chloride,"19,188","BLOCK 3 of 3 - OFFICIAL (AHRQ MEPS-HC summary table 'Total purchases in thousands (standard errors) by prescribed drug, United States'): total purchases in THOUSANDS, 2018 column, copied as printed (an asterisk is the source's own mark); AHRQ prints no rank - rank here is the position when that official column is sorted descending; all payers, general outpatient; all 221 drugs that have a 2018 value; latest year in the machine-readable copy that could be read",2018,https://raw.githubusercontent.com/HHS-AHRQ/MEPS-summary-tables/master/mepstrends/hc_pmed/json/data/totEVT__RXDRGNAM__ind__.json
39,Atenolol,"18,569","BLOCK 3 of 3 - OFFICIAL (AHRQ MEPS-HC summary table 'Total purchases in thousands (standard errors) by prescribed drug, United States'): total purchases in THOUSANDS, 2018 column, copied as printed (an asterisk is the source's own mark); AHRQ prints no rank - rank here is the position when that official column is sorted descending; all payers, general outpatient; all 221 drugs that have a 2018 value; latest year in the machine-readable copy that could be read",2018,https://raw.githubusercontent.com/HHS-AHRQ/MEPS-summary-tables/master/mepstrends/hc_pmed/json/data/totEVT__RXDRGNAM__ind__.json
40,Ranitidine,"18,416","BLOCK 3 of 3 - OFFICIAL (AHRQ MEPS-HC summary table 'Total purchases in thousands (standard errors) by prescribed drug, United States'): total purchases in THOUSANDS, 2018 column, copied as printed (an asterisk is the source's own mark); AHRQ prints no rank - rank here is the position when that official column is sorted descending; all payers, general outpatient; all 221 drugs that have a 2018 value; latest year in the machine-readable copy that could be read",2018,https://raw.githubusercontent.com/HHS-AHRQ/MEPS-summary-tables/master/mepstrends/hc_pmed/json/data/totEVT__RXDRGNAM__ind__.json
41,Cyclobenzaprine,"17,957","BLOCK 3 of 3 - OFFICIAL (AHRQ MEPS-HC summary table 'Total purchases in thousands (standard errors) by prescribed drug, United States'): total purchases in THOUSANDS, 2018 column, copied as printed (an asterisk is the source's own mark); AHRQ prints no rank - rank here is the position when that official column is sorted descending; all payers, general outpatient; all 221 drugs that have a 2018 value; latest year in the machine-readable copy that could be read",2018,https://raw.githubusercontent.com/HHS-AHRQ/MEPS-summary-tables/master/mepstrends/hc_pmed/json/data/totEVT__RXDRGNAM__ind__.json
42,Glipizide,"17,527","BLOCK 3 of 3 - OFFICIAL (AHRQ MEPS-HC summary table 'Total purchases in thousands (standard errors) by prescribed drug, United States'): total purchases in THOUSANDS, 2018 column, copied as printed (an asterisk is the source's own mark); AHRQ prints no rank - rank here is the position when that official column is sorted descending; all payers, general outpatient; all 221 drugs that have a 2018 value; latest year in the machine-readable copy that could be read",2018,https://raw.githubusercontent.com/HHS-AHRQ/MEPS-summary-tables/master/mepstrends/hc_pmed/json/data/totEVT__RXDRGNAM__ind__.json
43,Methylphenidate,"17,467","BLOCK 3 of 3 - OFFICIAL (AHRQ MEPS-HC summary table 'Total purchases in thousands (standard errors) by prescribed drug, United States'): total purchases in THOUSANDS, 2018 column, copied as printed (an asterisk is the source's own mark); AHRQ prints no rank - rank here is the position when that official column is sorted descending; all payers, general outpatient; all 221 drugs that have a 2018 value; latest year in the machine-readable copy that could be read",2018,https://raw.githubusercontent.com/HHS-AHRQ/MEPS-summary-tables/master/mepstrends/hc_pmed/json/data/totEVT__RXDRGNAM__ind__.json
44,Azithromycin,"17,098","BLOCK 3 of 3 - OFFICIAL (AHRQ MEPS-HC summary table 'Total purchases in thousands (standard errors) by prescribed drug, United States'): total purchases in THOUSANDS, 2018 column, copied as printed (an asterisk is the source's own mark); AHRQ prints no rank - rank here is the position when that official column is sorted descending; all payers, general outpatient; all 221 drugs that have a 2018 value; latest year in the machine-readable copy that could be read",2018,https://raw.githubusercontent.com/HHS-AHRQ/MEPS-summary-tables/master/mepstrends/hc_pmed/json/data/totEVT__RXDRGNAM__ind__.json
45,Clonazepam,"17,043","BLOCK 3 of 3 - OFFICIAL (AHRQ MEPS-HC summary table 'Total purchases in thousands (standard errors) by prescribed drug, United States'): total purchases in THOUSANDS, 2018 column, copied as printed (an asterisk is the source's own mark); AHRQ prints no rank - rank here is the position when that official column is sorted descending; all payers, general outpatient; all 221 drugs that have a 2018 value; latest year in the machine-readable copy that could be read",2018,https://raw.githubusercontent.com/HHS-AHRQ/MEPS-summary-tables/master/mepstrends/hc_pmed/json/data/totEVT__RXDRGNAM__ind__.json
46,Oxycodone,"16,962","BLOCK 3 of 3 - OFFICIAL (AHRQ MEPS-HC summary table 'Total purchases in thousands (standard errors) by prescribed drug, United States'): total purchases in THOUSANDS, 2018 column, copied as printed (an asterisk is the source's own mark); AHRQ prints no rank - rank here is the position when that official column is sorted descending; all payers, general outpatient; all 221 drugs that have a 2018 value; latest year in the machine-readable copy that could be read",2018,https://raw.githubusercontent.com/HHS-AHRQ/MEPS-summary-tables/master/mepstrends/hc_pmed/json/data/totEVT__RXDRGNAM__ind__.json
47,Allopurinol,"16,302","BLOCK 3 of 3 - OFFICIAL (AHRQ MEPS-HC summary table 'Total purchases in thousands (standard errors) by prescribed drug, United States'): total purchases in THOUSANDS, 2018 column, copied as printed (an asterisk is the source's own mark); AHRQ prints no rank - rank here is the position when that official column is sorted descending; all payers, general outpatient; all 221 drugs that have a 2018 value; latest year in the machine-readable copy that could be read",2018,https://raw.githubusercontent.com/HHS-AHRQ/MEPS-summary-tables/master/mepstrends/hc_pmed/json/data/totEVT__RXDRGNAM__ind__.json
48,Venlafaxine,"16,121","BLOCK 3 of 3 - OFFICIAL (AHRQ MEPS-HC summary table 'Total purchases in thousands (standard errors) by prescribed drug, United States'): total purchases in THOUSANDS, 2018 column, copied as printed (an asterisk is the source's own mark); AHRQ prints no rank - rank here is the position when that official column is sorted descending; all payers, general outpatient; all 221 drugs that have a 2018 value; latest year in the machine-readable copy that could be read",2018,https://raw.githubusercontent.com/HHS-AHRQ/MEPS-summary-tables/master/mepstrends/hc_pmed/json/data/totEVT__RXDRGNAM__ind__.json
49,Hydrochlorothiazide-Lisinopril,"15,944","BLOCK 3 of 3 - OFFICIAL (AHRQ MEPS-HC summary table 'Total purchases in thousands (standard errors) by prescribed drug, United States'): total purchases in THOUSANDS, 2018 column, copied as printed (an asterisk is the source's own mark); AHRQ prints no rank - rank here is the position when that official column is sorted descending; all payers, general outpatient; all 221 drugs that have a 2018 value; latest year in the machine-readable copy that could be read",2018,https://raw.githubusercontent.com/HHS-AHRQ/MEPS-summary-tables/master/mepstrends/hc_pmed/json/data/totEVT__RXDRGNAM__ind__.json
50,Aspirin,"14,973","BLOCK 3 of 3 - OFFICIAL (AHRQ MEPS-HC summary table 'Total purchases in thousands (standard errors) by prescribed drug, United States'): total purchases in THOUSANDS, 2018 column, copied as printed (an asterisk is the source's own mark); AHRQ prints no rank - rank here is the position when that official column is sorted descending; all payers, general outpatient; all 221 drugs that have a 2018 value; latest year in the machine-readable copy that could be read",2018,https://raw.githubusercontent.com/HHS-AHRQ/MEPS-summary-tables/master/mepstrends/hc_pmed/json/data/totEVT__RXDRGNAM__ind__.json
51,Warfarin,"14,772","BLOCK 3 of 3 - OFFICIAL (AHRQ MEPS-HC summary table 'Total purchases in thousands (standard errors) by prescribed drug, United States'): total purchases in THOUSANDS, 2018 column, copied as printed (an asterisk is the source's own mark); AHRQ prints no rank - rank here is the position when that official column is sorted descending; all payers, general outpatient; all 221 drugs that have a 2018 value; latest year in the machine-readable copy that could be read",2018,https://raw.githubusercontent.com/HHS-AHRQ/MEPS-summary-tables/master/mepstrends/hc_pmed/json/data/totEVT__RXDRGNAM__ind__.json
52,Propranolol,"14,606","BLOCK 3 of 3 - OFFICIAL (AHRQ MEPS-HC summary table 'Total purchases in thousands (standard errors) by prescribed drug, United States'): total purchases in THOUSANDS, 2018 column, copied as printed (an asterisk is the source's own mark); AHRQ prints no rank - rank here is the position when that official column is sorted descending; all payers, general outpatient; all 221 drugs that have a 2018 value; latest year in the machine-readable copy that could be read",2018,https://raw.githubusercontent.com/HHS-AHRQ/MEPS-summary-tables/master/mepstrends/hc_pmed/json/data/totEVT__RXDRGNAM__ind__.json
53,Acetaminophen-Oxycodone,"14,528","BLOCK 3 of 3 - OFFICIAL (AHRQ MEPS-HC summary table 'Total purchases in thousands (standard errors) by prescribed drug, United States'): total purchases in THOUSANDS, 2018 column, copied as printed (an asterisk is the source's own mark); AHRQ prints no rank - rank here is the position when that official column is sorted descending; all payers, general outpatient; all 221 drugs that have a 2018 value; latest year in the machine-readable copy that could be read",2018,https://raw.githubusercontent.com/HHS-AHRQ/MEPS-summary-tables/master/mepstrends/hc_pmed/json/data/totEVT__RXDRGNAM__ind__.json
54,Hydrochlorothiazide-Losartan,"13,880","BLOCK 3 of 3 - OFFICIAL (AHRQ MEPS-HC summary table 'Total purchases in thousands (standard errors) by prescribed drug, United States'): total purchases in THOUSANDS, 2018 column, copied as printed (an asterisk is the source's own mark); AHRQ prints no rank - rank here is the position when that official column is sorted descending; all payers, general outpatient; all 221 drugs that have a 2018 value; latest year in the machine-readable copy that could be read",2018,https://raw.githubusercontent.com/HHS-AHRQ/MEPS-summary-tables/master/mepstrends/hc_pmed/json/data/totEVT__RXDRGNAM__ind__.json
55,Ethinyl Estradiol-Norethindrone,"13,527","BLOCK 3 of 3 - OFFICIAL (AHRQ MEPS-HC summary table 'Total purchases in thousands (standard errors) by prescribed drug, United States'): total purchases in THOUSANDS, 2018 column, copied as printed (an asterisk is the source's own mark); AHRQ prints no rank - rank here is the position when that official column is sorted descending; all payers, general outpatient; all 221 drugs that have a 2018 value; latest year in the machine-readable copy that could be read",2018,https://raw.githubusercontent.com/HHS-AHRQ/MEPS-summary-tables/master/mepstrends/hc_pmed/json/data/totEVT__RXDRGNAM__ind__.json
56,Lorazepam,"13,170","BLOCK 3 of 3 - OFFICIAL (AHRQ MEPS-HC summary table 'Total purchases in thousands (standard errors) by prescribed drug, United States'): total purchases in THOUSANDS, 2018 column, copied as printed (an asterisk is the source's own mark); AHRQ prints no rank - rank here is the position when that official column is sorted descending; all payers, general outpatient; all 221 drugs that have a 2018 value; latest year in the machine-readable copy that could be read",2018,https://raw.githubusercontent.com/HHS-AHRQ/MEPS-summary-tables/master/mepstrends/hc_pmed/json/data/totEVT__RXDRGNAM__ind__.json
57,Quetiapine,"12,963","BLOCK 3 of 3 - OFFICIAL (AHRQ MEPS-HC summary table 'Total purchases in thousands (standard errors) by prescribed drug, United States'): total purchases in THOUSANDS, 2018 column, copied as printed (an asterisk is the source's own mark); AHRQ prints no rank - rank here is the position when that official column is sorted descending; all payers, general outpatient; all 221 drugs that have a 2018 value; latest year in the machine-readable copy that could be read",2018,https://raw.githubusercontent.com/HHS-AHRQ/MEPS-summary-tables/master/mepstrends/hc_pmed/json/data/totEVT__RXDRGNAM__ind__.json
58,Zolpidem,"12,866","BLOCK 3 of 3 - OFFICIAL (AHRQ MEPS-HC summary table 'Total purchases in thousands (standard errors) by prescribed drug, United States'): total purchases in THOUSANDS, 2018 column, copied as printed (an asterisk is the source's own mark); AHRQ prints no rank - rank here is the position when that official column is sorted descending; all payers, general outpatient; all 221 drugs that have a 2018 value; latest year in the machine-readable copy that could be read",2018,https://raw.githubusercontent.com/HHS-AHRQ/MEPS-summary-tables/master/mepstrends/hc_pmed/json/data/totEVT__RXDRGNAM__ind__.json
59,Cetirizine,"12,810","BLOCK 3 of 3 - OFFICIAL (AHRQ MEPS-HC summary table 'Total purchases in thousands (standard errors) by prescribed drug, United States'): total purchases in THOUSANDS, 2018 column, copied as printed (an asterisk is the source's own mark); AHRQ prints no rank - rank here is the position when that official column is sorted descending; all payers, general outpatient; all 221 drugs that have a 2018 value; latest year in the machine-readable copy that could be read",2018,https://raw.githubusercontent.com/HHS-AHRQ/MEPS-summary-tables/master/mepstrends/hc_pmed/json/data/totEVT__RXDRGNAM__ind__.json
60,Ergocalciferol,"12,675","BLOCK 3 of 3 - OFFICIAL (AHRQ MEPS-HC summary table 'Total purchases in thousands (standard errors) by prescribed drug, United States'): total purchases in THOUSANDS, 2018 column, copied as printed (an asterisk is the source's own mark); AHRQ prints no rank - rank here is the position when that official column is sorted descending; all payers, general outpatient; all 221 drugs that have a 2018 value; latest year in the machine-readable copy that could be read",2018,https://raw.githubusercontent.com/HHS-AHRQ/MEPS-summary-tables/master/mepstrends/hc_pmed/json/data/totEVT__RXDRGNAM__ind__.json
61,Budesonide-Formoterol,"12,339","BLOCK 3 of 3 - OFFICIAL (AHRQ MEPS-HC summary table 'Total purchases in thousands (standard errors) by prescribed drug, United States'): total purchases in THOUSANDS, 2018 column, copied as printed (an asterisk is the source's own mark); AHRQ prints no rank - rank here is the position when that official column is sorted descending; all payers, general outpatient; all 221 drugs that have a 2018 value; latest year in the machine-readable copy that could be read",2018,https://raw.githubusercontent.com/HHS-AHRQ/MEPS-summary-tables/master/mepstrends/hc_pmed/json/data/totEVT__RXDRGNAM__ind__.json
62,Ondansetron,"12,240","BLOCK 3 of 3 - OFFICIAL (AHRQ MEPS-HC summary table 'Total purchases in thousands (standard errors) by prescribed drug, United States'): total purchases in THOUSANDS, 2018 column, copied as printed (an asterisk is the source's own mark); AHRQ prints no rank - rank here is the position when that official column is sorted descending; all payers, general outpatient; all 221 drugs that have a 2018 value; latest year in the machine-readable copy that could be read",2018,https://raw.githubusercontent.com/HHS-AHRQ/MEPS-summary-tables/master/mepstrends/hc_pmed/json/data/totEVT__RXDRGNAM__ind__.json
63,Spironolactone,"12,203","BLOCK 3 of 3 - OFFICIAL (AHRQ MEPS-HC summary table 'Total purchases in thousands (standard errors) by prescribed drug, United States'): total purchases in THOUSANDS, 2018 column, copied as printed (an asterisk is the source's own mark); AHRQ prints no rank - rank here is the position when that official column is sorted descending; all payers, general outpatient; all 221 drugs that have a 2018 value; latest year in the machine-readable copy that could be read",2018,https://raw.githubusercontent.com/HHS-AHRQ/MEPS-summary-tables/master/mepstrends/hc_pmed/json/data/totEVT__RXDRGNAM__ind__.json
64,Apixaban,"12,113","BLOCK 3 of 3 - OFFICIAL (AHRQ MEPS-HC summary table 'Total purchases in thousands (standard errors) by prescribed drug, United States'): total purchases in THOUSANDS, 2018 column, copied as printed (an asterisk is the source's own mark); AHRQ prints no rank - rank here is the position when that official column is sorted descending; all payers, general outpatient; all 221 drugs that have a 2018 value; latest year in the machine-readable copy that could be read",2018,https://raw.githubusercontent.com/HHS-AHRQ/MEPS-summary-tables/master/mepstrends/hc_pmed/json/data/totEVT__RXDRGNAM__ind__.json
65,Fluticasone-Salmeterol,"12,021","BLOCK 3 of 3 - OFFICIAL (AHRQ MEPS-HC summary table 'Total purchases in thousands (standard errors) by prescribed drug, United States'): total purchases in THOUSANDS, 2018 column, copied as printed (an asterisk is the source's own mark); AHRQ prints no rank - rank here is the position when that official column is sorted descending; all payers, general outpatient; all 221 drugs that have a 2018 value; latest year in the machine-readable copy that could be read",2018,https://raw.githubusercontent.com/HHS-AHRQ/MEPS-summary-tables/master/mepstrends/hc_pmed/json/data/totEVT__RXDRGNAM__ind__.json
66,Naproxen,"11,805","BLOCK 3 of 3 - OFFICIAL (AHRQ MEPS-HC summary table 'Total purchases in thousands (standard errors) by prescribed drug, United States'): total purchases in THOUSANDS, 2018 column, copied as printed (an asterisk is the source's own mark); AHRQ prints no rank - rank here is the position when that official column is sorted descending; all payers, general outpatient; all 221 drugs that have a 2018 value; latest year in the machine-readable copy that could be read",2018,https://raw.githubusercontent.com/HHS-AHRQ/MEPS-summary-tables/master/mepstrends/hc_pmed/json/data/totEVT__RXDRGNAM__ind__.json
67,Lamotrigine,"11,583","BLOCK 3 of 3 - OFFICIAL (AHRQ MEPS-HC summary table 'Total purchases in thousands (standard errors) by prescribed drug, United States'): total purchases in THOUSANDS, 2018 column, copied as printed (an asterisk is the source's own mark); AHRQ prints no rank - rank here is the position when that official column is sorted descending; all payers, general outpatient; all 221 drugs that have a 2018 value; latest year in the machine-readable copy that could be read",2018,https://raw.githubusercontent.com/HHS-AHRQ/MEPS-summary-tables/master/mepstrends/hc_pmed/json/data/totEVT__RXDRGNAM__ind__.json
68,Pregabalin,"11,430","BLOCK 3 of 3 - OFFICIAL (AHRQ MEPS-HC summary table 'Total purchases in thousands (standard errors) by prescribed drug, United States'): total purchases in THOUSANDS, 2018 column, copied as printed (an asterisk is the source's own mark); AHRQ prints no rank - rank here is the position when that official column is sorted descending; all payers, general outpatient; all 221 drugs that have a 2018 value; latest year in the machine-readable copy that could be read",2018,https://raw.githubusercontent.com/HHS-AHRQ/MEPS-summary-tables/master/mepstrends/hc_pmed/json/data/totEVT__RXDRGNAM__ind__.json
69,Glimepiride,"11,406","BLOCK 3 of 3 - OFFICIAL (AHRQ MEPS-HC summary table 'Total purchases in thousands (standard errors) by prescribed drug, United States'): total purchases in THOUSANDS, 2018 column, copied as printed (an asterisk is the source's own mark); AHRQ prints no rank - rank here is the position when that official column is sorted descending; all payers, general outpatient; all 221 drugs that have a 2018 value; latest year in the machine-readable copy that could be read",2018,https://raw.githubusercontent.com/HHS-AHRQ/MEPS-summary-tables/master/mepstrends/hc_pmed/json/data/totEVT__RXDRGNAM__ind__.json
70,Estradiol,"11,399","BLOCK 3 of 3 - OFFICIAL (AHRQ MEPS-HC summary table 'Total purchases in thousands (standard errors) by prescribed drug, United States'): total purchases in THOUSANDS, 2018 column, copied as printed (an asterisk is the source's own mark); AHRQ prints no rank - rank here is the position when that official column is sorted descending; all payers, general outpatient; all 221 drugs that have a 2018 value; latest year in the machine-readable copy that could be read",2018,https://raw.githubusercontent.com/HHS-AHRQ/MEPS-summary-tables/master/mepstrends/hc_pmed/json/data/totEVT__RXDRGNAM__ind__.json
71,Fenofibrate,"11,300","BLOCK 3 of 3 - OFFICIAL (AHRQ MEPS-HC summary table 'Total purchases in thousands (standard errors) by prescribed drug, United States'): total purchases in THOUSANDS, 2018 column, copied as printed (an asterisk is the source's own mark); AHRQ prints no rank - rank here is the position when that official column is sorted descending; all payers, general outpatient; all 221 drugs that have a 2018 value; latest year in the machine-readable copy that could be read",2018,https://raw.githubusercontent.com/HHS-AHRQ/MEPS-summary-tables/master/mepstrends/hc_pmed/json/data/totEVT__RXDRGNAM__ind__.json
72,Paroxetine,"11,229","BLOCK 3 of 3 - OFFICIAL (AHRQ MEPS-HC summary table 'Total purchases in thousands (standard errors) by prescribed drug, United States'): total purchases in THOUSANDS, 2018 column, copied as printed (an asterisk is the source's own mark); AHRQ prints no rank - rank here is the position when that official column is sorted descending; all payers, general outpatient; all 221 drugs that have a 2018 value; latest year in the machine-readable copy that could be read",2018,https://raw.githubusercontent.com/HHS-AHRQ/MEPS-summary-tables/master/mepstrends/hc_pmed/json/data/totEVT__RXDRGNAM__ind__.json
73,Clonidine,"11,125","BLOCK 3 of 3 - OFFICIAL (AHRQ MEPS-HC summary table 'Total purchases in thousands (standard errors) by prescribed drug, United States'): total purchases in THOUSANDS, 2018 column, copied as printed (an asterisk is the source's own mark); AHRQ prints no rank - rank here is the position when that official column is sorted descending; all payers, general outpatient; all 221 drugs that have a 2018 value; latest year in the machine-readable copy that could be read",2018,https://raw.githubusercontent.com/HHS-AHRQ/MEPS-summary-tables/master/mepstrends/hc_pmed/json/data/totEVT__RXDRGNAM__ind__.json
74,Insulin Aspart,"10,971","BLOCK 3 of 3 - OFFICIAL (AHRQ MEPS-HC summary table 'Total purchases in thousands (standard errors) by prescribed drug, United States'): total purchases in THOUSANDS, 2018 column, copied as printed (an asterisk is the source's own mark); AHRQ prints no rank - rank here is the position when that official column is sorted descending; all payers, general outpatient; all 221 drugs that have a 2018 value; latest year in the machine-readable copy that could be read",2018,https://raw.githubusercontent.com/HHS-AHRQ/MEPS-summary-tables/master/mepstrends/hc_pmed/json/data/totEVT__RXDRGNAM__ind__.json
75,Diltiazem,"10,518","BLOCK 3 of 3 - OFFICIAL (AHRQ MEPS-HC summary table 'Total purchases in thousands (standard errors) by prescribed drug, United States'): total purchases in THOUSANDS, 2018 column, copied as printed (an asterisk is the source's own mark); AHRQ prints no rank - rank here is the position when that official column is sorted descending; all payers, general outpatient; all 221 drugs that have a 2018 value; latest year in the machine-readable copy that could be read",2018,https://raw.githubusercontent.com/HHS-AHRQ/MEPS-summary-tables/master/mepstrends/hc_pmed/json/data/totEVT__RXDRGNAM__ind__.json
76,Hydroxyzine,"10,425","BLOCK 3 of 3 - OFFICIAL (AHRQ MEPS-HC summary table 'Total purchases in thousands (standard errors) by prescribed drug, United States'): total purchases in THOUSANDS, 2018 column, copied as printed (an asterisk is the source's own mark); AHRQ prints no rank - rank here is the position when that official column is sorted descending; all payers, general outpatient; all 221 drugs that have a 2018 value; latest year in the machine-readable copy that could be read",2018,https://raw.githubusercontent.com/HHS-AHRQ/MEPS-summary-tables/master/mepstrends/hc_pmed/json/data/totEVT__RXDRGNAM__ind__.json
77,Amitriptyline,"10,265","BLOCK 3 of 3 - OFFICIAL (AHRQ MEPS-HC summary table 'Total purchases in thousands (standard errors) by prescribed drug, United States'): total purchases in THOUSANDS, 2018 column, copied as printed (an asterisk is the source's own mark); AHRQ prints no rank - rank here is the position when that official column is sorted descending; all payers, general outpatient; all 221 drugs that have a 2018 value; latest year in the machine-readable copy that could be read",2018,https://raw.githubusercontent.com/HHS-AHRQ/MEPS-summary-tables/master/mepstrends/hc_pmed/json/data/totEVT__RXDRGNAM__ind__.json
78,Ethinyl Estradiol-Norgestimate,"10,183","BLOCK 3 of 3 - OFFICIAL (AHRQ MEPS-HC summary table 'Total purchases in thousands (standard errors) by prescribed drug, United States'): total purchases in THOUSANDS, 2018 column, copied as printed (an asterisk is the source's own mark); AHRQ prints no rank - rank here is the position when that official column is sorted descending; all payers, general outpatient; all 221 drugs that have a 2018 value; latest year in the machine-readable copy that could be read",2018,https://raw.githubusercontent.com/HHS-AHRQ/MEPS-summary-tables/master/mepstrends/hc_pmed/json/data/totEVT__RXDRGNAM__ind__.json
79,Doxycycline,"10,043","BLOCK 3 of 3 - OFFICIAL (AHRQ MEPS-HC summary table 'Total purchases in thousands (standard errors) by prescribed drug, United States'): total purchases in THOUSANDS, 2018 column, copied as printed (an asterisk is the source's own mark); AHRQ prints no rank - rank here is the position when that official column is sorted descending; all payers, general outpatient; all 221 drugs that have a 2018 value; latest year in the machine-readable copy that could be read",2018,https://raw.githubusercontent.com/HHS-AHRQ/MEPS-summary-tables/master/mepstrends/hc_pmed/json/data/totEVT__RXDRGNAM__ind__.json
80,Lisdexamfetamine,"10,011","BLOCK 3 of 3 - OFFICIAL (AHRQ MEPS-HC summary table 'Total purchases in thousands (standard errors) by prescribed drug, United States'): total purchases in THOUSANDS, 2018 column, copied as printed (an asterisk is the source's own mark); AHRQ prints no rank - rank here is the position when that official column is sorted descending; all payers, general outpatient; all 221 drugs that have a 2018 value; latest year in the machine-readable copy that could be read",2018,https://raw.githubusercontent.com/HHS-AHRQ/MEPS-summary-tables/master/mepstrends/hc_pmed/json/data/totEVT__RXDRGNAM__ind__.json
81,Sitagliptin,"9,814","BLOCK 3 of 3 - OFFICIAL (AHRQ MEPS-HC summary table 'Total purchases in thousands (standard errors) by prescribed drug, United States'): total purchases in THOUSANDS, 2018 column, copied as printed (an asterisk is the source's own mark); AHRQ prints no rank - rank here is the position when that official column is sorted descending; all payers, general outpatient; all 221 drugs that have a 2018 value; latest year in the machine-readable copy that could be read",2018,https://raw.githubusercontent.com/HHS-AHRQ/MEPS-summary-tables/master/mepstrends/hc_pmed/json/data/totEVT__RXDRGNAM__ind__.json
82,Loratadine,"9,785","BLOCK 3 of 3 - OFFICIAL (AHRQ MEPS-HC summary table 'Total purchases in thousands (standard errors) by prescribed drug, United States'): total purchases in THOUSANDS, 2018 column, copied as printed (an asterisk is the source's own mark); AHRQ prints no rank - rank here is the position when that official column is sorted descending; all payers, general outpatient; all 221 drugs that have a 2018 value; latest year in the machine-readable copy that could be read",2018,https://raw.githubusercontent.com/HHS-AHRQ/MEPS-summary-tables/master/mepstrends/hc_pmed/json/data/totEVT__RXDRGNAM__ind__.json
83,Latanoprost Ophthalmic,"8,976","BLOCK 3 of 3 - OFFICIAL (AHRQ MEPS-HC summary table 'Total purchases in thousands (standard errors) by prescribed drug, United States'): total purchases in THOUSANDS, 2018 column, copied as printed (an asterisk is the source's own mark); AHRQ prints no rank - rank here is the position when that official column is sorted descending; all payers, general outpatient; all 221 drugs that have a 2018 value; latest year in the machine-readable copy that could be read",2018,https://raw.githubusercontent.com/HHS-AHRQ/MEPS-summary-tables/master/mepstrends/hc_pmed/json/data/totEVT__RXDRGNAM__ind__.json
84,Cephalexin,"8,938","BLOCK 3 of 3 - OFFICIAL (AHRQ MEPS-HC summary table 'Total purchases in thousands (standard errors) by prescribed drug, United States'): total purchases in THOUSANDS, 2018 column, copied as printed (an asterisk is the source's own mark); AHRQ prints no rank - rank here is the position when that official column is sorted descending; all payers, general outpatient; all 221 drugs that have a 2018 value; latest year in the machine-readable copy that could be read",2018,https://raw.githubusercontent.com/HHS-AHRQ/MEPS-summary-tables/master/mepstrends/hc_pmed/json/data/totEVT__RXDRGNAM__ind__.json
85,Finasteride,"8,876","BLOCK 3 of 3 - OFFICIAL (AHRQ MEPS-HC summary table 'Total purchases in thousands (standard errors) by prescribed drug, United States'): total purchases in THOUSANDS, 2018 column, copied as printed (an asterisk is the source's own mark); AHRQ prints no rank - rank here is the position when that official column is sorted descending; all payers, general outpatient; all 221 drugs that have a 2018 value; latest year in the machine-readable copy that could be read",2018,https://raw.githubusercontent.com/HHS-AHRQ/MEPS-summary-tables/master/mepstrends/hc_pmed/json/data/totEVT__RXDRGNAM__ind__.json
86,Tizanidine,"8,841","BLOCK 3 of 3 - OFFICIAL (AHRQ MEPS-HC summary table 'Total purchases in thousands (standard errors) by prescribed drug, United States'): total purchases in THOUSANDS, 2018 column, copied as printed (an asterisk is the source's own mark); AHRQ prints no rank - rank here is the position when that official column is sorted descending; all payers, general outpatient; all 221 drugs that have a 2018 value; latest year in the machine-readable copy that could be read",2018,https://raw.githubusercontent.com/HHS-AHRQ/MEPS-summary-tables/master/mepstrends/hc_pmed/json/data/totEVT__RXDRGNAM__ind__.json
87,Lovastatin,"8,769","BLOCK 3 of 3 - OFFICIAL (AHRQ MEPS-HC summary table 'Total purchases in thousands (standard errors) by prescribed drug, United States'): total purchases in THOUSANDS, 2018 column, copied as printed (an asterisk is the source's own mark); AHRQ prints no rank - rank here is the position when that official column is sorted descending; all payers, general outpatient; all 221 drugs that have a 2018 value; latest year in the machine-readable copy that could be read",2018,https://raw.githubusercontent.com/HHS-AHRQ/MEPS-summary-tables/master/mepstrends/hc_pmed/json/data/totEVT__RXDRGNAM__ind__.json
88,Topiramate,"8,649","BLOCK 3 of 3 - OFFICIAL (AHRQ MEPS-HC summary table 'Total purchases in thousands (standard errors) by prescribed drug, United States'): total purchases in THOUSANDS, 2018 column, copied as printed (an asterisk is the source's own mark); AHRQ prints no rank - rank here is the position when that official column is sorted descending; all payers, general outpatient; all 221 drugs that have a 2018 value; latest year in the machine-readable copy that could be read",2018,https://raw.githubusercontent.com/HHS-AHRQ/MEPS-summary-tables/master/mepstrends/hc_pmed/json/data/totEVT__RXDRGNAM__ind__.json
89,Amoxicillin-Clavulanate,"8,574","BLOCK 3 of 3 - OFFICIAL (AHRQ MEPS-HC summary table 'Total purchases in thousands (standard errors) by prescribed drug, United States'): total purchases in THOUSANDS, 2018 column, copied as printed (an asterisk is the source's own mark); AHRQ prints no rank - rank here is the position when that official column is sorted descending; all payers, general outpatient; all 221 drugs that have a 2018 value; latest year in the machine-readable copy that could be read",2018,https://raw.githubusercontent.com/HHS-AHRQ/MEPS-summary-tables/master/mepstrends/hc_pmed/json/data/totEVT__RXDRGNAM__ind__.json
90,Insulin Lispro,"8,513","BLOCK 3 of 3 - OFFICIAL (AHRQ MEPS-HC summary table 'Total purchases in thousands (standard errors) by prescribed drug, United States'): total purchases in THOUSANDS, 2018 column, copied as printed (an asterisk is the source's own mark); AHRQ prints no rank - rank here is the position when that official column is sorted descending; all payers, general outpatient; all 221 drugs that have a 2018 value; latest year in the machine-readable copy that could be read",2018,https://raw.githubusercontent.com/HHS-AHRQ/MEPS-summary-tables/master/mepstrends/hc_pmed/json/data/totEVT__RXDRGNAM__ind__.json
91,Sulfamethoxazole-Trimethoprim,"8,168","BLOCK 3 of 3 - OFFICIAL (AHRQ MEPS-HC summary table 'Total purchases in thousands (standard errors) by prescribed drug, United States'): total purchases in THOUSANDS, 2018 column, copied as printed (an asterisk is the source's own mark); AHRQ prints no rank - rank here is the position when that official column is sorted descending; all payers, general outpatient; all 221 drugs that have a 2018 value; latest year in the machine-readable copy that could be read",2018,https://raw.githubusercontent.com/HHS-AHRQ/MEPS-summary-tables/master/mepstrends/hc_pmed/json/data/totEVT__RXDRGNAM__ind__.json
92,Buspirone,"8,149","BLOCK 3 of 3 - OFFICIAL (AHRQ MEPS-HC summary table 'Total purchases in thousands (standard errors) by prescribed drug, United States'): total purchases in THOUSANDS, 2018 column, copied as printed (an asterisk is the source's own mark); AHRQ prints no rank - rank here is the position when that official column is sorted descending; all payers, general outpatient; all 221 drugs that have a 2018 value; latest year in the machine-readable copy that could be read",2018,https://raw.githubusercontent.com/HHS-AHRQ/MEPS-summary-tables/master/mepstrends/hc_pmed/json/data/totEVT__RXDRGNAM__ind__.json
93,Oseltamivir,"8,140","BLOCK 3 of 3 - OFFICIAL (AHRQ MEPS-HC summary table 'Total purchases in thousands (standard errors) by prescribed drug, United States'): total purchases in THOUSANDS, 2018 column, copied as printed (an asterisk is the source's own mark); AHRQ prints no rank - rank here is the position when that official column is sorted descending; all payers, general outpatient; all 221 drugs that have a 2018 value; latest year in the machine-readable copy that could be read",2018,https://raw.githubusercontent.com/HHS-AHRQ/MEPS-summary-tables/master/mepstrends/hc_pmed/json/data/totEVT__RXDRGNAM__ind__.json
94,Valsartan,"7,694","BLOCK 3 of 3 - OFFICIAL (AHRQ MEPS-HC summary table 'Total purchases in thousands (standard errors) by prescribed drug, United States'): total purchases in THOUSANDS, 2018 column, copied as printed (an asterisk is the source's own mark); AHRQ prints no rank - rank here is the position when that official column is sorted descending; all payers, general outpatient; all 221 drugs that have a 2018 value; latest year in the machine-readable copy that could be read",2018,https://raw.githubusercontent.com/HHS-AHRQ/MEPS-summary-tables/master/mepstrends/hc_pmed/json/data/totEVT__RXDRGNAM__ind__.json
95,Levetiracetam,"7,666","BLOCK 3 of 3 - OFFICIAL (AHRQ MEPS-HC summary table 'Total purchases in thousands (standard errors) by prescribed drug, United States'): total purchases in THOUSANDS, 2018 column, copied as printed (an asterisk is the source's own mark); AHRQ prints no rank - rank here is the position when that official column is sorted descending; all payers, general outpatient; all 221 drugs that have a 2018 value; latest year in the machine-readable copy that could be read",2018,https://raw.githubusercontent.com/HHS-AHRQ/MEPS-summary-tables/master/mepstrends/hc_pmed/json/data/totEVT__RXDRGNAM__ind__.json
96,Hydralazine,"7,516","BLOCK 3 of 3 - OFFICIAL (AHRQ MEPS-HC summary table 'Total purchases in thousands (standard errors) by prescribed drug, United States'): total purchases in THOUSANDS, 2018 column, copied as printed (an asterisk is the source's own mark); AHRQ prints no rank - rank here is the position when that official column is sorted descending; all payers, general outpatient; all 221 drugs that have a 2018 value; latest year in the machine-readable copy that could be read",2018,https://raw.githubusercontent.com/HHS-AHRQ/MEPS-summary-tables/master/mepstrends/hc_pmed/json/data/totEVT__RXDRGNAM__ind__.json
97,Mirtazapine,"7,493","BLOCK 3 of 3 - OFFICIAL (AHRQ MEPS-HC summary table 'Total purchases in thousands (standard errors) by prescribed drug, United States'): total purchases in THOUSANDS, 2018 column, copied as printed (an asterisk is the source's own mark); AHRQ prints no rank - rank here is the position when that official column is sorted descending; all payers, general outpatient; all 221 drugs that have a 2018 value; latest year in the machine-readable copy that could be read",2018,https://raw.githubusercontent.com/HHS-AHRQ/MEPS-summary-tables/master/mepstrends/hc_pmed/json/data/totEVT__RXDRGNAM__ind__.json
98,Rivaroxaban,"7,430","BLOCK 3 of 3 - OFFICIAL (AHRQ MEPS-HC summary table 'Total purchases in thousands (standard errors) by prescribed drug, United States'): total purchases in THOUSANDS, 2018 column, copied as printed (an asterisk is the source's own mark); AHRQ prints no rank - rank here is the position when that official column is sorted descending; all payers, general outpatient; all 221 drugs that have a 2018 value; latest year in the machine-readable copy that could be read",2018,https://raw.githubusercontent.com/HHS-AHRQ/MEPS-summary-tables/master/mepstrends/hc_pmed/json/data/totEVT__RXDRGNAM__ind__.json
99,Oxybutynin,"7,333","BLOCK 3 of 3 - OFFICIAL (AHRQ MEPS-HC summary table 'Total purchases in thousands (standard errors) by prescribed drug, United States'): total purchases in THOUSANDS, 2018 column, copied as printed (an asterisk is the source's own mark); AHRQ prints no rank - rank here is the position when that official column is sorted descending; all payers, general outpatient; all 221 drugs that have a 2018 value; latest year in the machine-readable copy that could be read",2018,https://raw.githubusercontent.com/HHS-AHRQ/MEPS-summary-tables/master/mepstrends/hc_pmed/json/data/totEVT__RXDRGNAM__ind__.json
100,Esomeprazole,"7,227","BLOCK 3 of 3 - OFFICIAL (AHRQ MEPS-HC summary table 'Total purchases in thousands (standard errors) by prescribed drug, United States'): total purchases in THOUSANDS, 2018 column, copied as printed (an asterisk is the source's own mark); AHRQ prints no rank - rank here is the position when that official column is sorted descending; all payers, general outpatient; all 221 drugs that have a 2018 value; latest year in the machine-readable copy that could be read",2018,https://raw.githubusercontent.com/HHS-AHRQ/MEPS-summary-tables/master/mepstrends/hc_pmed/json/data/totEVT__RXDRGNAM__ind__.json
101,Aripiprazole,"7,221","BLOCK 3 of 3 - OFFICIAL (AHRQ MEPS-HC summary table 'Total purchases in thousands (standard errors) by prescribed drug, United States'): total purchases in THOUSANDS, 2018 column, copied as printed (an asterisk is the source's own mark); AHRQ prints no rank - rank here is the position when that official column is sorted descending; all payers, general outpatient; all 221 drugs that have a 2018 value; latest year in the machine-readable copy that could be read",2018,https://raw.githubusercontent.com/HHS-AHRQ/MEPS-summary-tables/master/mepstrends/hc_pmed/json/data/totEVT__RXDRGNAM__ind__.json
102,Alendronate,"7,119","BLOCK 3 of 3 - OFFICIAL (AHRQ MEPS-HC summary table 'Total purchases in thousands (standard errors) by prescribed drug, United States'): total purchases in THOUSANDS, 2018 column, copied as printed (an asterisk is the source's own mark); AHRQ prints no rank - rank here is the position when that official column is sorted descending; all payers, general outpatient; all 221 drugs that have a 2018 value; latest year in the machine-readable copy that could be read",2018,https://raw.githubusercontent.com/HHS-AHRQ/MEPS-summary-tables/master/mepstrends/hc_pmed/json/data/totEVT__RXDRGNAM__ind__.json
103,Triamcinolone Topical,"6,848","BLOCK 3 of 3 - OFFICIAL (AHRQ MEPS-HC summary table 'Total purchases in thousands (standard errors) by prescribed drug, United States'): total purchases in THOUSANDS, 2018 column, copied as printed (an asterisk is the source's own mark); AHRQ prints no rank - rank here is the position when that official column is sorted descending; all payers, general outpatient; all 221 drugs that have a 2018 value; latest year in the machine-readable copy that could be read",2018,https://raw.githubusercontent.com/HHS-AHRQ/MEPS-summary-tables/master/mepstrends/hc_pmed/json/data/totEVT__RXDRGNAM__ind__.json
104,Folic Acid,"6,832","BLOCK 3 of 3 - OFFICIAL (AHRQ MEPS-HC summary table 'Total purchases in thousands (standard errors) by prescribed drug, United States'): total purchases in THOUSANDS, 2018 column, copied as printed (an asterisk is the source's own mark); AHRQ prints no rank - rank here is the position when that official column is sorted descending; all payers, general outpatient; all 221 drugs that have a 2018 value; latest year in the machine-readable copy that could be read",2018,https://raw.githubusercontent.com/HHS-AHRQ/MEPS-summary-tables/master/mepstrends/hc_pmed/json/data/totEVT__RXDRGNAM__ind__.json
105,Tiotropium,"6,781","BLOCK 3 of 3 - OFFICIAL (AHRQ MEPS-HC summary table 'Total purchases in thousands (standard errors) by prescribed drug, United States'): total purchases in THOUSANDS, 2018 column, copied as printed (an asterisk is the source's own mark); AHRQ prints no rank - rank here is the position when that official column is sorted descending; all payers, general outpatient; all 221 drugs that have a 2018 value; latest year in the machine-readable copy that could be read",2018,https://raw.githubusercontent.com/HHS-AHRQ/MEPS-summary-tables/master/mepstrends/hc_pmed/json/data/totEVT__RXDRGNAM__ind__.json
106,Isosorbide Mononitrate,"6,713","BLOCK 3 of 3 - OFFICIAL (AHRQ MEPS-HC summary table 'Total purchases in thousands (standard errors) by prescribed drug, United States'): total purchases in THOUSANDS, 2018 column, copied as printed (an asterisk is the source's own mark); AHRQ prints no rank - rank here is the position when that official column is sorted descending; all payers, general outpatient; all 221 drugs that have a 2018 value; latest year in the machine-readable copy that could be read",2018,https://raw.githubusercontent.com/HHS-AHRQ/MEPS-summary-tables/master/mepstrends/hc_pmed/json/data/totEVT__RXDRGNAM__ind__.json
107,Diclofenac,"6,667","BLOCK 3 of 3 - OFFICIAL (AHRQ MEPS-HC summary table 'Total purchases in thousands (standard errors) by prescribed drug, United States'): total purchases in THOUSANDS, 2018 column, copied as printed (an asterisk is the source's own mark); AHRQ prints no rank - rank here is the position when that official column is sorted descending; all payers, general outpatient; all 221 drugs that have a 2018 value; latest year in the machine-readable copy that could be read",2018,https://raw.githubusercontent.com/HHS-AHRQ/MEPS-summary-tables/master/mepstrends/hc_pmed/json/data/totEVT__RXDRGNAM__ind__.json
108,Sumatriptan,"6,633","BLOCK 3 of 3 - OFFICIAL (AHRQ MEPS-HC summary table 'Total purchases in thousands (standard errors) by prescribed drug, United States'): total purchases in THOUSANDS, 2018 column, copied as printed (an asterisk is the source's own mark); AHRQ prints no rank - rank here is the position when that official column is sorted descending; all payers, general outpatient; all 221 drugs that have a 2018 value; latest year in the machine-readable copy that could be read",2018,https://raw.githubusercontent.com/HHS-AHRQ/MEPS-summary-tables/master/mepstrends/hc_pmed/json/data/totEVT__RXDRGNAM__ind__.json
109,Insulin Detemir,"6,606","BLOCK 3 of 3 - OFFICIAL (AHRQ MEPS-HC summary table 'Total purchases in thousands (standard errors) by prescribed drug, United States'): total purchases in THOUSANDS, 2018 column, copied as printed (an asterisk is the source's own mark); AHRQ prints no rank - rank here is the position when that official column is sorted descending; all payers, general outpatient; all 221 drugs that have a 2018 value; latest year in the machine-readable copy that could be read",2018,https://raw.githubusercontent.com/HHS-AHRQ/MEPS-summary-tables/master/mepstrends/hc_pmed/json/data/totEVT__RXDRGNAM__ind__.json
110,Famotidine,"6,471","BLOCK 3 of 3 - OFFICIAL (AHRQ MEPS-HC summary table 'Total purchases in thousands (standard errors) by prescribed drug, United States'): total purchases in THOUSANDS, 2018 column, copied as printed (an asterisk is the source's own mark); AHRQ prints no rank - rank here is the position when that official column is sorted descending; all payers, general outpatient; all 221 drugs that have a 2018 value; latest year in the machine-readable copy that could be read",2018,https://raw.githubusercontent.com/HHS-AHRQ/MEPS-summary-tables/master/mepstrends/hc_pmed/json/data/totEVT__RXDRGNAM__ind__.json
111,Benzonatate,"6,456","BLOCK 3 of 3 - OFFICIAL (AHRQ MEPS-HC summary table 'Total purchases in thousands (standard errors) by prescribed drug, United States'): total purchases in THOUSANDS, 2018 column, copied as printed (an asterisk is the source's own mark); AHRQ prints no rank - rank here is the position when that official column is sorted descending; all payers, general outpatient; all 221 drugs that have a 2018 value; latest year in the machine-readable copy that could be read",2018,https://raw.githubusercontent.com/HHS-AHRQ/MEPS-summary-tables/master/mepstrends/hc_pmed/json/data/totEVT__RXDRGNAM__ind__.json
112,Diazepam,"6,427","BLOCK 3 of 3 - OFFICIAL (AHRQ MEPS-HC summary table 'Total purchases in thousands (standard errors) by prescribed drug, United States'): total purchases in THOUSANDS, 2018 column, copied as printed (an asterisk is the source's own mark); AHRQ prints no rank - rank here is the position when that official column is sorted descending; all payers, general outpatient; all 221 drugs that have a 2018 value; latest year in the machine-readable copy that could be read",2018,https://raw.githubusercontent.com/HHS-AHRQ/MEPS-summary-tables/master/mepstrends/hc_pmed/json/data/totEVT__RXDRGNAM__ind__.json
113,Fluticasone,"6,390","BLOCK 3 of 3 - OFFICIAL (AHRQ MEPS-HC summary table 'Total purchases in thousands (standard errors) by prescribed drug, United States'): total purchases in THOUSANDS, 2018 column, copied as printed (an asterisk is the source's own mark); AHRQ prints no rank - rank here is the position when that official column is sorted descending; all payers, general outpatient; all 221 drugs that have a 2018 value; latest year in the machine-readable copy that could be read",2018,https://raw.githubusercontent.com/HHS-AHRQ/MEPS-summary-tables/master/mepstrends/hc_pmed/json/data/totEVT__RXDRGNAM__ind__.json
114,Ropinirole,"6,225","BLOCK 3 of 3 - OFFICIAL (AHRQ MEPS-HC summary table 'Total purchases in thousands (standard errors) by prescribed drug, United States'): total purchases in THOUSANDS, 2018 column, copied as printed (an asterisk is the source's own mark); AHRQ prints no rank - rank here is the position when that official column is sorted descending; all payers, general outpatient; all 221 drugs that have a 2018 value; latest year in the machine-readable copy that could be read",2018,https://raw.githubusercontent.com/HHS-AHRQ/MEPS-summary-tables/master/mepstrends/hc_pmed/json/data/totEVT__RXDRGNAM__ind__.json
115,Hydrochlorothiazide-Triamterene,"6,007","BLOCK 3 of 3 - OFFICIAL (AHRQ MEPS-HC summary table 'Total purchases in thousands (standard errors) by prescribed drug, United States'): total purchases in THOUSANDS, 2018 column, copied as printed (an asterisk is the source's own mark); AHRQ prints no rank - rank here is the position when that official column is sorted descending; all payers, general outpatient; all 221 drugs that have a 2018 value; latest year in the machine-readable copy that could be read",2018,https://raw.githubusercontent.com/HHS-AHRQ/MEPS-summary-tables/master/mepstrends/hc_pmed/json/data/totEVT__RXDRGNAM__ind__.json
116,Fluticasone-Vilanterol,"5,947","BLOCK 3 of 3 - OFFICIAL (AHRQ MEPS-HC summary table 'Total purchases in thousands (standard errors) by prescribed drug, United States'): total purchases in THOUSANDS, 2018 column, copied as printed (an asterisk is the source's own mark); AHRQ prints no rank - rank here is the position when that official column is sorted descending; all payers, general outpatient; all 221 drugs that have a 2018 value; latest year in the machine-readable copy that could be read",2018,https://raw.githubusercontent.com/HHS-AHRQ/MEPS-summary-tables/master/mepstrends/hc_pmed/json/data/totEVT__RXDRGNAM__ind__.json
117,Benazepril,"5,920","BLOCK 3 of 3 - OFFICIAL (AHRQ MEPS-HC summary table 'Total purchases in thousands (standard errors) by prescribed drug, United States'): total purchases in THOUSANDS, 2018 column, copied as printed (an asterisk is the source's own mark); AHRQ prints no rank - rank here is the position when that official column is sorted descending; all payers, general outpatient; all 221 drugs that have a 2018 value; latest year in the machine-readable copy that could be read",2018,https://raw.githubusercontent.com/HHS-AHRQ/MEPS-summary-tables/master/mepstrends/hc_pmed/json/data/totEVT__RXDRGNAM__ind__.json
118,Methocarbamol,"5,840","BLOCK 3 of 3 - OFFICIAL (AHRQ MEPS-HC summary table 'Total purchases in thousands (standard errors) by prescribed drug, United States'): total purchases in THOUSANDS, 2018 column, copied as printed (an asterisk is the source's own mark); AHRQ prints no rank - rank here is the position when that official column is sorted descending; all payers, general outpatient; all 221 drugs that have a 2018 value; latest year in the machine-readable copy that could be read",2018,https://raw.githubusercontent.com/HHS-AHRQ/MEPS-summary-tables/master/mepstrends/hc_pmed/json/data/totEVT__RXDRGNAM__ind__.json
119,Nifedipine,"5,657","BLOCK 3 of 3 - OFFICIAL (AHRQ MEPS-HC summary table 'Total purchases in thousands (standard errors) by prescribed drug, United States'): total purchases in THOUSANDS, 2018 column, copied as printed (an asterisk is the source's own mark); AHRQ prints no rank - rank here is the position when that official column is sorted descending; all payers, general outpatient; all 221 drugs that have a 2018 value; latest year in the machine-readable copy that could be read",2018,https://raw.githubusercontent.com/HHS-AHRQ/MEPS-summary-tables/master/mepstrends/hc_pmed/json/data/totEVT__RXDRGNAM__ind__.json
120,Thyroid Desiccated,"5,641","BLOCK 3 of 3 - OFFICIAL (AHRQ MEPS-HC summary table 'Total purchases in thousands (standard errors) by prescribed drug, United States'): total purchases in THOUSANDS, 2018 column, copied as printed (an asterisk is the source's own mark); AHRQ prints no rank - rank here is the position when that official column is sorted descending; all payers, general outpatient; all 221 drugs that have a 2018 value; latest year in the machine-readable copy that could be read",2018,https://raw.githubusercontent.com/HHS-AHRQ/MEPS-summary-tables/master/mepstrends/hc_pmed/json/data/totEVT__RXDRGNAM__ind__.json
121,Baclofen,"5,627","BLOCK 3 of 3 - OFFICIAL (AHRQ MEPS-HC summary table 'Total purchases in thousands (standard errors) by prescribed drug, United States'): total purchases in THOUSANDS, 2018 column, copied as printed (an asterisk is the source's own mark); AHRQ prints no rank - rank here is the position when that official column is sorted descending; all payers, general outpatient; all 221 drugs that have a 2018 value; latest year in the machine-readable copy that could be read",2018,https://raw.githubusercontent.com/HHS-AHRQ/MEPS-summary-tables/master/mepstrends/hc_pmed/json/data/totEVT__RXDRGNAM__ind__.json
122,Testosterone,"5,519","BLOCK 3 of 3 - OFFICIAL (AHRQ MEPS-HC summary table 'Total purchases in thousands (standard errors) by prescribed drug, United States'): total purchases in THOUSANDS, 2018 column, copied as printed (an asterisk is the source's own mark); AHRQ prints no rank - rank here is the position when that official column is sorted descending; all payers, general outpatient; all 221 drugs that have a 2018 value; latest year in the machine-readable copy that could be read",2018,https://raw.githubusercontent.com/HHS-AHRQ/MEPS-summary-tables/master/mepstrends/hc_pmed/json/data/totEVT__RXDRGNAM__ind__.json
123,Methotrexate,"5,518","BLOCK 3 of 3 - OFFICIAL (AHRQ MEPS-HC summary table 'Total purchases in thousands (standard errors) by prescribed drug, United States'): total purchases in THOUSANDS, 2018 column, copied as printed (an asterisk is the source's own mark); AHRQ prints no rank - rank here is the position when that official column is sorted descending; all payers, general outpatient; all 221 drugs that have a 2018 value; latest year in the machine-readable copy that could be read",2018,https://raw.githubusercontent.com/HHS-AHRQ/MEPS-summary-tables/master/mepstrends/hc_pmed/json/data/totEVT__RXDRGNAM__ind__.json
124,Ciprofloxacin,"5,471","BLOCK 3 of 3 - OFFICIAL (AHRQ MEPS-HC summary table 'Total purchases in thousands (standard errors) by prescribed drug, United States'): total purchases in THOUSANDS, 2018 column, copied as printed (an asterisk is the source's own mark); AHRQ prints no rank - rank here is the position when that official column is sorted descending; all payers, general outpatient; all 221 drugs that have a 2018 value; latest year in the machine-readable copy that could be read",2018,https://raw.githubusercontent.com/HHS-AHRQ/MEPS-summary-tables/master/mepstrends/hc_pmed/json/data/totEVT__RXDRGNAM__ind__.json
125,Ezetimibe,"5,471","BLOCK 3 of 3 - OFFICIAL (AHRQ MEPS-HC summary table 'Total purchases in thousands (standard errors) by prescribed drug, United States'): total purchases in THOUSANDS, 2018 column, copied as printed (an asterisk is the source's own mark); AHRQ prints no rank - rank here is the position when that official column is sorted descending; all payers, general outpatient; all 221 drugs that have a 2018 value; latest year in the machine-readable copy that could be read",2018,https://raw.githubusercontent.com/HHS-AHRQ/MEPS-summary-tables/master/mepstrends/hc_pmed/json/data/totEVT__RXDRGNAM__ind__.json
126,Fluconazole,"5,470","BLOCK 3 of 3 - OFFICIAL (AHRQ MEPS-HC summary table 'Total purchases in thousands (standard errors) by prescribed drug, United States'): total purchases in THOUSANDS, 2018 column, copied as printed (an asterisk is the source's own mark); AHRQ prints no rank - rank here is the position when that official column is sorted descending; all payers, general outpatient; all 221 drugs that have a 2018 value; latest year in the machine-readable copy that could be read",2018,https://raw.githubusercontent.com/HHS-AHRQ/MEPS-summary-tables/master/mepstrends/hc_pmed/json/data/totEVT__RXDRGNAM__ind__.json
127,Celecoxib,"5,436","BLOCK 3 of 3 - OFFICIAL (AHRQ MEPS-HC summary table 'Total purchases in thousands (standard errors) by prescribed drug, United States'): total purchases in THOUSANDS, 2018 column, copied as printed (an asterisk is the source's own mark); AHRQ prints no rank - rank here is the position when that official column is sorted descending; all payers, general outpatient; all 221 drugs that have a 2018 value; latest year in the machine-readable copy that could be read",2018,https://raw.githubusercontent.com/HHS-AHRQ/MEPS-summary-tables/master/mepstrends/hc_pmed/json/data/totEVT__RXDRGNAM__ind__.json
128,Guanfacine,"5,430","BLOCK 3 of 3 - OFFICIAL (AHRQ MEPS-HC summary table 'Total purchases in thousands (standard errors) by prescribed drug, United States'): total purchases in THOUSANDS, 2018 column, copied as printed (an asterisk is the source's own mark); AHRQ prints no rank - rank here is the position when that official column is sorted descending; all payers, general outpatient; all 221 drugs that have a 2018 value; latest year in the machine-readable copy that could be read",2018,https://raw.githubusercontent.com/HHS-AHRQ/MEPS-summary-tables/master/mepstrends/hc_pmed/json/data/totEVT__RXDRGNAM__ind__.json
129,Hydroxychloroquine,"5,418","BLOCK 3 of 3 - OFFICIAL (AHRQ MEPS-HC summary table 'Total purchases in thousands (standard errors) by prescribed drug, United States'): total purchases in THOUSANDS, 2018 column, copied as printed (an asterisk is the source's own mark); AHRQ prints no rank - rank here is the position when that official column is sorted descending; all payers, general outpatient; all 221 drugs that have a 2018 value; latest year in the machine-readable copy that could be read",2018,https://raw.githubusercontent.com/HHS-AHRQ/MEPS-summary-tables/master/mepstrends/hc_pmed/json/data/totEVT__RXDRGNAM__ind__.json
130,Donepezil,"5,385","BLOCK 3 of 3 - OFFICIAL (AHRQ MEPS-HC summary table 'Total purchases in thousands (standard errors) by prescribed drug, United States'): total purchases in THOUSANDS, 2018 column, copied as printed (an asterisk is the source's own mark); AHRQ prints no rank - rank here is the position when that official column is sorted descending; all payers, general outpatient; all 221 drugs that have a 2018 value; latest year in the machine-readable copy that could be read",2018,https://raw.githubusercontent.com/HHS-AHRQ/MEPS-summary-tables/master/mepstrends/hc_pmed/json/data/totEVT__RXDRGNAM__ind__.json
131,Divalproex Sodium,"5,382","BLOCK 3 of 3 - OFFICIAL (AHRQ MEPS-HC summary table 'Total purchases in thousands (standard errors) by prescribed drug, United States'): total purchases in THOUSANDS, 2018 column, copied as printed (an asterisk is the source's own mark); AHRQ prints no rank - rank here is the position when that official column is sorted descending; all payers, general outpatient; all 221 drugs that have a 2018 value; latest year in the machine-readable copy that could be read",2018,https://raw.githubusercontent.com/HHS-AHRQ/MEPS-summary-tables/master/mepstrends/hc_pmed/json/data/totEVT__RXDRGNAM__ind__.json
132,Ethinyl Estradiol-Levonorgestrel,"5,222","BLOCK 3 of 3 - OFFICIAL (AHRQ MEPS-HC summary table 'Total purchases in thousands (standard errors) by prescribed drug, United States'): total purchases in THOUSANDS, 2018 column, copied as printed (an asterisk is the source's own mark); AHRQ prints no rank - rank here is the position when that official column is sorted descending; all payers, general outpatient; all 221 drugs that have a 2018 value; latest year in the machine-readable copy that could be read",2018,https://raw.githubusercontent.com/HHS-AHRQ/MEPS-summary-tables/master/mepstrends/hc_pmed/json/data/totEVT__RXDRGNAM__ind__.json
133,Morphine,"5,218","BLOCK 3 of 3 - OFFICIAL (AHRQ MEPS-HC summary table 'Total purchases in thousands (standard errors) by prescribed drug, United States'): total purchases in THOUSANDS, 2018 column, copied as printed (an asterisk is the source's own mark); AHRQ prints no rank - rank here is the position when that official column is sorted descending; all payers, general outpatient; all 221 drugs that have a 2018 value; latest year in the machine-readable copy that could be read",2018,https://raw.githubusercontent.com/HHS-AHRQ/MEPS-summary-tables/master/mepstrends/hc_pmed/json/data/totEVT__RXDRGNAM__ind__.json
134,Enalapril,"5,183","BLOCK 3 of 3 - OFFICIAL (AHRQ MEPS-HC summary table 'Total purchases in thousands (standard errors) by prescribed drug, United States'): total purchases in THOUSANDS, 2018 column, copied as printed (an asterisk is the source's own mark); AHRQ prints no rank - rank here is the position when that official column is sorted descending; all payers, general outpatient; all 221 drugs that have a 2018 value; latest year in the machine-readable copy that could be read",2018,https://raw.githubusercontent.com/HHS-AHRQ/MEPS-summary-tables/master/mepstrends/hc_pmed/json/data/totEVT__RXDRGNAM__ind__.json
135,Pioglitazone,"5,179","BLOCK 3 of 3 - OFFICIAL (AHRQ MEPS-HC summary table 'Total purchases in thousands (standard errors) by prescribed drug, United States'): total purchases in THOUSANDS, 2018 column, copied as printed (an asterisk is the source's own mark); AHRQ prints no rank - rank here is the position when that official column is sorted descending; all payers, general outpatient; all 221 drugs that have a 2018 value; latest year in the machine-readable copy that could be read",2018,https://raw.githubusercontent.com/HHS-AHRQ/MEPS-summary-tables/master/mepstrends/hc_pmed/json/data/totEVT__RXDRGNAM__ind__.json
136,Norethindrone,"5,100","BLOCK 3 of 3 - OFFICIAL (AHRQ MEPS-HC summary table 'Total purchases in thousands (standard errors) by prescribed drug, United States'): total purchases in THOUSANDS, 2018 column, copied as printed (an asterisk is the source's own mark); AHRQ prints no rank - rank here is the position when that official column is sorted descending; all payers, general outpatient; all 221 drugs that have a 2018 value; latest year in the machine-readable copy that could be read",2018,https://raw.githubusercontent.com/HHS-AHRQ/MEPS-summary-tables/master/mepstrends/hc_pmed/json/data/totEVT__RXDRGNAM__ind__.json
137,Valacyclovir,"4,932","BLOCK 3 of 3 - OFFICIAL (AHRQ MEPS-HC summary table 'Total purchases in thousands (standard errors) by prescribed drug, United States'): total purchases in THOUSANDS, 2018 column, copied as printed (an asterisk is the source's own mark); AHRQ prints no rank - rank here is the position when that official column is sorted descending; all payers, general outpatient; all 221 drugs that have a 2018 value; latest year in the machine-readable copy that could be read",2018,https://raw.githubusercontent.com/HHS-AHRQ/MEPS-summary-tables/master/mepstrends/hc_pmed/json/data/totEVT__RXDRGNAM__ind__.json
138,Meclizine,"4,874","BLOCK 3 of 3 - OFFICIAL (AHRQ MEPS-HC summary table 'Total purchases in thousands (standard errors) by prescribed drug, United States'): total purchases in THOUSANDS, 2018 column, copied as printed (an asterisk is the source's own mark); AHRQ prints no rank - rank here is the position when that official column is sorted descending; all payers, general outpatient; all 221 drugs that have a 2018 value; latest year in the machine-readable copy that could be read",2018,https://raw.githubusercontent.com/HHS-AHRQ/MEPS-summary-tables/master/mepstrends/hc_pmed/json/data/totEVT__RXDRGNAM__ind__.json
139,Albuterol-Ipratropium,"4,790","BLOCK 3 of 3 - OFFICIAL (AHRQ MEPS-HC summary table 'Total purchases in thousands (standard errors) by prescribed drug, United States'): total purchases in THOUSANDS, 2018 column, copied as printed (an asterisk is the source's own mark); AHRQ prints no rank - rank here is the position when that official column is sorted descending; all payers, general outpatient; all 221 drugs that have a 2018 value; latest year in the machine-readable copy that could be read",2018,https://raw.githubusercontent.com/HHS-AHRQ/MEPS-summary-tables/master/mepstrends/hc_pmed/json/data/totEVT__RXDRGNAM__ind__.json
140,Liraglutide,"4,771","BLOCK 3 of 3 - OFFICIAL (AHRQ MEPS-HC summary table 'Total purchases in thousands (standard errors) by prescribed drug, United States'): total purchases in THOUSANDS, 2018 column, copied as printed (an asterisk is the source's own mark); AHRQ prints no rank - rank here is the position when that official column is sorted descending; all payers, general outpatient; all 221 drugs that have a 2018 value; latest year in the machine-readable copy that could be read",2018,https://raw.githubusercontent.com/HHS-AHRQ/MEPS-summary-tables/master/mepstrends/hc_pmed/json/data/totEVT__RXDRGNAM__ind__.json
141,Cyanocobalamin,"4,679","BLOCK 3 of 3 - OFFICIAL (AHRQ MEPS-HC summary table 'Total purchases in thousands (standard errors) by prescribed drug, United States'): total purchases in THOUSANDS, 2018 column, copied as printed (an asterisk is the source's own mark); AHRQ prints no rank - rank here is the position when that official column is sorted descending; all payers, general outpatient; all 221 drugs that have a 2018 value; latest year in the machine-readable copy that could be read",2018,https://raw.githubusercontent.com/HHS-AHRQ/MEPS-summary-tables/master/mepstrends/hc_pmed/json/data/totEVT__RXDRGNAM__ind__.json
142,Ferrous Sulfate,"4,574","BLOCK 3 of 3 - OFFICIAL (AHRQ MEPS-HC summary table 'Total purchases in thousands (standard errors) by prescribed drug, United States'): total purchases in THOUSANDS, 2018 column, copied as printed (an asterisk is the source's own mark); AHRQ prints no rank - rank here is the position when that official column is sorted descending; all payers, general outpatient; all 221 drugs that have a 2018 value; latest year in the machine-readable copy that could be read",2018,https://raw.githubusercontent.com/HHS-AHRQ/MEPS-summary-tables/master/mepstrends/hc_pmed/json/data/totEVT__RXDRGNAM__ind__.json
143,Verapamil,"4,486","BLOCK 3 of 3 - OFFICIAL (AHRQ MEPS-HC summary table 'Total purchases in thousands (standard errors) by prescribed drug, United States'): total purchases in THOUSANDS, 2018 column, copied as printed (an asterisk is the source's own mark); AHRQ prints no rank - rank here is the position when that official column is sorted descending; all payers, general outpatient; all 221 drugs that have a 2018 value; latest year in the machine-readable copy that could be read",2018,https://raw.githubusercontent.com/HHS-AHRQ/MEPS-summary-tables/master/mepstrends/hc_pmed/json/data/totEVT__RXDRGNAM__ind__.json
144,Acetaminophen-Codeine,"4,437","BLOCK 3 of 3 - OFFICIAL (AHRQ MEPS-HC summary table 'Total purchases in thousands (standard errors) by prescribed drug, United States'): total purchases in THOUSANDS, 2018 column, copied as printed (an asterisk is the source's own mark); AHRQ prints no rank - rank here is the position when that official column is sorted descending; all payers, general outpatient; all 221 drugs that have a 2018 value; latest year in the machine-readable copy that could be read",2018,https://raw.githubusercontent.com/HHS-AHRQ/MEPS-summary-tables/master/mepstrends/hc_pmed/json/data/totEVT__RXDRGNAM__ind__.json
145,Acetaminophen,"4,399","BLOCK 3 of 3 - OFFICIAL (AHRQ MEPS-HC summary table 'Total purchases in thousands (standard errors) by prescribed drug, United States'): total purchases in THOUSANDS, 2018 column, copied as printed (an asterisk is the source's own mark); AHRQ prints no rank - rank here is the position when that official column is sorted descending; all payers, general outpatient; all 221 drugs that have a 2018 value; latest year in the machine-readable copy that could be read",2018,https://raw.githubusercontent.com/HHS-AHRQ/MEPS-summary-tables/master/mepstrends/hc_pmed/json/data/totEVT__RXDRGNAM__ind__.json
146,Cefdinir,"4,361","BLOCK 3 of 3 - OFFICIAL (AHRQ MEPS-HC summary table 'Total purchases in thousands (standard errors) by prescribed drug, United States'): total purchases in THOUSANDS, 2018 column, copied as printed (an asterisk is the source's own mark); AHRQ prints no rank - rank here is the position when that official column is sorted descending; all payers, general outpatient; all 221 drugs that have a 2018 value; latest year in the machine-readable copy that could be read",2018,https://raw.githubusercontent.com/HHS-AHRQ/MEPS-summary-tables/master/mepstrends/hc_pmed/json/data/totEVT__RXDRGNAM__ind__.json
147,Nortriptyline,"4,347","BLOCK 3 of 3 - OFFICIAL (AHRQ MEPS-HC summary table 'Total purchases in thousands (standard errors) by prescribed drug, United States'): total purchases in THOUSANDS, 2018 column, copied as printed (an asterisk is the source's own mark); AHRQ prints no rank - rank here is the position when that official column is sorted descending; all payers, general outpatient; all 221 drugs that have a 2018 value; latest year in the machine-readable copy that could be read",2018,https://raw.githubusercontent.com/HHS-AHRQ/MEPS-summary-tables/master/mepstrends/hc_pmed/json/data/totEVT__RXDRGNAM__ind__.json
148,Timolol Ophthalmic,"4,312","BLOCK 3 of 3 - OFFICIAL (AHRQ MEPS-HC summary table 'Total purchases in thousands (standard errors) by prescribed drug, United States'): total purchases in THOUSANDS, 2018 column, copied as printed (an asterisk is the source's own mark); AHRQ prints no rank - rank here is the position when that official column is sorted descending; all payers, general outpatient; all 221 drugs that have a 2018 value; latest year in the machine-readable copy that could be read",2018,https://raw.githubusercontent.com/HHS-AHRQ/MEPS-summary-tables/master/mepstrends/hc_pmed/json/data/totEVT__RXDRGNAM__ind__.json
149,Dulaglutide,"4,224","BLOCK 3 of 3 - OFFICIAL (AHRQ MEPS-HC summary table 'Total purchases in thousands (standard errors) by prescribed drug, United States'): total purchases in THOUSANDS, 2018 column, copied as printed (an asterisk is the source's own mark); AHRQ prints no rank - rank here is the position when that official column is sorted descending; all payers, general outpatient; all 221 drugs that have a 2018 value; latest year in the machine-readable copy that could be read",2018,https://raw.githubusercontent.com/HHS-AHRQ/MEPS-summary-tables/master/mepstrends/hc_pmed/json/data/totEVT__RXDRGNAM__ind__.json
150,Promethazine,"4,172","BLOCK 3 of 3 - OFFICIAL (AHRQ MEPS-HC summary table 'Total purchases in thousands (standard errors) by prescribed drug, United States'): total purchases in THOUSANDS, 2018 column, copied as printed (an asterisk is the source's own mark); AHRQ prints no rank - rank here is the position when that official column is sorted descending; all payers, general outpatient; all 221 drugs that have a 2018 value; latest year in the machine-readable copy that could be read",2018,https://raw.githubusercontent.com/HHS-AHRQ/MEPS-summary-tables/master/mepstrends/hc_pmed/json/data/totEVT__RXDRGNAM__ind__.json
151,Cholecalciferol,"4,010","BLOCK 3 of 3 - OFFICIAL (AHRQ MEPS-HC summary table 'Total purchases in thousands (standard errors) by prescribed drug, United States'): total purchases in THOUSANDS, 2018 column, copied as printed (an asterisk is the source's own mark); AHRQ prints no rank - rank here is the position when that official column is sorted descending; all payers, general outpatient; all 221 drugs that have a 2018 value; latest year in the machine-readable copy that could be read",2018,https://raw.githubusercontent.com/HHS-AHRQ/MEPS-summary-tables/master/mepstrends/hc_pmed/json/data/totEVT__RXDRGNAM__ind__.json
152,Metformin-Sitagliptin,"3,991","BLOCK 3 of 3 - OFFICIAL (AHRQ MEPS-HC summary table 'Total purchases in thousands (standard errors) by prescribed drug, United States'): total purchases in THOUSANDS, 2018 column, copied as printed (an asterisk is the source's own mark); AHRQ prints no rank - rank here is the position when that official column is sorted descending; all payers, general outpatient; all 221 drugs that have a 2018 value; latest year in the machine-readable copy that could be read",2018,https://raw.githubusercontent.com/HHS-AHRQ/MEPS-summary-tables/master/mepstrends/hc_pmed/json/data/totEVT__RXDRGNAM__ind__.json
153,Ramipril,"3,990","BLOCK 3 of 3 - OFFICIAL (AHRQ MEPS-HC summary table 'Total purchases in thousands (standard errors) by prescribed drug, United States'): total purchases in THOUSANDS, 2018 column, copied as printed (an asterisk is the source's own mark); AHRQ prints no rank - rank here is the position when that official column is sorted descending; all payers, general outpatient; all 221 drugs that have a 2018 value; latest year in the machine-readable copy that could be read",2018,https://raw.githubusercontent.com/HHS-AHRQ/MEPS-summary-tables/master/mepstrends/hc_pmed/json/data/totEVT__RXDRGNAM__ind__.json
154,Metronidazole,"3,965","BLOCK 3 of 3 - OFFICIAL (AHRQ MEPS-HC summary table 'Total purchases in thousands (standard errors) by prescribed drug, United States'): total purchases in THOUSANDS, 2018 column, copied as printed (an asterisk is the source's own mark); AHRQ prints no rank - rank here is the position when that official column is sorted descending; all payers, general outpatient; all 221 drugs that have a 2018 value; latest year in the machine-readable copy that could be read",2018,https://raw.githubusercontent.com/HHS-AHRQ/MEPS-summary-tables/master/mepstrends/hc_pmed/json/data/totEVT__RXDRGNAM__ind__.json
155,Methylprednisolone,"3,963","BLOCK 3 of 3 - OFFICIAL (AHRQ MEPS-HC summary table 'Total purchases in thousands (standard errors) by prescribed drug, United States'): total purchases in THOUSANDS, 2018 column, copied as printed (an asterisk is the source's own mark); AHRQ prints no rank - rank here is the position when that official column is sorted descending; all payers, general outpatient; all 221 drugs that have a 2018 value; latest year in the machine-readable copy that could be read",2018,https://raw.githubusercontent.com/HHS-AHRQ/MEPS-summary-tables/master/mepstrends/hc_pmed/json/data/totEVT__RXDRGNAM__ind__.json
156,Dexmethylphenidate,"3,961","BLOCK 3 of 3 - OFFICIAL (AHRQ MEPS-HC summary table 'Total purchases in thousands (standard errors) by prescribed drug, United States'): total purchases in THOUSANDS, 2018 column, copied as printed (an asterisk is the source's own mark); AHRQ prints no rank - rank here is the position when that official column is sorted descending; all payers, general outpatient; all 221 drugs that have a 2018 value; latest year in the machine-readable copy that could be read",2018,https://raw.githubusercontent.com/HHS-AHRQ/MEPS-summary-tables/master/mepstrends/hc_pmed/json/data/totEVT__RXDRGNAM__ind__.json
157,Acyclovir,"3,933","BLOCK 3 of 3 - OFFICIAL (AHRQ MEPS-HC summary table 'Total purchases in thousands (standard errors) by prescribed drug, United States'): total purchases in THOUSANDS, 2018 column, copied as printed (an asterisk is the source's own mark); AHRQ prints no rank - rank here is the position when that official column is sorted descending; all payers, general outpatient; all 221 drugs that have a 2018 value; latest year in the machine-readable copy that could be read",2018,https://raw.githubusercontent.com/HHS-AHRQ/MEPS-summary-tables/master/mepstrends/hc_pmed/json/data/totEVT__RXDRGNAM__ind__.json
158,Risperidone,"3,910","BLOCK 3 of 3 - OFFICIAL (AHRQ MEPS-HC summary table 'Total purchases in thousands (standard errors) by prescribed drug, United States'): total purchases in THOUSANDS, 2018 column, copied as printed (an asterisk is the source's own mark); AHRQ prints no rank - rank here is the position when that official column is sorted descending; all payers, general outpatient; all 221 drugs that have a 2018 value; latest year in the machine-readable copy that could be read",2018,https://raw.githubusercontent.com/HHS-AHRQ/MEPS-summary-tables/master/mepstrends/hc_pmed/json/data/totEVT__RXDRGNAM__ind__.json
159,Levofloxacin,"3,893","BLOCK 3 of 3 - OFFICIAL (AHRQ MEPS-HC summary table 'Total purchases in thousands (standard errors) by prescribed drug, United States'): total purchases in THOUSANDS, 2018 column, copied as printed (an asterisk is the source's own mark); AHRQ prints no rank - rank here is the position when that official column is sorted descending; all payers, general outpatient; all 221 drugs that have a 2018 value; latest year in the machine-readable copy that could be read",2018,https://raw.githubusercontent.com/HHS-AHRQ/MEPS-summary-tables/master/mepstrends/hc_pmed/json/data/totEVT__RXDRGNAM__ind__.json
160,Chlorthalidone,"3,883","BLOCK 3 of 3 - OFFICIAL (AHRQ MEPS-HC summary table 'Total purchases in thousands (standard errors) by prescribed drug, United States'): total purchases in THOUSANDS, 2018 column, copied as printed (an asterisk is the source's own mark); AHRQ prints no rank - rank here is the position when that official column is sorted descending; all payers, general outpatient; all 221 drugs that have a 2018 value; latest year in the machine-readable copy that could be read",2018,https://raw.githubusercontent.com/HHS-AHRQ/MEPS-summary-tables/master/mepstrends/hc_pmed/json/data/totEVT__RXDRGNAM__ind__.json
161,Mupirocin Topical,"3,798","BLOCK 3 of 3 - OFFICIAL (AHRQ MEPS-HC summary table 'Total purchases in thousands (standard errors) by prescribed drug, United States'): total purchases in THOUSANDS, 2018 column, copied as printed (an asterisk is the source's own mark); AHRQ prints no rank - rank here is the position when that official column is sorted descending; all payers, general outpatient; all 221 drugs that have a 2018 value; latest year in the machine-readable copy that could be read",2018,https://raw.githubusercontent.com/HHS-AHRQ/MEPS-summary-tables/master/mepstrends/hc_pmed/json/data/totEVT__RXDRGNAM__ind__.json
162,Ethinyl Estradiol-Etonogestrel,"3,773","BLOCK 3 of 3 - OFFICIAL (AHRQ MEPS-HC summary table 'Total purchases in thousands (standard errors) by prescribed drug, United States'): total purchases in THOUSANDS, 2018 column, copied as printed (an asterisk is the source's own mark); AHRQ prints no rank - rank here is the position when that official column is sorted descending; all payers, general outpatient; all 221 drugs that have a 2018 value; latest year in the machine-readable copy that could be read",2018,https://raw.githubusercontent.com/HHS-AHRQ/MEPS-summary-tables/master/mepstrends/hc_pmed/json/data/totEVT__RXDRGNAM__ind__.json
163,Clindamycin,"3,745","BLOCK 3 of 3 - OFFICIAL (AHRQ MEPS-HC summary table 'Total purchases in thousands (standard errors) by prescribed drug, United States'): total purchases in THOUSANDS, 2018 column, copied as printed (an asterisk is the source's own mark); AHRQ prints no rank - rank here is the position when that official column is sorted descending; all payers, general outpatient; all 221 drugs that have a 2018 value; latest year in the machine-readable copy that could be read",2018,https://raw.githubusercontent.com/HHS-AHRQ/MEPS-summary-tables/master/mepstrends/hc_pmed/json/data/totEVT__RXDRGNAM__ind__.json
164,Phentermine,"3,683","BLOCK 3 of 3 - OFFICIAL (AHRQ MEPS-HC summary table 'Total purchases in thousands (standard errors) by prescribed drug, United States'): total purchases in THOUSANDS, 2018 column, copied as printed (an asterisk is the source's own mark); AHRQ prints no rank - rank here is the position when that official column is sorted descending; all payers, general outpatient; all 221 drugs that have a 2018 value; latest year in the machine-readable copy that could be read",2018,https://raw.githubusercontent.com/HHS-AHRQ/MEPS-summary-tables/master/mepstrends/hc_pmed/json/data/totEVT__RXDRGNAM__ind__.json
165,Progesterone,"3,529","BLOCK 3 of 3 - OFFICIAL (AHRQ MEPS-HC summary table 'Total purchases in thousands (standard errors) by prescribed drug, United States'): total purchases in THOUSANDS, 2018 column, copied as printed (an asterisk is the source's own mark); AHRQ prints no rank - rank here is the position when that official column is sorted descending; all payers, general outpatient; all 221 drugs that have a 2018 value; latest year in the machine-readable copy that could be read",2018,https://raw.githubusercontent.com/HHS-AHRQ/MEPS-summary-tables/master/mepstrends/hc_pmed/json/data/totEVT__RXDRGNAM__ind__.json
166,Rizatriptan,"3,491","BLOCK 3 of 3 - OFFICIAL (AHRQ MEPS-HC summary table 'Total purchases in thousands (standard errors) by prescribed drug, United States'): total purchases in THOUSANDS, 2018 column, copied as printed (an asterisk is the source's own mark); AHRQ prints no rank - rank here is the position when that official column is sorted descending; all payers, general outpatient; all 221 drugs that have a 2018 value; latest year in the machine-readable copy that could be read",2018,https://raw.githubusercontent.com/HHS-AHRQ/MEPS-summary-tables/master/mepstrends/hc_pmed/json/data/totEVT__RXDRGNAM__ind__.json
167,Irbesartan,"3,490","BLOCK 3 of 3 - OFFICIAL (AHRQ MEPS-HC summary table 'Total purchases in thousands (standard errors) by prescribed drug, United States'): total purchases in THOUSANDS, 2018 column, copied as printed (an asterisk is the source's own mark); AHRQ prints no rank - rank here is the position when that official column is sorted descending; all payers, general outpatient; all 221 drugs that have a 2018 value; latest year in the machine-readable copy that could be read",2018,https://raw.githubusercontent.com/HHS-AHRQ/MEPS-summary-tables/master/mepstrends/hc_pmed/json/data/totEVT__RXDRGNAM__ind__.json
168,Doxazosin,"3,428","BLOCK 3 of 3 - OFFICIAL (AHRQ MEPS-HC summary table 'Total purchases in thousands (standard errors) by prescribed drug, United States'): total purchases in THOUSANDS, 2018 column, copied as printed (an asterisk is the source's own mark); AHRQ prints no rank - rank here is the position when that official column is sorted descending; all payers, general outpatient; all 221 drugs that have a 2018 value; latest year in the machine-readable copy that could be read",2018,https://raw.githubusercontent.com/HHS-AHRQ/MEPS-summary-tables/master/mepstrends/hc_pmed/json/data/totEVT__RXDRGNAM__ind__.json
169,Prednisolone Ophthalmic,"3,427","BLOCK 3 of 3 - OFFICIAL (AHRQ MEPS-HC summary table 'Total purchases in thousands (standard errors) by prescribed drug, United States'): total purchases in THOUSANDS, 2018 column, copied as printed (an asterisk is the source's own mark); AHRQ prints no rank - rank here is the position when that official column is sorted descending; all payers, general outpatient; all 221 drugs that have a 2018 value; latest year in the machine-readable copy that could be read",2018,https://raw.githubusercontent.com/HHS-AHRQ/MEPS-summary-tables/master/mepstrends/hc_pmed/json/data/totEVT__RXDRGNAM__ind__.json
170,Linagliptin,"3,391","BLOCK 3 of 3 - OFFICIAL (AHRQ MEPS-HC summary table 'Total purchases in thousands (standard errors) by prescribed drug, United States'): total purchases in THOUSANDS, 2018 column, copied as printed (an asterisk is the source's own mark); AHRQ prints no rank - rank here is the position when that official column is sorted descending; all payers, general outpatient; all 221 drugs that have a 2018 value; latest year in the machine-readable copy that could be read",2018,https://raw.githubusercontent.com/HHS-AHRQ/MEPS-summary-tables/master/mepstrends/hc_pmed/json/data/totEVT__RXDRGNAM__ind__.json
171,Nitrofurantoin,"3,364","BLOCK 3 of 3 - OFFICIAL (AHRQ MEPS-HC summary table 'Total purchases in thousands (standard errors) by prescribed drug, United States'): total purchases in THOUSANDS, 2018 column, copied as printed (an asterisk is the source's own mark); AHRQ prints no rank - rank here is the position when that official column is sorted descending; all payers, general outpatient; all 221 drugs that have a 2018 value; latest year in the machine-readable copy that could be read",2018,https://raw.githubusercontent.com/HHS-AHRQ/MEPS-summary-tables/master/mepstrends/hc_pmed/json/data/totEVT__RXDRGNAM__ind__.json
172,Diclofenac Topical,"3,357","BLOCK 3 of 3 - OFFICIAL (AHRQ MEPS-HC summary table 'Total purchases in thousands (standard errors) by prescribed drug, United States'): total purchases in THOUSANDS, 2018 column, copied as printed (an asterisk is the source's own mark); AHRQ prints no rank - rank here is the position when that official column is sorted descending; all payers, general outpatient; all 221 drugs that have a 2018 value; latest year in the machine-readable copy that could be read",2018,https://raw.githubusercontent.com/HHS-AHRQ/MEPS-summary-tables/master/mepstrends/hc_pmed/json/data/totEVT__RXDRGNAM__ind__.json
173,Budesonide,"3,312","BLOCK 3 of 3 - OFFICIAL (AHRQ MEPS-HC summary table 'Total purchases in thousands (standard errors) by prescribed drug, United States'): total purchases in THOUSANDS, 2018 column, copied as printed (an asterisk is the source's own mark); AHRQ prints no rank - rank here is the position when that official column is sorted descending; all payers, general outpatient; all 221 drugs that have a 2018 value; latest year in the machine-readable copy that could be read",2018,https://raw.githubusercontent.com/HHS-AHRQ/MEPS-summary-tables/master/mepstrends/hc_pmed/json/data/totEVT__RXDRGNAM__ind__.json
174,Amlodipine-Benazepril,"3,284","BLOCK 3 of 3 - OFFICIAL (AHRQ MEPS-HC summary table 'Total purchases in thousands (standard errors) by prescribed drug, United States'): total purchases in THOUSANDS, 2018 column, copied as printed (an asterisk is the source's own mark); AHRQ prints no rank - rank here is the position when that official column is sorted descending; all payers, general outpatient; all 221 drugs that have a 2018 value; latest year in the machine-readable copy that could be read",2018,https://raw.githubusercontent.com/HHS-AHRQ/MEPS-summary-tables/master/mepstrends/hc_pmed/json/data/totEVT__RXDRGNAM__ind__.json
175,Hydrochlorothiazide-Valsartan,"3,268","BLOCK 3 of 3 - OFFICIAL (AHRQ MEPS-HC summary table 'Total purchases in thousands (standard errors) by prescribed drug, United States'): total purchases in THOUSANDS, 2018 column, copied as printed (an asterisk is the source's own mark); AHRQ prints no rank - rank here is the position when that official column is sorted descending; all payers, general outpatient; all 221 drugs that have a 2018 value; latest year in the machine-readable copy that could be read",2018,https://raw.githubusercontent.com/HHS-AHRQ/MEPS-summary-tables/master/mepstrends/hc_pmed/json/data/totEVT__RXDRGNAM__ind__.json
176,Multivitamin,"3,263","BLOCK 3 of 3 - OFFICIAL (AHRQ MEPS-HC summary table 'Total purchases in thousands (standard errors) by prescribed drug, United States'): total purchases in THOUSANDS, 2018 column, copied as printed (an asterisk is the source's own mark); AHRQ prints no rank - rank here is the position when that official column is sorted descending; all payers, general outpatient; all 221 drugs that have a 2018 value; latest year in the machine-readable copy that could be read",2018,https://raw.githubusercontent.com/HHS-AHRQ/MEPS-summary-tables/master/mepstrends/hc_pmed/json/data/totEVT__RXDRGNAM__ind__.json
177,Digoxin,"3,251","BLOCK 3 of 3 - OFFICIAL (AHRQ MEPS-HC summary table 'Total purchases in thousands (standard errors) by prescribed drug, United States'): total purchases in THOUSANDS, 2018 column, copied as printed (an asterisk is the source's own mark); AHRQ prints no rank - rank here is the position when that official column is sorted descending; all payers, general outpatient; all 221 drugs that have a 2018 value; latest year in the machine-readable copy that could be read",2018,https://raw.githubusercontent.com/HHS-AHRQ/MEPS-summary-tables/master/mepstrends/hc_pmed/json/data/totEVT__RXDRGNAM__ind__.json
178,Ketoconazole Topical,"3,223","BLOCK 3 of 3 - OFFICIAL (AHRQ MEPS-HC summary table 'Total purchases in thousands (standard errors) by prescribed drug, United States'): total purchases in THOUSANDS, 2018 column, copied as printed (an asterisk is the source's own mark); AHRQ prints no rank - rank here is the position when that official column is sorted descending; all payers, general outpatient; all 221 drugs that have a 2018 value; latest year in the machine-readable copy that could be read",2018,https://raw.githubusercontent.com/HHS-AHRQ/MEPS-summary-tables/master/mepstrends/hc_pmed/json/data/totEVT__RXDRGNAM__ind__.json
179,Nitroglycerin,"3,183","BLOCK 3 of 3 - OFFICIAL (AHRQ MEPS-HC summary table 'Total purchases in thousands (standard errors) by prescribed drug, United States'): total purchases in THOUSANDS, 2018 column, copied as printed (an asterisk is the source's own mark); AHRQ prints no rank - rank here is the position when that official column is sorted descending; all payers, general outpatient; all 221 drugs that have a 2018 value; latest year in the machine-readable copy that could be read",2018,https://raw.githubusercontent.com/HHS-AHRQ/MEPS-summary-tables/master/mepstrends/hc_pmed/json/data/totEVT__RXDRGNAM__ind__.json
180,Temazepam,"3,174","BLOCK 3 of 3 - OFFICIAL (AHRQ MEPS-HC summary table 'Total purchases in thousands (standard errors) by prescribed drug, United States'): total purchases in THOUSANDS, 2018 column, copied as printed (an asterisk is the source's own mark); AHRQ prints no rank - rank here is the position when that official column is sorted descending; all payers, general outpatient; all 221 drugs that have a 2018 value; latest year in the machine-readable copy that could be read",2018,https://raw.githubusercontent.com/HHS-AHRQ/MEPS-summary-tables/master/mepstrends/hc_pmed/json/data/totEVT__RXDRGNAM__ind__.json
181,Amiodarone,"3,171","BLOCK 3 of 3 - OFFICIAL (AHRQ MEPS-HC summary table 'Total purchases in thousands (standard errors) by prescribed drug, United States'): total purchases in THOUSANDS, 2018 column, copied as printed (an asterisk is the source's own mark); AHRQ prints no rank - rank here is the position when that official column is sorted descending; all payers, general outpatient; all 221 drugs that have a 2018 value; latest year in the machine-readable copy that could be read",2018,https://raw.githubusercontent.com/HHS-AHRQ/MEPS-summary-tables/master/mepstrends/hc_pmed/json/data/totEVT__RXDRGNAM__ind__.json
182,Memantine,"3,143","BLOCK 3 of 3 - OFFICIAL (AHRQ MEPS-HC summary table 'Total purchases in thousands (standard errors) by prescribed drug, United States'): total purchases in THOUSANDS, 2018 column, copied as printed (an asterisk is the source's own mark); AHRQ prints no rank - rank here is the position when that official column is sorted descending; all payers, general outpatient; all 221 drugs that have a 2018 value; latest year in the machine-readable copy that could be read",2018,https://raw.githubusercontent.com/HHS-AHRQ/MEPS-summary-tables/master/mepstrends/hc_pmed/json/data/totEVT__RXDRGNAM__ind__.json
183,Hydrocortisone Topical,"3,109","BLOCK 3 of 3 - OFFICIAL (AHRQ MEPS-HC summary table 'Total purchases in thousands (standard errors) by prescribed drug, United States'): total purchases in THOUSANDS, 2018 column, copied as printed (an asterisk is the source's own mark); AHRQ prints no rank - rank here is the position when that official column is sorted descending; all payers, general outpatient; all 221 drugs that have a 2018 value; latest year in the machine-readable copy that could be read",2018,https://raw.githubusercontent.com/HHS-AHRQ/MEPS-summary-tables/master/mepstrends/hc_pmed/json/data/totEVT__RXDRGNAM__ind__.json
184,Omega-3 Polyunsaturated Fatty Acids,"3,083","BLOCK 3 of 3 - OFFICIAL (AHRQ MEPS-HC summary table 'Total purchases in thousands (standard errors) by prescribed drug, United States'): total purchases in THOUSANDS, 2018 column, copied as printed (an asterisk is the source's own mark); AHRQ prints no rank - rank here is the position when that official column is sorted descending; all payers, general outpatient; all 221 drugs that have a 2018 value; latest year in the machine-readable copy that could be read",2018,https://raw.githubusercontent.com/HHS-AHRQ/MEPS-summary-tables/master/mepstrends/hc_pmed/json/data/totEVT__RXDRGNAM__ind__.json
185,Dicyclomine,"3,076","BLOCK 3 of 3 - OFFICIAL (AHRQ MEPS-HC summary table 'Total purchases in thousands (standard errors) by prescribed drug, United States'): total purchases in THOUSANDS, 2018 column, copied as printed (an asterisk is the source's own mark); AHRQ prints no rank - rank here is the position when that official column is sorted descending; all payers, general outpatient; all 221 drugs that have a 2018 value; latest year in the machine-readable copy that could be read",2018,https://raw.githubusercontent.com/HHS-AHRQ/MEPS-summary-tables/master/mepstrends/hc_pmed/json/data/totEVT__RXDRGNAM__ind__.json
186,Guaifenesin,"2,998","BLOCK 3 of 3 - OFFICIAL (AHRQ MEPS-HC summary table 'Total purchases in thousands (standard errors) by prescribed drug, United States'): total purchases in THOUSANDS, 2018 column, copied as printed (an asterisk is the source's own mark); AHRQ prints no rank - rank here is the position when that official column is sorted descending; all payers, general outpatient; all 221 drugs that have a 2018 value; latest year in the machine-readable copy that could be read",2018,https://raw.githubusercontent.com/HHS-AHRQ/MEPS-summary-tables/master/mepstrends/hc_pmed/json/data/totEVT__RXDRGNAM__ind__.json
187,Terazosin,"2,941","BLOCK 3 of 3 - OFFICIAL (AHRQ MEPS-HC summary table 'Total purchases in thousands (standard errors) by prescribed drug, United States'): total purchases in THOUSANDS, 2018 column, copied as printed (an asterisk is the source's own mark); AHRQ prints no rank - rank here is the position when that official column is sorted descending; all payers, general outpatient; all 221 drugs that have a 2018 value; latest year in the machine-readable copy that could be read",2018,https://raw.githubusercontent.com/HHS-AHRQ/MEPS-summary-tables/master/mepstrends/hc_pmed/json/data/totEVT__RXDRGNAM__ind__.json
188,Colchicine,"2,926","BLOCK 3 of 3 - OFFICIAL (AHRQ MEPS-HC summary table 'Total purchases in thousands (standard errors) by prescribed drug, United States'): total purchases in THOUSANDS, 2018 column, copied as printed (an asterisk is the source's own mark); AHRQ prints no rank - rank here is the position when that official column is sorted descending; all payers, general outpatient; all 221 drugs that have a 2018 value; latest year in the machine-readable copy that could be read",2018,https://raw.githubusercontent.com/HHS-AHRQ/MEPS-summary-tables/master/mepstrends/hc_pmed/json/data/totEVT__RXDRGNAM__ind__.json
189,Sucralfate,"2,897","BLOCK 3 of 3 - OFFICIAL (AHRQ MEPS-HC summary table 'Total purchases in thousands (standard errors) by prescribed drug, United States'): total purchases in THOUSANDS, 2018 column, copied as printed (an asterisk is the source's own mark); AHRQ prints no rank - rank here is the position when that official column is sorted descending; all payers, general outpatient; all 221 drugs that have a 2018 value; latest year in the machine-readable copy that could be read",2018,https://raw.githubusercontent.com/HHS-AHRQ/MEPS-summary-tables/master/mepstrends/hc_pmed/json/data/totEVT__RXDRGNAM__ind__.json
190,Medroxyprogesterone,"2,867","BLOCK 3 of 3 - OFFICIAL (AHRQ MEPS-HC summary table 'Total purchases in thousands (standard errors) by prescribed drug, United States'): total purchases in THOUSANDS, 2018 column, copied as printed (an asterisk is the source's own mark); AHRQ prints no rank - rank here is the position when that official column is sorted descending; all payers, general outpatient; all 221 drugs that have a 2018 value; latest year in the machine-readable copy that could be read",2018,https://raw.githubusercontent.com/HHS-AHRQ/MEPS-summary-tables/master/mepstrends/hc_pmed/json/data/totEVT__RXDRGNAM__ind__.json
191,Gemfibrozil,"2,837","BLOCK 3 of 3 - OFFICIAL (AHRQ MEPS-HC summary table 'Total purchases in thousands (standard errors) by prescribed drug, United States'): total purchases in THOUSANDS, 2018 column, copied as printed (an asterisk is the source's own mark); AHRQ prints no rank - rank here is the position when that official column is sorted descending; all payers, general outpatient; all 221 drugs that have a 2018 value; latest year in the machine-readable copy that could be read",2018,https://raw.githubusercontent.com/HHS-AHRQ/MEPS-summary-tables/master/mepstrends/hc_pmed/json/data/totEVT__RXDRGNAM__ind__.json
192,Sildenafil,"2,783","BLOCK 3 of 3 - OFFICIAL (AHRQ MEPS-HC summary table 'Total purchases in thousands (standard errors) by prescribed drug, United States'): total purchases in THOUSANDS, 2018 column, copied as printed (an asterisk is the source's own mark); AHRQ prints no rank - rank here is the position when that official column is sorted descending; all payers, general outpatient; all 221 drugs that have a 2018 value; latest year in the machine-readable copy that could be read",2018,https://raw.githubusercontent.com/HHS-AHRQ/MEPS-summary-tables/master/mepstrends/hc_pmed/json/data/totEVT__RXDRGNAM__ind__.json
193,Beclomethasone,"2,725","BLOCK 3 of 3 - OFFICIAL (AHRQ MEPS-HC summary table 'Total purchases in thousands (standard errors) by prescribed drug, United States'): total purchases in THOUSANDS, 2018 column, copied as printed (an asterisk is the source's own mark); AHRQ prints no rank - rank here is the position when that official column is sorted descending; all payers, general outpatient; all 221 drugs that have a 2018 value; latest year in the machine-readable copy that could be read",2018,https://raw.githubusercontent.com/HHS-AHRQ/MEPS-summary-tables/master/mepstrends/hc_pmed/json/data/totEVT__RXDRGNAM__ind__.json
194,Brimonidine Ophthalmic,"2,695","BLOCK 3 of 3 - OFFICIAL (AHRQ MEPS-HC summary table 'Total purchases in thousands (standard errors) by prescribed drug, United States'): total purchases in THOUSANDS, 2018 column, copied as printed (an asterisk is the source's own mark); AHRQ prints no rank - rank here is the position when that official column is sorted descending; all payers, general outpatient; all 221 drugs that have a 2018 value; latest year in the machine-readable copy that could be read",2018,https://raw.githubusercontent.com/HHS-AHRQ/MEPS-summary-tables/master/mepstrends/hc_pmed/json/data/totEVT__RXDRGNAM__ind__.json
195,Clobetasol Topical,"2,652","BLOCK 3 of 3 - OFFICIAL (AHRQ MEPS-HC summary table 'Total purchases in thousands (standard errors) by prescribed drug, United States'): total purchases in THOUSANDS, 2018 column, copied as printed (an asterisk is the source's own mark); AHRQ prints no rank - rank here is the position when that official column is sorted descending; all payers, general outpatient; all 221 drugs that have a 2018 value; latest year in the machine-readable copy that could be read",2018,https://raw.githubusercontent.com/HHS-AHRQ/MEPS-summary-tables/master/mepstrends/hc_pmed/json/data/totEVT__RXDRGNAM__ind__.json
196,Docusate,"2,640","BLOCK 3 of 3 - OFFICIAL (AHRQ MEPS-HC summary table 'Total purchases in thousands (standard errors) by prescribed drug, United States'): total purchases in THOUSANDS, 2018 column, copied as printed (an asterisk is the source's own mark); AHRQ prints no rank - rank here is the position when that official column is sorted descending; all payers, general outpatient; all 221 drugs that have a 2018 value; latest year in the machine-readable copy that could be read",2018,https://raw.githubusercontent.com/HHS-AHRQ/MEPS-summary-tables/master/mepstrends/hc_pmed/json/data/totEVT__RXDRGNAM__ind__.json
197,Codeine-Guaifenesin,"2,477","BLOCK 3 of 3 - OFFICIAL (AHRQ MEPS-HC summary table 'Total purchases in thousands (standard errors) by prescribed drug, United States'): total purchases in THOUSANDS, 2018 column, copied as printed (an asterisk is the source's own mark); AHRQ prints no rank - rank here is the position when that official column is sorted descending; all payers, general outpatient; all 221 drugs that have a 2018 value; latest year in the machine-readable copy that could be read",2018,https://raw.githubusercontent.com/HHS-AHRQ/MEPS-summary-tables/master/mepstrends/hc_pmed/json/data/totEVT__RXDRGNAM__ind__.json
198,Cyclosporine Ophthalmic,"2,324","BLOCK 3 of 3 - OFFICIAL (AHRQ MEPS-HC summary table 'Total purchases in thousands (standard errors) by prescribed drug, United States'): total purchases in THOUSANDS, 2018 column, copied as printed (an asterisk is the source's own mark); AHRQ prints no rank - rank here is the position when that official column is sorted descending; all payers, general outpatient; all 221 drugs that have a 2018 value; latest year in the machine-readable copy that could be read",2018,https://raw.githubusercontent.com/HHS-AHRQ/MEPS-summary-tables/master/mepstrends/hc_pmed/json/data/totEVT__RXDRGNAM__ind__.json
199,Labetalol,"2,298","BLOCK 3 of 3 - OFFICIAL (AHRQ MEPS-HC summary table 'Total purchases in thousands (standard errors) by prescribed drug, United States'): total purchases in THOUSANDS, 2018 column, copied as printed (an asterisk is the source's own mark); AHRQ prints no rank - rank here is the position when that official column is sorted descending; all payers, general outpatient; all 221 drugs that have a 2018 value; latest year in the machine-readable copy that could be read",2018,https://raw.githubusercontent.com/HHS-AHRQ/MEPS-summary-tables/master/mepstrends/hc_pmed/json/data/totEVT__RXDRGNAM__ind__.json
200,Ketorolac,"2,293*","BLOCK 3 of 3 - OFFICIAL (AHRQ MEPS-HC summary table 'Total purchases in thousands (standard errors) by prescribed drug, United States'): total purchases in THOUSANDS, 2018 column, copied as printed (an asterisk is the source's own mark); AHRQ prints no rank - rank here is the position when that official column is sorted descending; all payers, general outpatient; all 221 drugs that have a 2018 value; latest year in the machine-readable copy that could be read",2018,https://raw.githubusercontent.com/HHS-AHRQ/MEPS-summary-tables/master/mepstrends/hc_pmed/json/data/totEVT__RXDRGNAM__ind__.json
201,Lidocaine Topical,"2,282","BLOCK 3 of 3 - OFFICIAL (AHRQ MEPS-HC summary table 'Total purchases in thousands (standard errors) by prescribed drug, United States'): total purchases in THOUSANDS, 2018 column, copied as printed (an asterisk is the source's own mark); AHRQ prints no rank - rank here is the position when that official column is sorted descending; all payers, general outpatient; all 221 drugs that have a 2018 value; latest year in the machine-readable copy that could be read",2018,https://raw.githubusercontent.com/HHS-AHRQ/MEPS-summary-tables/master/mepstrends/hc_pmed/json/data/totEVT__RXDRGNAM__ind__.json
202,Estradiol Topical,"2,211","BLOCK 3 of 3 - OFFICIAL (AHRQ MEPS-HC summary table 'Total purchases in thousands (standard errors) by prescribed drug, United States'): total purchases in THOUSANDS, 2018 column, copied as printed (an asterisk is the source's own mark); AHRQ prints no rank - rank here is the position when that official column is sorted descending; all payers, general outpatient; all 221 drugs that have a 2018 value; latest year in the machine-readable copy that could be read",2018,https://raw.githubusercontent.com/HHS-AHRQ/MEPS-summary-tables/master/mepstrends/hc_pmed/json/data/totEVT__RXDRGNAM__ind__.json
203,Indomethacin,"2,160","BLOCK 3 of 3 - OFFICIAL (AHRQ MEPS-HC summary table 'Total purchases in thousands (standard errors) by prescribed drug, United States'): total purchases in THOUSANDS, 2018 column, copied as printed (an asterisk is the source's own mark); AHRQ prints no rank - rank here is the position when that official column is sorted descending; all payers, general outpatient; all 221 drugs that have a 2018 value; latest year in the machine-readable copy that could be read",2018,https://raw.githubusercontent.com/HHS-AHRQ/MEPS-summary-tables/master/mepstrends/hc_pmed/json/data/totEVT__RXDRGNAM__ind__.json
204,Penicillin V Potassium,"2,157","BLOCK 3 of 3 - OFFICIAL (AHRQ MEPS-HC summary table 'Total purchases in thousands (standard errors) by prescribed drug, United States'): total purchases in THOUSANDS, 2018 column, copied as printed (an asterisk is the source's own mark); AHRQ prints no rank - rank here is the position when that official column is sorted descending; all payers, general outpatient; all 221 drugs that have a 2018 value; latest year in the machine-readable copy that could be read",2018,https://raw.githubusercontent.com/HHS-AHRQ/MEPS-summary-tables/master/mepstrends/hc_pmed/json/data/totEVT__RXDRGNAM__ind__.json
205,Polyethylene Glycol 3350,"2,151","BLOCK 3 of 3 - OFFICIAL (AHRQ MEPS-HC summary table 'Total purchases in thousands (standard errors) by prescribed drug, United States'): total purchases in THOUSANDS, 2018 column, copied as printed (an asterisk is the source's own mark); AHRQ prints no rank - rank here is the position when that official column is sorted descending; all payers, general outpatient; all 221 drugs that have a 2018 value; latest year in the machine-readable copy that could be read",2018,https://raw.githubusercontent.com/HHS-AHRQ/MEPS-summary-tables/master/mepstrends/hc_pmed/json/data/totEVT__RXDRGNAM__ind__.json
206,Nystatin Topical,"2,127","BLOCK 3 of 3 - OFFICIAL (AHRQ MEPS-HC summary table 'Total purchases in thousands (standard errors) by prescribed drug, United States'): total purchases in THOUSANDS, 2018 column, copied as printed (an asterisk is the source's own mark); AHRQ prints no rank - rank here is the position when that official column is sorted descending; all payers, general outpatient; all 221 drugs that have a 2018 value; latest year in the machine-readable copy that could be read",2018,https://raw.githubusercontent.com/HHS-AHRQ/MEPS-summary-tables/master/mepstrends/hc_pmed/json/data/totEVT__RXDRGNAM__ind__.json
207,Azelastine Nasal,"2,048","BLOCK 3 of 3 - OFFICIAL (AHRQ MEPS-HC summary table 'Total purchases in thousands (standard errors) by prescribed drug, United States'): total purchases in THOUSANDS, 2018 column, copied as printed (an asterisk is the source's own mark); AHRQ prints no rank - rank here is the position when that official column is sorted descending; all payers, general outpatient; all 221 drugs that have a 2018 value; latest year in the machine-readable copy that could be read",2018,https://raw.githubusercontent.com/HHS-AHRQ/MEPS-summary-tables/master/mepstrends/hc_pmed/json/data/totEVT__RXDRGNAM__ind__.json
208,Epinephrine,"2,037","BLOCK 3 of 3 - OFFICIAL (AHRQ MEPS-HC summary table 'Total purchases in thousands (standard errors) by prescribed drug, United States'): total purchases in THOUSANDS, 2018 column, copied as printed (an asterisk is the source's own mark); AHRQ prints no rank - rank here is the position when that official column is sorted descending; all payers, general outpatient; all 221 drugs that have a 2018 value; latest year in the machine-readable copy that could be read",2018,https://raw.githubusercontent.com/HHS-AHRQ/MEPS-summary-tables/master/mepstrends/hc_pmed/json/data/totEVT__RXDRGNAM__ind__.json
209,Betamethasone Topical,"1,921","BLOCK 3 of 3 - OFFICIAL (AHRQ MEPS-HC summary table 'Total purchases in thousands (standard errors) by prescribed drug, United States'): total purchases in THOUSANDS, 2018 column, copied as printed (an asterisk is the source's own mark); AHRQ prints no rank - rank here is the position when that official column is sorted descending; all payers, general outpatient; all 221 drugs that have a 2018 value; latest year in the machine-readable copy that could be read",2018,https://raw.githubusercontent.com/HHS-AHRQ/MEPS-summary-tables/master/mepstrends/hc_pmed/json/data/totEVT__RXDRGNAM__ind__.json
210,Metronidazole Topical,"1,887","BLOCK 3 of 3 - OFFICIAL (AHRQ MEPS-HC summary table 'Total purchases in thousands (standard errors) by prescribed drug, United States'): total purchases in THOUSANDS, 2018 column, copied as printed (an asterisk is the source's own mark); AHRQ prints no rank - rank here is the position when that official column is sorted descending; all payers, general outpatient; all 221 drugs that have a 2018 value; latest year in the machine-readable copy that could be read",2018,https://raw.githubusercontent.com/HHS-AHRQ/MEPS-summary-tables/master/mepstrends/hc_pmed/json/data/totEVT__RXDRGNAM__ind__.json
211,Polymyxin B-Trimethoprim Ophthalmic,"1,800","BLOCK 3 of 3 - OFFICIAL (AHRQ MEPS-HC summary table 'Total purchases in thousands (standard errors) by prescribed drug, United States'): total purchases in THOUSANDS, 2018 column, copied as printed (an asterisk is the source's own mark); AHRQ prints no rank - rank here is the position when that official column is sorted descending; all payers, general outpatient; all 221 drugs that have a 2018 value; latest year in the machine-readable copy that could be read",2018,https://raw.githubusercontent.com/HHS-AHRQ/MEPS-summary-tables/master/mepstrends/hc_pmed/json/data/totEVT__RXDRGNAM__ind__.json
212,Prednisolone,"1,776","BLOCK 3 of 3 - OFFICIAL (AHRQ MEPS-HC summary table 'Total purchases in thousands (standard errors) by prescribed drug, United States'): total purchases in THOUSANDS, 2018 column, copied as printed (an asterisk is the source's own mark); AHRQ prints no rank - rank here is the position when that official column is sorted descending; all payers, general outpatient; all 221 drugs that have a 2018 value; latest year in the machine-readable copy that could be read",2018,https://raw.githubusercontent.com/HHS-AHRQ/MEPS-summary-tables/master/mepstrends/hc_pmed/json/data/totEVT__RXDRGNAM__ind__.json
213,Clindamycin Topical,"1,578","BLOCK 3 of 3 - OFFICIAL (AHRQ MEPS-HC summary table 'Total purchases in thousands (standard errors) by prescribed drug, United States'): total purchases in THOUSANDS, 2018 column, copied as printed (an asterisk is the source's own mark); AHRQ prints no rank - rank here is the position when that official column is sorted descending; all payers, general outpatient; all 221 drugs that have a 2018 value; latest year in the machine-readable copy that could be read",2018,https://raw.githubusercontent.com/HHS-AHRQ/MEPS-summary-tables/master/mepstrends/hc_pmed/json/data/totEVT__RXDRGNAM__ind__.json
214,Ofloxacin Ophthalmic,"1,544","BLOCK 3 of 3 - OFFICIAL (AHRQ MEPS-HC summary table 'Total purchases in thousands (standard errors) by prescribed drug, United States'): total purchases in THOUSANDS, 2018 column, copied as printed (an asterisk is the source's own mark); AHRQ prints no rank - rank here is the position when that official column is sorted descending; all payers, general outpatient; all 221 drugs that have a 2018 value; latest year in the machine-readable copy that could be read",2018,https://raw.githubusercontent.com/HHS-AHRQ/MEPS-summary-tables/master/mepstrends/hc_pmed/json/data/totEVT__RXDRGNAM__ind__.json
215,Chlorhexidine Topical,"1,333","BLOCK 3 of 3 - OFFICIAL (AHRQ MEPS-HC summary table 'Total purchases in thousands (standard errors) by prescribed drug, United States'): total purchases in THOUSANDS, 2018 column, copied as printed (an asterisk is the source's own mark); AHRQ prints no rank - rank here is the position when that official column is sorted descending; all payers, general outpatient; all 221 drugs that have a 2018 value; latest year in the machine-readable copy that could be read",2018,https://raw.githubusercontent.com/HHS-AHRQ/MEPS-summary-tables/master/mepstrends/hc_pmed/json/data/totEVT__RXDRGNAM__ind__.json
216,Polyethylene Glycol 3350 With Electrolytes,"1,280","BLOCK 3 of 3 - OFFICIAL (AHRQ MEPS-HC summary table 'Total purchases in thousands (standard errors) by prescribed drug, United States'): total purchases in THOUSANDS, 2018 column, copied as printed (an asterisk is the source's own mark); AHRQ prints no rank - rank here is the position when that official column is sorted descending; all payers, general outpatient; all 221 drugs that have a 2018 value; latest year in the machine-readable copy that could be read",2018,https://raw.githubusercontent.com/HHS-AHRQ/MEPS-summary-tables/master/mepstrends/hc_pmed/json/data/totEVT__RXDRGNAM__ind__.json
217,Dexamethasone/Neomycin/Polymyxin B Ophthalmic,"1,262","BLOCK 3 of 3 - OFFICIAL (AHRQ MEPS-HC summary table 'Total purchases in thousands (standard errors) by prescribed drug, United States'): total purchases in THOUSANDS, 2018 column, copied as printed (an asterisk is the source's own mark); AHRQ prints no rank - rank here is the position when that official column is sorted descending; all payers, general outpatient; all 221 drugs that have a 2018 value; latest year in the machine-readable copy that could be read",2018,https://raw.githubusercontent.com/HHS-AHRQ/MEPS-summary-tables/master/mepstrends/hc_pmed/json/data/totEVT__RXDRGNAM__ind__.json
218,Brompheniramine/Dextromethorphan/PSE,"1,229","BLOCK 3 of 3 - OFFICIAL (AHRQ MEPS-HC summary table 'Total purchases in thousands (standard errors) by prescribed drug, United States'): total purchases in THOUSANDS, 2018 column, copied as printed (an asterisk is the source's own mark); AHRQ prints no rank - rank here is the position when that official column is sorted descending; all payers, general outpatient; all 221 drugs that have a 2018 value; latest year in the machine-readable copy that could be read",2018,https://raw.githubusercontent.com/HHS-AHRQ/MEPS-summary-tables/master/mepstrends/hc_pmed/json/data/totEVT__RXDRGNAM__ind__.json
219,Cefuroxime,"1,141","BLOCK 3 of 3 - OFFICIAL (AHRQ MEPS-HC summary table 'Total purchases in thousands (standard errors) by prescribed drug, United States'): total purchases in THOUSANDS, 2018 column, copied as printed (an asterisk is the source's own mark); AHRQ prints no rank - rank here is the position when that official column is sorted descending; all payers, general outpatient; all 221 drugs that have a 2018 value; latest year in the machine-readable copy that could be read",2018,https://raw.githubusercontent.com/HHS-AHRQ/MEPS-summary-tables/master/mepstrends/hc_pmed/json/data/totEVT__RXDRGNAM__ind__.json
220,Tobramycin Ophthalmic,912,"BLOCK 3 of 3 - OFFICIAL (AHRQ MEPS-HC summary table 'Total purchases in thousands (standard errors) by prescribed drug, United States'): total purchases in THOUSANDS, 2018 column, copied as printed (an asterisk is the source's own mark); AHRQ prints no rank - rank here is the position when that official column is sorted descending; all payers, general outpatient; all 221 drugs that have a 2018 value; latest year in the machine-readable copy that could be read",2018,https://raw.githubusercontent.com/HHS-AHRQ/MEPS-summary-tables/master/mepstrends/hc_pmed/json/data/totEVT__RXDRGNAM__ind__.json
221,Dextromethorphan-Promethazine,868,"BLOCK 3 of 3 - OFFICIAL (AHRQ MEPS-HC summary table 'Total purchases in thousands (standard errors) by prescribed drug, United States'): total purchases in THOUSANDS, 2018 column, copied as printed (an asterisk is the source's own mark); AHRQ prints no rank - rank here is the position when that official column is sorted descending; all payers, general outpatient; all 221 drugs that have a 2018 value; latest year in the machine-readable copy that could be read",2018,https://raw.githubusercontent.com/HHS-AHRQ/MEPS-summary-tables/master/mepstrends/hc_pmed/json/data/totEVT__RXDRGNAM__ind__.json
