rank_or_position,name_as_in_source,language_and_script,count_if_given,what_is_counted_or_which_list,data_year_or_act_date,source_url
1.1.1.,Izofluran,"Uzbek, Latin script",,"List membership only - not a ranking, no counts. Asosiy dori vositalari roʻyxati (essential medicines list), Minister of Health Order No. 34 of 21.08.2023, Ministry of Justice reg. No. 3455 of 31.08.2023. Position is the row number the act itself prints, kept as printed (including its repeated and out-of-sequence numbers).",2023-08-21 (registered 2023-08-31; in force 2023-09-04),https://lex.uz/docs/-6590070
1.1.2.,Sevofluran,"Uzbek, Latin script",,"List membership only - not a ranking, no counts. Asosiy dori vositalari roʻyxati (essential medicines list), Minister of Health Order No. 34 of 21.08.2023, Ministry of Justice reg. No. 3455 of 31.08.2023. Position is the row number the act itself prints, kept as printed (including its repeated and out-of-sequence numbers).",2023-08-21 (registered 2023-08-31; in force 2023-09-04),https://lex.uz/docs/-6590070
1.2.1.,Natriy oksibutirat,"Uzbek, Latin script",,"List membership only - not a ranking, no counts. Asosiy dori vositalari roʻyxati (essential medicines list), Minister of Health Order No. 34 of 21.08.2023, Ministry of Justice reg. No. 3455 of 31.08.2023. Position is the row number the act itself prints, kept as printed (including its repeated and out-of-sequence numbers).",2023-08-21 (registered 2023-08-31; in force 2023-09-04),https://lex.uz/docs/-6590070
1.2.2.,Tiopental natriy,"Uzbek, Latin script",,"List membership only - not a ranking, no counts. Asosiy dori vositalari roʻyxati (essential medicines list), Minister of Health Order No. 34 of 21.08.2023, Ministry of Justice reg. No. 3455 of 31.08.2023. Position is the row number the act itself prints, kept as printed (including its repeated and out-of-sequence numbers).",2023-08-21 (registered 2023-08-31; in force 2023-09-04),https://lex.uz/docs/-6590070
1.2.3.,Ketamin,"Uzbek, Latin script",,"List membership only - not a ranking, no counts. Asosiy dori vositalari roʻyxati (essential medicines list), Minister of Health Order No. 34 of 21.08.2023, Ministry of Justice reg. No. 3455 of 31.08.2023. Position is the row number the act itself prints, kept as printed (including its repeated and out-of-sequence numbers).",2023-08-21 (registered 2023-08-31; in force 2023-09-04),https://lex.uz/docs/-6590070
1.2.4.,Propofol,"Uzbek, Latin script",,"List membership only - not a ranking, no counts. Asosiy dori vositalari roʻyxati (essential medicines list), Minister of Health Order No. 34 of 21.08.2023, Ministry of Justice reg. No. 3455 of 31.08.2023. Position is the row number the act itself prints, kept as printed (including its repeated and out-of-sequence numbers).",2023-08-21 (registered 2023-08-31; in force 2023-09-04),https://lex.uz/docs/-6590070
1.2.5.,Deksmedetomidin,"Uzbek, Latin script",,"List membership only - not a ranking, no counts. Asosiy dori vositalari roʻyxati (essential medicines list), Minister of Health Order No. 34 of 21.08.2023, Ministry of Justice reg. No. 3455 of 31.08.2023. Position is the row number the act itself prints, kept as printed (including its repeated and out-of-sequence numbers).",2023-08-21 (registered 2023-08-31; in force 2023-09-04),https://lex.uz/docs/-6590070
1.3.1.,Midazolam,"Uzbek, Latin script",,"List membership only - not a ranking, no counts. Asosiy dori vositalari roʻyxati (essential medicines list), Minister of Health Order No. 34 of 21.08.2023, Ministry of Justice reg. No. 3455 of 31.08.2023. Position is the row number the act itself prints, kept as printed (including its repeated and out-of-sequence numbers).",2023-08-21 (registered 2023-08-31; in force 2023-09-04),https://lex.uz/docs/-6590070
1.4.1.,Fenobarbital,"Uzbek, Latin script",,"List membership only - not a ranking, no counts. Asosiy dori vositalari roʻyxati (essential medicines list), Minister of Health Order No. 34 of 21.08.2023, Ministry of Justice reg. No. 3455 of 31.08.2023. Position is the row number the act itself prints, kept as printed (including its repeated and out-of-sequence numbers).",2023-08-21 (registered 2023-08-31; in force 2023-09-04),https://lex.uz/docs/-6590070
1.4.2.,Karbamazepin,"Uzbek, Latin script",,"List membership only - not a ranking, no counts. Asosiy dori vositalari roʻyxati (essential medicines list), Minister of Health Order No. 34 of 21.08.2023, Ministry of Justice reg. No. 3455 of 31.08.2023. Position is the row number the act itself prints, kept as printed (including its repeated and out-of-sequence numbers).",2023-08-21 (registered 2023-08-31; in force 2023-09-04),https://lex.uz/docs/-6590070
1.4.3.,Benzobarbital,"Uzbek, Latin script",,"List membership only - not a ranking, no counts. Asosiy dori vositalari roʻyxati (essential medicines list), Minister of Health Order No. 34 of 21.08.2023, Ministry of Justice reg. No. 3455 of 31.08.2023. Position is the row number the act itself prints, kept as printed (including its repeated and out-of-sequence numbers).",2023-08-21 (registered 2023-08-31; in force 2023-09-04),https://lex.uz/docs/-6590070
1.4.4.,Valproat kislotasi/v?lproat natriy,"Uzbek, Latin script",,"List membership only - not a ranking, no counts. Asosiy dori vositalari roʻyxati (essential medicines list), Minister of Health Order No. 34 of 21.08.2023, Ministry of Justice reg. No. 3455 of 31.08.2023. Position is the row number the act itself prints, kept as printed (including its repeated and out-of-sequence numbers).",2023-08-21 (registered 2023-08-31; in force 2023-09-04),https://lex.uz/docs/-6590070
1.4.5.,Lamotridjin,"Uzbek, Latin script",,"List membership only - not a ranking, no counts. Asosiy dori vositalari roʻyxati (essential medicines list), Minister of Health Order No. 34 of 21.08.2023, Ministry of Justice reg. No. 3455 of 31.08.2023. Position is the row number the act itself prints, kept as printed (including its repeated and out-of-sequence numbers).",2023-08-21 (registered 2023-08-31; in force 2023-09-04),https://lex.uz/docs/-6590070
2.1.1.,Levomepromazin,"Uzbek, Latin script",,"List membership only - not a ranking, no counts. Asosiy dori vositalari roʻyxati (essential medicines list), Minister of Health Order No. 34 of 21.08.2023, Ministry of Justice reg. No. 3455 of 31.08.2023. Position is the row number the act itself prints, kept as printed (including its repeated and out-of-sequence numbers).",2023-08-21 (registered 2023-08-31; in force 2023-09-04),https://lex.uz/docs/-6590070
2.1.2.,Galoperidol,"Uzbek, Latin script",,"List membership only - not a ranking, no counts. Asosiy dori vositalari roʻyxati (essential medicines list), Minister of Health Order No. 34 of 21.08.2023, Ministry of Justice reg. No. 3455 of 31.08.2023. Position is the row number the act itself prints, kept as printed (including its repeated and out-of-sequence numbers).",2023-08-21 (registered 2023-08-31; in force 2023-09-04),https://lex.uz/docs/-6590070
2.1.3.,Droperidol,"Uzbek, Latin script",,"List membership only - not a ranking, no counts. Asosiy dori vositalari roʻyxati (essential medicines list), Minister of Health Order No. 34 of 21.08.2023, Ministry of Justice reg. No. 3455 of 31.08.2023. Position is the row number the act itself prints, kept as printed (including its repeated and out-of-sequence numbers).",2023-08-21 (registered 2023-08-31; in force 2023-09-04),https://lex.uz/docs/-6590070
2.1.4.,Klozapin,"Uzbek, Latin script",,"List membership only - not a ranking, no counts. Asosiy dori vositalari roʻyxati (essential medicines list), Minister of Health Order No. 34 of 21.08.2023, Ministry of Justice reg. No. 3455 of 31.08.2023. Position is the row number the act itself prints, kept as printed (including its repeated and out-of-sequence numbers).",2023-08-21 (registered 2023-08-31; in force 2023-09-04),https://lex.uz/docs/-6590070
2.1.5.,Trifluoperazin,"Uzbek, Latin script",,"List membership only - not a ranking, no counts. Asosiy dori vositalari roʻyxati (essential medicines list), Minister of Health Order No. 34 of 21.08.2023, Ministry of Justice reg. No. 3455 of 31.08.2023. Position is the row number the act itself prints, kept as printed (including its repeated and out-of-sequence numbers).",2023-08-21 (registered 2023-08-31; in force 2023-09-04),https://lex.uz/docs/-6590070
2.1.6.,Flufenazin,"Uzbek, Latin script",,"List membership only - not a ranking, no counts. Asosiy dori vositalari roʻyxati (essential medicines list), Minister of Health Order No. 34 of 21.08.2023, Ministry of Justice reg. No. 3455 of 31.08.2023. Position is the row number the act itself prints, kept as printed (including its repeated and out-of-sequence numbers).",2023-08-21 (registered 2023-08-31; in force 2023-09-04),https://lex.uz/docs/-6590070
2.1.7.,Xlorpromazin,"Uzbek, Latin script",,"List membership only - not a ranking, no counts. Asosiy dori vositalari roʻyxati (essential medicines list), Minister of Health Order No. 34 of 21.08.2023, Ministry of Justice reg. No. 3455 of 31.08.2023. Position is the row number the act itself prints, kept as printed (including its repeated and out-of-sequence numbers).",2023-08-21 (registered 2023-08-31; in force 2023-09-04),https://lex.uz/docs/-6590070
2.1.8.,Risperidon,"Uzbek, Latin script",,"List membership only - not a ranking, no counts. Asosiy dori vositalari roʻyxati (essential medicines list), Minister of Health Order No. 34 of 21.08.2023, Ministry of Justice reg. No. 3455 of 31.08.2023. Position is the row number the act itself prints, kept as printed (including its repeated and out-of-sequence numbers).",2023-08-21 (registered 2023-08-31; in force 2023-09-04),https://lex.uz/docs/-6590070
2.1.9.,Tioridazin,"Uzbek, Latin script",,"List membership only - not a ranking, no counts. Asosiy dori vositalari roʻyxati (essential medicines list), Minister of Health Order No. 34 of 21.08.2023, Ministry of Justice reg. No. 3455 of 31.08.2023. Position is the row number the act itself prints, kept as printed (including its repeated and out-of-sequence numbers).",2023-08-21 (registered 2023-08-31; in force 2023-09-04),https://lex.uz/docs/-6590070
2.1.10.,Sulpirid,"Uzbek, Latin script",,"List membership only - not a ranking, no counts. Asosiy dori vositalari roʻyxati (essential medicines list), Minister of Health Order No. 34 of 21.08.2023, Ministry of Justice reg. No. 3455 of 31.08.2023. Position is the row number the act itself prints, kept as printed (including its repeated and out-of-sequence numbers).",2023-08-21 (registered 2023-08-31; in force 2023-09-04),https://lex.uz/docs/-6590070
2.1.11.,Kvetiapin,"Uzbek, Latin script",,"List membership only - not a ranking, no counts. Asosiy dori vositalari roʻyxati (essential medicines list), Minister of Health Order No. 34 of 21.08.2023, Ministry of Justice reg. No. 3455 of 31.08.2023. Position is the row number the act itself prints, kept as printed (including its repeated and out-of-sequence numbers).",2023-08-21 (registered 2023-08-31; in force 2023-09-04),https://lex.uz/docs/-6590070
2.1.12.,Olanzapin,"Uzbek, Latin script",,"List membership only - not a ranking, no counts. Asosiy dori vositalari roʻyxati (essential medicines list), Minister of Health Order No. 34 of 21.08.2023, Ministry of Justice reg. No. 3455 of 31.08.2023. Position is the row number the act itself prints, kept as printed (including its repeated and out-of-sequence numbers).",2023-08-21 (registered 2023-08-31; in force 2023-09-04),https://lex.uz/docs/-6590070
2.1.13.,Tiaprid,"Uzbek, Latin script",,"List membership only - not a ranking, no counts. Asosiy dori vositalari roʻyxati (essential medicines list), Minister of Health Order No. 34 of 21.08.2023, Ministry of Justice reg. No. 3455 of 31.08.2023. Position is the row number the act itself prints, kept as printed (including its repeated and out-of-sequence numbers).",2023-08-21 (registered 2023-08-31; in force 2023-09-04),https://lex.uz/docs/-6590070
2.1.14.,Alimemazin,"Uzbek, Latin script",,"List membership only - not a ranking, no counts. Asosiy dori vositalari roʻyxati (essential medicines list), Minister of Health Order No. 34 of 21.08.2023, Ministry of Justice reg. No. 3455 of 31.08.2023. Position is the row number the act itself prints, kept as printed (including its repeated and out-of-sequence numbers).",2023-08-21 (registered 2023-08-31; in force 2023-09-04),https://lex.uz/docs/-6590070
2.1.15.,Aripiprazol,"Uzbek, Latin script",,"List membership only - not a ranking, no counts. Asosiy dori vositalari roʻyxati (essential medicines list), Minister of Health Order No. 34 of 21.08.2023, Ministry of Justice reg. No. 3455 of 31.08.2023. Position is the row number the act itself prints, kept as printed (including its repeated and out-of-sequence numbers).",2023-08-21 (registered 2023-08-31; in force 2023-09-04),https://lex.uz/docs/-6590070
2.2.1.,Alprazolam,"Uzbek, Latin script",,"List membership only - not a ranking, no counts. Asosiy dori vositalari roʻyxati (essential medicines list), Minister of Health Order No. 34 of 21.08.2023, Ministry of Justice reg. No. 3455 of 31.08.2023. Position is the row number the act itself prints, kept as printed (including its repeated and out-of-sequence numbers).",2023-08-21 (registered 2023-08-31; in force 2023-09-04),https://lex.uz/docs/-6590070
2.2.2.,Diazepam,"Uzbek, Latin script",,"List membership only - not a ranking, no counts. Asosiy dori vositalari roʻyxati (essential medicines list), Minister of Health Order No. 34 of 21.08.2023, Ministry of Justice reg. No. 3455 of 31.08.2023. Position is the row number the act itself prints, kept as printed (including its repeated and out-of-sequence numbers).",2023-08-21 (registered 2023-08-31; in force 2023-09-04),https://lex.uz/docs/-6590070
2.2.3.,Aminofenil moy kislotasi,"Uzbek, Latin script",,"List membership only - not a ranking, no counts. Asosiy dori vositalari roʻyxati (essential medicines list), Minister of Health Order No. 34 of 21.08.2023, Ministry of Justice reg. No. 3455 of 31.08.2023. Position is the row number the act itself prints, kept as printed (including its repeated and out-of-sequence numbers).",2023-08-21 (registered 2023-08-31; in force 2023-09-04),https://lex.uz/docs/-6590070
2.2.4.,Tofizopam,"Uzbek, Latin script",,"List membership only - not a ranking, no counts. Asosiy dori vositalari roʻyxati (essential medicines list), Minister of Health Order No. 34 of 21.08.2023, Ministry of Justice reg. No. 3455 of 31.08.2023. Position is the row number the act itself prints, kept as printed (including its repeated and out-of-sequence numbers).",2023-08-21 (registered 2023-08-31; in force 2023-09-04),https://lex.uz/docs/-6590070
2.2.5.,Fenazepam,"Uzbek, Latin script",,"List membership only - not a ranking, no counts. Asosiy dori vositalari roʻyxati (essential medicines list), Minister of Health Order No. 34 of 21.08.2023, Ministry of Justice reg. No. 3455 of 31.08.2023. Position is the row number the act itself prints, kept as printed (including its repeated and out-of-sequence numbers).",2023-08-21 (registered 2023-08-31; in force 2023-09-04),https://lex.uz/docs/-6590070
2.3.1.,Amitriptilin,"Uzbek, Latin script",,"List membership only - not a ranking, no counts. Asosiy dori vositalari roʻyxati (essential medicines list), Minister of Health Order No. 34 of 21.08.2023, Ministry of Justice reg. No. 3455 of 31.08.2023. Position is the row number the act itself prints, kept as printed (including its repeated and out-of-sequence numbers).",2023-08-21 (registered 2023-08-31; in force 2023-09-04),https://lex.uz/docs/-6590070
2.3.2.,Venlafaksin,"Uzbek, Latin script",,"List membership only - not a ranking, no counts. Asosiy dori vositalari roʻyxati (essential medicines list), Minister of Health Order No. 34 of 21.08.2023, Ministry of Justice reg. No. 3455 of 31.08.2023. Position is the row number the act itself prints, kept as printed (including its repeated and out-of-sequence numbers).",2023-08-21 (registered 2023-08-31; in force 2023-09-04),https://lex.uz/docs/-6590070
2.3.3.,Fluoksetin,"Uzbek, Latin script",,"List membership only - not a ranking, no counts. Asosiy dori vositalari roʻyxati (essential medicines list), Minister of Health Order No. 34 of 21.08.2023, Ministry of Justice reg. No. 3455 of 31.08.2023. Position is the row number the act itself prints, kept as printed (including its repeated and out-of-sequence numbers).",2023-08-21 (registered 2023-08-31; in force 2023-09-04),https://lex.uz/docs/-6590070
2.3.4.,Trazodon gidroxlorid,"Uzbek, Latin script",,"List membership only - not a ranking, no counts. Asosiy dori vositalari roʻyxati (essential medicines list), Minister of Health Order No. 34 of 21.08.2023, Ministry of Justice reg. No. 3455 of 31.08.2023. Position is the row number the act itself prints, kept as printed (including its repeated and out-of-sequence numbers).",2023-08-21 (registered 2023-08-31; in force 2023-09-04),https://lex.uz/docs/-6590070
2.3.5.,Mirtazapin,"Uzbek, Latin script",,"List membership only - not a ranking, no counts. Asosiy dori vositalari roʻyxati (essential medicines list), Minister of Health Order No. 34 of 21.08.2023, Ministry of Justice reg. No. 3455 of 31.08.2023. Position is the row number the act itself prints, kept as printed (including its repeated and out-of-sequence numbers).",2023-08-21 (registered 2023-08-31; in force 2023-09-04),https://lex.uz/docs/-6590070
2.3.6.,Sertralin,"Uzbek, Latin script",,"List membership only - not a ranking, no counts. Asosiy dori vositalari roʻyxati (essential medicines list), Minister of Health Order No. 34 of 21.08.2023, Ministry of Justice reg. No. 3455 of 31.08.2023. Position is the row number the act itself prints, kept as printed (including its repeated and out-of-sequence numbers).",2023-08-21 (registered 2023-08-31; in force 2023-09-04),https://lex.uz/docs/-6590070
2.3.7.,Essitalopram,"Uzbek, Latin script",,"List membership only - not a ranking, no counts. Asosiy dori vositalari roʻyxati (essential medicines list), Minister of Health Order No. 34 of 21.08.2023, Ministry of Justice reg. No. 3455 of 31.08.2023. Position is the row number the act itself prints, kept as printed (including its repeated and out-of-sequence numbers).",2023-08-21 (registered 2023-08-31; in force 2023-09-04),https://lex.uz/docs/-6590070
2.4.1.,Niketamid,"Uzbek, Latin script",,"List membership only - not a ranking, no counts. Asosiy dori vositalari roʻyxati (essential medicines list), Minister of Health Order No. 34 of 21.08.2023, Ministry of Justice reg. No. 3455 of 31.08.2023. Position is the row number the act itself prints, kept as printed (including its repeated and out-of-sequence numbers).",2023-08-21 (registered 2023-08-31; in force 2023-09-04),https://lex.uz/docs/-6590070
2.5.1.,Piratsetam,"Uzbek, Latin script",,"List membership only - not a ranking, no counts. Asosiy dori vositalari roʻyxati (essential medicines list), Minister of Health Order No. 34 of 21.08.2023, Ministry of Justice reg. No. 3455 of 31.08.2023. Position is the row number the act itself prints, kept as printed (including its repeated and out-of-sequence numbers).",2023-08-21 (registered 2023-08-31; in force 2023-09-04),https://lex.uz/docs/-6590070
2.5.2.,Peptid kompleksi,"Uzbek, Latin script",,"List membership only - not a ranking, no counts. Asosiy dori vositalari roʻyxati (essential medicines list), Minister of Health Order No. 34 of 21.08.2023, Ministry of Justice reg. No. 3455 of 31.08.2023. Position is the row number the act itself prints, kept as printed (including its repeated and out-of-sequence numbers).",2023-08-21 (registered 2023-08-31; in force 2023-09-04),https://lex.uz/docs/-6590070
2.5.3.,Gopanten kislotasi,"Uzbek, Latin script",,"List membership only - not a ranking, no counts. Asosiy dori vositalari roʻyxati (essential medicines list), Minister of Health Order No. 34 of 21.08.2023, Ministry of Justice reg. No. 3455 of 31.08.2023. Position is the row number the act itself prints, kept as printed (including its repeated and out-of-sequence numbers).",2023-08-21 (registered 2023-08-31; in force 2023-09-04),https://lex.uz/docs/-6590070
2.5.4.,Sitikolin,"Uzbek, Latin script",,"List membership only - not a ranking, no counts. Asosiy dori vositalari roʻyxati (essential medicines list), Minister of Health Order No. 34 of 21.08.2023, Ministry of Justice reg. No. 3455 of 31.08.2023. Position is the row number the act itself prints, kept as printed (including its repeated and out-of-sequence numbers).",2023-08-21 (registered 2023-08-31; in force 2023-09-04),https://lex.uz/docs/-6590070
2.5.5.,Qahrabo kislotasi + nikotinamid + inozin + riboflavin natriy fosfat,"Uzbek, Latin script",,"List membership only - not a ranking, no counts. Asosiy dori vositalari roʻyxati (essential medicines list), Minister of Health Order No. 34 of 21.08.2023, Ministry of Justice reg. No. 3455 of 31.08.2023. Position is the row number the act itself prints, kept as printed (including its repeated and out-of-sequence numbers).",2023-08-21 (registered 2023-08-31; in force 2023-09-04),https://lex.uz/docs/-6590070
2.5.6.,Etilmetilgidroksipiridin suksinat,"Uzbek, Latin script",,"List membership only - not a ranking, no counts. Asosiy dori vositalari roʻyxati (essential medicines list), Minister of Health Order No. 34 of 21.08.2023, Ministry of Justice reg. No. 3455 of 31.08.2023. Position is the row number the act itself prints, kept as printed (including its repeated and out-of-sequence numbers).",2023-08-21 (registered 2023-08-31; in force 2023-09-04),https://lex.uz/docs/-6590070
2.5.7.,Piratsetam + sitikolin natriy,"Uzbek, Latin script",,"List membership only - not a ranking, no counts. Asosiy dori vositalari roʻyxati (essential medicines list), Minister of Health Order No. 34 of 21.08.2023, Ministry of Justice reg. No. 3455 of 31.08.2023. Position is the row number the act itself prints, kept as printed (including its repeated and out-of-sequence numbers).",2023-08-21 (registered 2023-08-31; in force 2023-09-04),https://lex.uz/docs/-6590070
2.5.8.,Memantin gidroxlorid,"Uzbek, Latin script",,"List membership only - not a ranking, no counts. Asosiy dori vositalari roʻyxati (essential medicines list), Minister of Health Order No. 34 of 21.08.2023, Ministry of Justice reg. No. 3455 of 31.08.2023. Position is the row number the act itself prints, kept as printed (including its repeated and out-of-sequence numbers).",2023-08-21 (registered 2023-08-31; in force 2023-09-04),https://lex.uz/docs/-6590070
2.5.9.,Edaravon,"Uzbek, Latin script",,"List membership only - not a ranking, no counts. Asosiy dori vositalari roʻyxati (essential medicines list), Minister of Health Order No. 34 of 21.08.2023, Ministry of Justice reg. No. 3455 of 31.08.2023. Position is the row number the act itself prints, kept as printed (including its repeated and out-of-sequence numbers).",2023-08-21 (registered 2023-08-31; in force 2023-09-04),https://lex.uz/docs/-6590070
2.5.10.,Metionil-glutamil-gistidil-fenilalanil-prolil-glitsil-prolin,"Uzbek, Latin script",,"List membership only - not a ranking, no counts. Asosiy dori vositalari roʻyxati (essential medicines list), Minister of Health Order No. 34 of 21.08.2023, Ministry of Justice reg. No. 3455 of 31.08.2023. Position is the row number the act itself prints, kept as printed (including its repeated and out-of-sequence numbers).",2023-08-21 (registered 2023-08-31; in force 2023-09-04),https://lex.uz/docs/-6590070
2.6.1.,Kofein-natriy benzoat,"Uzbek, Latin script",,"List membership only - not a ranking, no counts. Asosiy dori vositalari roʻyxati (essential medicines list), Minister of Health Order No. 34 of 21.08.2023, Ministry of Justice reg. No. 3455 of 31.08.2023. Position is the row number the act itself prints, kept as printed (including its repeated and out-of-sequence numbers).",2023-08-21 (registered 2023-08-31; in force 2023-09-04),https://lex.uz/docs/-6590070
2.6.2.,Kofein sitrat,"Uzbek, Latin script",,"List membership only - not a ranking, no counts. Asosiy dori vositalari roʻyxati (essential medicines list), Minister of Health Order No. 34 of 21.08.2023, Ministry of Justice reg. No. 3455 of 31.08.2023. Position is the row number the act itself prints, kept as printed (including its repeated and out-of-sequence numbers).",2023-08-21 (registered 2023-08-31; in force 2023-09-04),https://lex.uz/docs/-6590070
2.7.1.,Trigeksifenidil,"Uzbek, Latin script",,"List membership only - not a ranking, no counts. Asosiy dori vositalari roʻyxati (essential medicines list), Minister of Health Order No. 34 of 21.08.2023, Ministry of Justice reg. No. 3455 of 31.08.2023. Position is the row number the act itself prints, kept as printed (including its repeated and out-of-sequence numbers).",2023-08-21 (registered 2023-08-31; in force 2023-09-04),https://lex.uz/docs/-6590070
2.7.2.,Levodopa/karbidopa,"Uzbek, Latin script",,"List membership only - not a ranking, no counts. Asosiy dori vositalari roʻyxati (essential medicines list), Minister of Health Order No. 34 of 21.08.2023, Ministry of Justice reg. No. 3455 of 31.08.2023. Position is the row number the act itself prints, kept as printed (including its repeated and out-of-sequence numbers).",2023-08-21 (registered 2023-08-31; in force 2023-09-04),https://lex.uz/docs/-6590070
2.7.3.,Amantadin,"Uzbek, Latin script",,"List membership only - not a ranking, no counts. Asosiy dori vositalari roʻyxati (essential medicines list), Minister of Health Order No. 34 of 21.08.2023, Ministry of Justice reg. No. 3455 of 31.08.2023. Position is the row number the act itself prints, kept as printed (including its repeated and out-of-sequence numbers).",2023-08-21 (registered 2023-08-31; in force 2023-09-04),https://lex.uz/docs/-6590070
3.1.1.1.,Morfin,"Uzbek, Latin script",,"List membership only - not a ranking, no counts. Asosiy dori vositalari roʻyxati (essential medicines list), Minister of Health Order No. 34 of 21.08.2023, Ministry of Justice reg. No. 3455 of 31.08.2023. Position is the row number the act itself prints, kept as printed (including its repeated and out-of-sequence numbers).",2023-08-21 (registered 2023-08-31; in force 2023-09-04),https://lex.uz/docs/-6590070
3.1.1.2.,Omnopon,"Uzbek, Latin script",,"List membership only - not a ranking, no counts. Asosiy dori vositalari roʻyxati (essential medicines list), Minister of Health Order No. 34 of 21.08.2023, Ministry of Justice reg. No. 3455 of 31.08.2023. Position is the row number the act itself prints, kept as printed (including its repeated and out-of-sequence numbers).",2023-08-21 (registered 2023-08-31; in force 2023-09-04),https://lex.uz/docs/-6590070
3.1.1.3.,Trimeperidin,"Uzbek, Latin script",,"List membership only - not a ranking, no counts. Asosiy dori vositalari roʻyxati (essential medicines list), Minister of Health Order No. 34 of 21.08.2023, Ministry of Justice reg. No. 3455 of 31.08.2023. Position is the row number the act itself prints, kept as printed (including its repeated and out-of-sequence numbers).",2023-08-21 (registered 2023-08-31; in force 2023-09-04),https://lex.uz/docs/-6590070
3.1.1.4.,Fentanil,"Uzbek, Latin script",,"List membership only - not a ranking, no counts. Asosiy dori vositalari roʻyxati (essential medicines list), Minister of Health Order No. 34 of 21.08.2023, Ministry of Justice reg. No. 3455 of 31.08.2023. Position is the row number the act itself prints, kept as printed (including its repeated and out-of-sequence numbers).",2023-08-21 (registered 2023-08-31; in force 2023-09-04),https://lex.uz/docs/-6590070
3.2.1.,Tramadol,"Uzbek, Latin script",,"List membership only - not a ranking, no counts. Asosiy dori vositalari roʻyxati (essential medicines list), Minister of Health Order No. 34 of 21.08.2023, Ministry of Justice reg. No. 3455 of 31.08.2023. Position is the row number the act itself prints, kept as printed (including its repeated and out-of-sequence numbers).",2023-08-21 (registered 2023-08-31; in force 2023-09-04),https://lex.uz/docs/-6590070
3.3.1.,Nalbufin,"Uzbek, Latin script",,"List membership only - not a ranking, no counts. Asosiy dori vositalari roʻyxati (essential medicines list), Minister of Health Order No. 34 of 21.08.2023, Ministry of Justice reg. No. 3455 of 31.08.2023. Position is the row number the act itself prints, kept as printed (including its repeated and out-of-sequence numbers).",2023-08-21 (registered 2023-08-31; in force 2023-09-04),https://lex.uz/docs/-6590070
3.4.1.,Metamizol natriy,"Uzbek, Latin script",,"List membership only - not a ranking, no counts. Asosiy dori vositalari roʻyxati (essential medicines list), Minister of Health Order No. 34 of 21.08.2023, Ministry of Justice reg. No. 3455 of 31.08.2023. Position is the row number the act itself prints, kept as printed (including its repeated and out-of-sequence numbers).",2023-08-21 (registered 2023-08-31; in force 2023-09-04),https://lex.uz/docs/-6590070
3.4.2.,Metamizol natriy + pentofenon gidroxlorid + fenpiverin bromid,"Uzbek, Latin script",,"List membership only - not a ranking, no counts. Asosiy dori vositalari roʻyxati (essential medicines list), Minister of Health Order No. 34 of 21.08.2023, Ministry of Justice reg. No. 3455 of 31.08.2023. Position is the row number the act itself prints, kept as printed (including its repeated and out-of-sequence numbers).",2023-08-21 (registered 2023-08-31; in force 2023-09-04),https://lex.uz/docs/-6590070
3.4.3.,Paratsetamol,"Uzbek, Latin script",,"List membership only - not a ranking, no counts. Asosiy dori vositalari roʻyxati (essential medicines list), Minister of Health Order No. 34 of 21.08.2023, Ministry of Justice reg. No. 3455 of 31.08.2023. Position is the row number the act itself prints, kept as printed (including its repeated and out-of-sequence numbers).",2023-08-21 (registered 2023-08-31; in force 2023-09-04),https://lex.uz/docs/-6590070
3.5.1.,Diklofenak,"Uzbek, Latin script",,"List membership only - not a ranking, no counts. Asosiy dori vositalari roʻyxati (essential medicines list), Minister of Health Order No. 34 of 21.08.2023, Ministry of Justice reg. No. 3455 of 31.08.2023. Position is the row number the act itself prints, kept as printed (including its repeated and out-of-sequence numbers).",2023-08-21 (registered 2023-08-31; in force 2023-09-04),https://lex.uz/docs/-6590070
3.5.2.,Ketoprofen,"Uzbek, Latin script",,"List membership only - not a ranking, no counts. Asosiy dori vositalari roʻyxati (essential medicines list), Minister of Health Order No. 34 of 21.08.2023, Ministry of Justice reg. No. 3455 of 31.08.2023. Position is the row number the act itself prints, kept as printed (including its repeated and out-of-sequence numbers).",2023-08-21 (registered 2023-08-31; in force 2023-09-04),https://lex.uz/docs/-6590070
3.5.3.,Ibuprofen,"Uzbek, Latin script",,"List membership only - not a ranking, no counts. Asosiy dori vositalari roʻyxati (essential medicines list), Minister of Health Order No. 34 of 21.08.2023, Ministry of Justice reg. No. 3455 of 31.08.2023. Position is the row number the act itself prints, kept as printed (including its repeated and out-of-sequence numbers).",2023-08-21 (registered 2023-08-31; in force 2023-09-04),https://lex.uz/docs/-6590070
3.5.4.,Deksketoprofen,"Uzbek, Latin script",,"List membership only - not a ranking, no counts. Asosiy dori vositalari roʻyxati (essential medicines list), Minister of Health Order No. 34 of 21.08.2023, Ministry of Justice reg. No. 3455 of 31.08.2023. Position is the row number the act itself prints, kept as printed (including its repeated and out-of-sequence numbers).",2023-08-21 (registered 2023-08-31; in force 2023-09-04),https://lex.uz/docs/-6590070
3.5.5.,Meloksikam,"Uzbek, Latin script",,"List membership only - not a ranking, no counts. Asosiy dori vositalari roʻyxati (essential medicines list), Minister of Health Order No. 34 of 21.08.2023, Ministry of Justice reg. No. 3455 of 31.08.2023. Position is the row number the act itself prints, kept as printed (including its repeated and out-of-sequence numbers).",2023-08-21 (registered 2023-08-31; in force 2023-09-04),https://lex.uz/docs/-6590070
3.5.6.,Ketorolak,"Uzbek, Latin script",,"List membership only - not a ranking, no counts. Asosiy dori vositalari roʻyxati (essential medicines list), Minister of Health Order No. 34 of 21.08.2023, Ministry of Justice reg. No. 3455 of 31.08.2023. Position is the row number the act itself prints, kept as printed (including its repeated and out-of-sequence numbers).",2023-08-21 (registered 2023-08-31; in force 2023-09-04),https://lex.uz/docs/-6590070
3.6.1.,Sulfasalazin,"Uzbek, Latin script",,"List membership only - not a ranking, no counts. Asosiy dori vositalari roʻyxati (essential medicines list), Minister of Health Order No. 34 of 21.08.2023, Ministry of Justice reg. No. 3455 of 31.08.2023. Position is the row number the act itself prints, kept as printed (including its repeated and out-of-sequence numbers).",2023-08-21 (registered 2023-08-31; in force 2023-09-04),https://lex.uz/docs/-6590070
3.7.1.,Gidroksixloroxin,"Uzbek, Latin script",,"List membership only - not a ranking, no counts. Asosiy dori vositalari roʻyxati (essential medicines list), Minister of Health Order No. 34 of 21.08.2023, Ministry of Justice reg. No. 3455 of 31.08.2023. Position is the row number the act itself prints, kept as printed (including its repeated and out-of-sequence numbers).",2023-08-21 (registered 2023-08-31; in force 2023-09-04),https://lex.uz/docs/-6590070
4.1.1.,Pilokarpin,"Uzbek, Latin script",,"List membership only - not a ranking, no counts. Asosiy dori vositalari roʻyxati (essential medicines list), Minister of Health Order No. 34 of 21.08.2023, Ministry of Justice reg. No. 3455 of 31.08.2023. Position is the row number the act itself prints, kept as printed (including its repeated and out-of-sequence numbers).",2023-08-21 (registered 2023-08-31; in force 2023-09-04),https://lex.uz/docs/-6590070
4.1.2.,Neostigmin,"Uzbek, Latin script",,"List membership only - not a ranking, no counts. Asosiy dori vositalari roʻyxati (essential medicines list), Minister of Health Order No. 34 of 21.08.2023, Ministry of Justice reg. No. 3455 of 31.08.2023. Position is the row number the act itself prints, kept as printed (including its repeated and out-of-sequence numbers).",2023-08-21 (registered 2023-08-31; in force 2023-09-04),https://lex.uz/docs/-6590070
4.1.3.,Galantamin gidrobromid,"Uzbek, Latin script",,"List membership only - not a ranking, no counts. Asosiy dori vositalari roʻyxati (essential medicines list), Minister of Health Order No. 34 of 21.08.2023, Ministry of Justice reg. No. 3455 of 31.08.2023. Position is the row number the act itself prints, kept as printed (including its repeated and out-of-sequence numbers).",2023-08-21 (registered 2023-08-31; in force 2023-09-04),https://lex.uz/docs/-6590070
4.1.4.,Ipidakrin,"Uzbek, Latin script",,"List membership only - not a ranking, no counts. Asosiy dori vositalari roʻyxati (essential medicines list), Minister of Health Order No. 34 of 21.08.2023, Ministry of Justice reg. No. 3455 of 31.08.2023. Position is the row number the act itself prints, kept as printed (including its repeated and out-of-sequence numbers).",2023-08-21 (registered 2023-08-31; in force 2023-09-04),https://lex.uz/docs/-6590070
4.2.1.,Donepezil gidroxlorid,"Uzbek, Latin script",,"List membership only - not a ranking, no counts. Asosiy dori vositalari roʻyxati (essential medicines list), Minister of Health Order No. 34 of 21.08.2023, Ministry of Justice reg. No. 3455 of 31.08.2023. Position is the row number the act itself prints, kept as printed (including its repeated and out-of-sequence numbers).",2023-08-21 (registered 2023-08-31; in force 2023-09-04),https://lex.uz/docs/-6590070
4.3.1.,Pipekuroniy bromid,"Uzbek, Latin script",,"List membership only - not a ranking, no counts. Asosiy dori vositalari roʻyxati (essential medicines list), Minister of Health Order No. 34 of 21.08.2023, Ministry of Justice reg. No. 3455 of 31.08.2023. Position is the row number the act itself prints, kept as printed (including its repeated and out-of-sequence numbers).",2023-08-21 (registered 2023-08-31; in force 2023-09-04),https://lex.uz/docs/-6590070
4.3.2.,Sisatrakuriy besilat,"Uzbek, Latin script",,"List membership only - not a ranking, no counts. Asosiy dori vositalari roʻyxati (essential medicines list), Minister of Health Order No. 34 of 21.08.2023, Ministry of Justice reg. No. 3455 of 31.08.2023. Position is the row number the act itself prints, kept as printed (including its repeated and out-of-sequence numbers).",2023-08-21 (registered 2023-08-31; in force 2023-09-04),https://lex.uz/docs/-6590070
4.3.3.,Suksametoniy yodid,"Uzbek, Latin script",,"List membership only - not a ranking, no counts. Asosiy dori vositalari roʻyxati (essential medicines list), Minister of Health Order No. 34 of 21.08.2023, Ministry of Justice reg. No. 3455 of 31.08.2023. Position is the row number the act itself prints, kept as printed (including its repeated and out-of-sequence numbers).",2023-08-21 (registered 2023-08-31; in force 2023-09-04),https://lex.uz/docs/-6590070
4.3.4.,Tizanidin,"Uzbek, Latin script",,"List membership only - not a ranking, no counts. Asosiy dori vositalari roʻyxati (essential medicines list), Minister of Health Order No. 34 of 21.08.2023, Ministry of Justice reg. No. 3455 of 31.08.2023. Position is the row number the act itself prints, kept as printed (including its repeated and out-of-sequence numbers).",2023-08-21 (registered 2023-08-31; in force 2023-09-04),https://lex.uz/docs/-6590070
4.3.5.,Tolperizon,"Uzbek, Latin script",,"List membership only - not a ranking, no counts. Asosiy dori vositalari roʻyxati (essential medicines list), Minister of Health Order No. 34 of 21.08.2023, Ministry of Justice reg. No. 3455 of 31.08.2023. Position is the row number the act itself prints, kept as printed (including its repeated and out-of-sequence numbers).",2023-08-21 (registered 2023-08-31; in force 2023-09-04),https://lex.uz/docs/-6590070
4.3.6.,A turdagi botulotoksin,"Uzbek, Latin script",,"List membership only - not a ranking, no counts. Asosiy dori vositalari roʻyxati (essential medicines list), Minister of Health Order No. 34 of 21.08.2023, Ministry of Justice reg. No. 3455 of 31.08.2023. Position is the row number the act itself prints, kept as printed (including its repeated and out-of-sequence numbers).",2023-08-21 (registered 2023-08-31; in force 2023-09-04),https://lex.uz/docs/-6590070
4.4.1.,Atropin,"Uzbek, Latin script",,"List membership only - not a ranking, no counts. Asosiy dori vositalari roʻyxati (essential medicines list), Minister of Health Order No. 34 of 21.08.2023, Ministry of Justice reg. No. 3455 of 31.08.2023. Position is the row number the act itself prints, kept as printed (including its repeated and out-of-sequence numbers).",2023-08-21 (registered 2023-08-31; in force 2023-09-04),https://lex.uz/docs/-6590070
4.4.2.,Platifillin,"Uzbek, Latin script",,"List membership only - not a ranking, no counts. Asosiy dori vositalari roʻyxati (essential medicines list), Minister of Health Order No. 34 of 21.08.2023, Ministry of Justice reg. No. 3455 of 31.08.2023. Position is the row number the act itself prints, kept as printed (including its repeated and out-of-sequence numbers).",2023-08-21 (registered 2023-08-31; in force 2023-09-04),https://lex.uz/docs/-6590070
4.5.1.,Solifenatsin,"Uzbek, Latin script",,"List membership only - not a ranking, no counts. Asosiy dori vositalari roʻyxati (essential medicines list), Minister of Health Order No. 34 of 21.08.2023, Ministry of Justice reg. No. 3455 of 31.08.2023. Position is the row number the act itself prints, kept as printed (including its repeated and out-of-sequence numbers).",2023-08-21 (registered 2023-08-31; in force 2023-09-04),https://lex.uz/docs/-6590070
4.5.1.,Geksametoniy benzosulfonat,"Uzbek, Latin script",,"List membership only - not a ranking, no counts. Asosiy dori vositalari roʻyxati (essential medicines list), Minister of Health Order No. 34 of 21.08.2023, Ministry of Justice reg. No. 3455 of 31.08.2023. Position is the row number the act itself prints, kept as printed (including its repeated and out-of-sequence numbers).",2023-08-21 (registered 2023-08-31; in force 2023-09-04),https://lex.uz/docs/-6590070
5.1.1.,Metoklopramid,"Uzbek, Latin script",,"List membership only - not a ranking, no counts. Asosiy dori vositalari roʻyxati (essential medicines list), Minister of Health Order No. 34 of 21.08.2023, Ministry of Justice reg. No. 3455 of 31.08.2023. Position is the row number the act itself prints, kept as printed (including its repeated and out-of-sequence numbers).",2023-08-21 (registered 2023-08-31; in force 2023-09-04),https://lex.uz/docs/-6590070
5.1.2.,Ondansetron,"Uzbek, Latin script",,"List membership only - not a ranking, no counts. Asosiy dori vositalari roʻyxati (essential medicines list), Minister of Health Order No. 34 of 21.08.2023, Ministry of Justice reg. No. 3455 of 31.08.2023. Position is the row number the act itself prints, kept as printed (including its repeated and out-of-sequence numbers).",2023-08-21 (registered 2023-08-31; in force 2023-09-04),https://lex.uz/docs/-6590070
5.2.1.,Ranitidin,"Uzbek, Latin script",,"List membership only - not a ranking, no counts. Asosiy dori vositalari roʻyxati (essential medicines list), Minister of Health Order No. 34 of 21.08.2023, Ministry of Justice reg. No. 3455 of 31.08.2023. Position is the row number the act itself prints, kept as printed (including its repeated and out-of-sequence numbers).",2023-08-21 (registered 2023-08-31; in force 2023-09-04),https://lex.uz/docs/-6590070
5.2.2.,Famotidin,"Uzbek, Latin script",,"List membership only - not a ranking, no counts. Asosiy dori vositalari roʻyxati (essential medicines list), Minister of Health Order No. 34 of 21.08.2023, Ministry of Justice reg. No. 3455 of 31.08.2023. Position is the row number the act itself prints, kept as printed (including its repeated and out-of-sequence numbers).",2023-08-21 (registered 2023-08-31; in force 2023-09-04),https://lex.uz/docs/-6590070
5.3.1.,Omeprazol,"Uzbek, Latin script",,"List membership only - not a ranking, no counts. Asosiy dori vositalari roʻyxati (essential medicines list), Minister of Health Order No. 34 of 21.08.2023, Ministry of Justice reg. No. 3455 of 31.08.2023. Position is the row number the act itself prints, kept as printed (including its repeated and out-of-sequence numbers).",2023-08-21 (registered 2023-08-31; in force 2023-09-04),https://lex.uz/docs/-6590070
5.3.2.,Pantoprozol,"Uzbek, Latin script",,"List membership only - not a ranking, no counts. Asosiy dori vositalari roʻyxati (essential medicines list), Minister of Health Order No. 34 of 21.08.2023, Ministry of Justice reg. No. 3455 of 31.08.2023. Position is the row number the act itself prints, kept as printed (including its repeated and out-of-sequence numbers).",2023-08-21 (registered 2023-08-31; in force 2023-09-04),https://lex.uz/docs/-6590070
5.4.1.,Aluminiy va magniy birikmalari,"Uzbek, Latin script",,"List membership only - not a ranking, no counts. Asosiy dori vositalari roʻyxati (essential medicines list), Minister of Health Order No. 34 of 21.08.2023, Ministry of Justice reg. No. 3455 of 31.08.2023. Position is the row number the act itself prints, kept as printed (including its repeated and out-of-sequence numbers).",2023-08-21 (registered 2023-08-31; in force 2023-09-04),https://lex.uz/docs/-6590070
5.5.1.,Laktuloza,"Uzbek, Latin script",,"List membership only - not a ranking, no counts. Asosiy dori vositalari roʻyxati (essential medicines list), Minister of Health Order No. 34 of 21.08.2023, Ministry of Justice reg. No. 3455 of 31.08.2023. Position is the row number the act itself prints, kept as printed (including its repeated and out-of-sequence numbers).",2023-08-21 (registered 2023-08-31; in force 2023-09-04),https://lex.uz/docs/-6590070
5.5.2.,Natriy fosfat + natriy difosfat,"Uzbek, Latin script",,"List membership only - not a ranking, no counts. Asosiy dori vositalari roʻyxati (essential medicines list), Minister of Health Order No. 34 of 21.08.2023, Ministry of Justice reg. No. 3455 of 31.08.2023. Position is the row number the act itself prints, kept as printed (including its repeated and out-of-sequence numbers).",2023-08-21 (registered 2023-08-31; in force 2023-09-04),https://lex.uz/docs/-6590070
5.6.1.,Loperamid gidroxlorid,"Uzbek, Latin script",,"List membership only - not a ranking, no counts. Asosiy dori vositalari roʻyxati (essential medicines list), Minister of Health Order No. 34 of 21.08.2023, Ministry of Justice reg. No. 3455 of 31.08.2023. Position is the row number the act itself prints, kept as printed (including its repeated and out-of-sequence numbers).",2023-08-21 (registered 2023-08-31; in force 2023-09-04),https://lex.uz/docs/-6590070
5.6.2.,Rux sulfati,"Uzbek, Latin script",,"List membership only - not a ranking, no counts. Asosiy dori vositalari roʻyxati (essential medicines list), Minister of Health Order No. 34 of 21.08.2023, Ministry of Justice reg. No. 3455 of 31.08.2023. Position is the row number the act itself prints, kept as printed (including its repeated and out-of-sequence numbers).",2023-08-21 (registered 2023-08-31; in force 2023-09-04),https://lex.uz/docs/-6590070
5.7.1.,Saxaromitset bulardi (Saccharomyces boulardii),"Uzbek, Latin script",,"List membership only - not a ranking, no counts. Asosiy dori vositalari roʻyxati (essential medicines list), Minister of Health Order No. 34 of 21.08.2023, Ministry of Justice reg. No. 3455 of 31.08.2023. Position is the row number the act itself prints, kept as printed (including its repeated and out-of-sequence numbers).",2023-08-21 (registered 2023-08-31; in force 2023-09-04),https://lex.uz/docs/-6590070
6.1.1.,Salbutamol,"Uzbek, Latin script",,"List membership only - not a ranking, no counts. Asosiy dori vositalari roʻyxati (essential medicines list), Minister of Health Order No. 34 of 21.08.2023, Ministry of Justice reg. No. 3455 of 31.08.2023. Position is the row number the act itself prints, kept as printed (including its repeated and out-of-sequence numbers).",2023-08-21 (registered 2023-08-31; in force 2023-09-04),https://lex.uz/docs/-6590070
6.1.2.,Fenoterol + Ipratropiy bromid,"Uzbek, Latin script",,"List membership only - not a ranking, no counts. Asosiy dori vositalari roʻyxati (essential medicines list), Minister of Health Order No. 34 of 21.08.2023, Ministry of Justice reg. No. 3455 of 31.08.2023. Position is the row number the act itself prints, kept as printed (including its repeated and out-of-sequence numbers).",2023-08-21 (registered 2023-08-31; in force 2023-09-04),https://lex.uz/docs/-6590070
6.1.3.,Formoterol + beklametazon,"Uzbek, Latin script",,"List membership only - not a ranking, no counts. Asosiy dori vositalari roʻyxati (essential medicines list), Minister of Health Order No. 34 of 21.08.2023, Ministry of Justice reg. No. 3455 of 31.08.2023. Position is the row number the act itself prints, kept as printed (including its repeated and out-of-sequence numbers).",2023-08-21 (registered 2023-08-31; in force 2023-09-04),https://lex.uz/docs/-6590070
6.1.4.,Ipratropiy bromid,"Uzbek, Latin script",,"List membership only - not a ranking, no counts. Asosiy dori vositalari roʻyxati (essential medicines list), Minister of Health Order No. 34 of 21.08.2023, Ministry of Justice reg. No. 3455 of 31.08.2023. Position is the row number the act itself prints, kept as printed (including its repeated and out-of-sequence numbers).",2023-08-21 (registered 2023-08-31; in force 2023-09-04),https://lex.uz/docs/-6590070
6.1.5.,Tiotropiy bromid,"Uzbek, Latin script",,"List membership only - not a ranking, no counts. Asosiy dori vositalari roʻyxati (essential medicines list), Minister of Health Order No. 34 of 21.08.2023, Ministry of Justice reg. No. 3455 of 31.08.2023. Position is the row number the act itself prints, kept as printed (including its repeated and out-of-sequence numbers).",2023-08-21 (registered 2023-08-31; in force 2023-09-04),https://lex.uz/docs/-6590070
6.1.6.,Formoterol,"Uzbek, Latin script",,"List membership only - not a ranking, no counts. Asosiy dori vositalari roʻyxati (essential medicines list), Minister of Health Order No. 34 of 21.08.2023, Ministry of Justice reg. No. 3455 of 31.08.2023. Position is the row number the act itself prints, kept as printed (including its repeated and out-of-sequence numbers).",2023-08-21 (registered 2023-08-31; in force 2023-09-04),https://lex.uz/docs/-6590070
6.1.7.,Budesonid + Formoterol,"Uzbek, Latin script",,"List membership only - not a ranking, no counts. Asosiy dori vositalari roʻyxati (essential medicines list), Minister of Health Order No. 34 of 21.08.2023, Ministry of Justice reg. No. 3455 of 31.08.2023. Position is the row number the act itself prints, kept as printed (including its repeated and out-of-sequence numbers).",2023-08-21 (registered 2023-08-31; in force 2023-09-04),https://lex.uz/docs/-6590070
6.1.8.,Doksofillin,"Uzbek, Latin script",,"List membership only - not a ranking, no counts. Asosiy dori vositalari roʻyxati (essential medicines list), Minister of Health Order No. 34 of 21.08.2023, Ministry of Justice reg. No. 3455 of 31.08.2023. Position is the row number the act itself prints, kept as printed (including its repeated and out-of-sequence numbers).",2023-08-21 (registered 2023-08-31; in force 2023-09-04),https://lex.uz/docs/-6590070
7.1.,Metiletilpiridinol,"Uzbek, Latin script",,"List membership only - not a ranking, no counts. Asosiy dori vositalari roʻyxati (essential medicines list), Minister of Health Order No. 34 of 21.08.2023, Ministry of Justice reg. No. 3455 of 31.08.2023. Position is the row number the act itself prints, kept as printed (including its repeated and out-of-sequence numbers).",2023-08-21 (registered 2023-08-31; in force 2023-09-04),https://lex.uz/docs/-6590070
7.2.1.,Timolol,"Uzbek, Latin script",,"List membership only - not a ranking, no counts. Asosiy dori vositalari roʻyxati (essential medicines list), Minister of Health Order No. 34 of 21.08.2023, Ministry of Justice reg. No. 3455 of 31.08.2023. Position is the row number the act itself prints, kept as printed (including its repeated and out-of-sequence numbers).",2023-08-21 (registered 2023-08-31; in force 2023-09-04),https://lex.uz/docs/-6590070
7.3.1.,Taurin,"Uzbek, Latin script",,"List membership only - not a ranking, no counts. Asosiy dori vositalari roʻyxati (essential medicines list), Minister of Health Order No. 34 of 21.08.2023, Ministry of Justice reg. No. 3455 of 31.08.2023. Position is the row number the act itself prints, kept as printed (including its repeated and out-of-sequence numbers).",2023-08-21 (registered 2023-08-31; in force 2023-09-04),https://lex.uz/docs/-6590070
7.4.1.,Tropikamid,"Uzbek, Latin script",,"List membership only - not a ranking, no counts. Asosiy dori vositalari roʻyxati (essential medicines list), Minister of Health Order No. 34 of 21.08.2023, Ministry of Justice reg. No. 3455 of 31.08.2023. Position is the row number the act itself prints, kept as printed (including its repeated and out-of-sequence numbers).",2023-08-21 (registered 2023-08-31; in force 2023-09-04),https://lex.uz/docs/-6590070
7.4.2.,Tropikamid + fenilefrin gidroxlorid,"Uzbek, Latin script",,"List membership only - not a ranking, no counts. Asosiy dori vositalari roʻyxati (essential medicines list), Minister of Health Order No. 34 of 21.08.2023, Ministry of Justice reg. No. 3455 of 31.08.2023. Position is the row number the act itself prints, kept as printed (including its repeated and out-of-sequence numbers).",2023-08-21 (registered 2023-08-31; in force 2023-09-04),https://lex.uz/docs/-6590070
7.5.1.,Brolutsizumab,"Uzbek, Latin script",,"List membership only - not a ranking, no counts. Asosiy dori vositalari roʻyxati (essential medicines list), Minister of Health Order No. 34 of 21.08.2023, Ministry of Justice reg. No. 3455 of 31.08.2023. Position is the row number the act itself prints, kept as printed (including its repeated and out-of-sequence numbers).",2023-08-21 (registered 2023-08-31; in force 2023-09-04),https://lex.uz/docs/-6590070
8.1.,Difengidramin,"Uzbek, Latin script",,"List membership only - not a ranking, no counts. Asosiy dori vositalari roʻyxati (essential medicines list), Minister of Health Order No. 34 of 21.08.2023, Ministry of Justice reg. No. 3455 of 31.08.2023. Position is the row number the act itself prints, kept as printed (including its repeated and out-of-sequence numbers).",2023-08-21 (registered 2023-08-31; in force 2023-09-04),https://lex.uz/docs/-6590070
8.2.,Setirizin,"Uzbek, Latin script",,"List membership only - not a ranking, no counts. Asosiy dori vositalari roʻyxati (essential medicines list), Minister of Health Order No. 34 of 21.08.2023, Ministry of Justice reg. No. 3455 of 31.08.2023. Position is the row number the act itself prints, kept as printed (including its repeated and out-of-sequence numbers).",2023-08-21 (registered 2023-08-31; in force 2023-09-04),https://lex.uz/docs/-6590070
8.3.,Levotsetirizin,"Uzbek, Latin script",,"List membership only - not a ranking, no counts. Asosiy dori vositalari roʻyxati (essential medicines list), Minister of Health Order No. 34 of 21.08.2023, Ministry of Justice reg. No. 3455 of 31.08.2023. Position is the row number the act itself prints, kept as printed (including its repeated and out-of-sequence numbers).",2023-08-21 (registered 2023-08-31; in force 2023-09-04),https://lex.uz/docs/-6590070
8.4.,Dezloratadin,"Uzbek, Latin script",,"List membership only - not a ranking, no counts. Asosiy dori vositalari roʻyxati (essential medicines list), Minister of Health Order No. 34 of 21.08.2023, Ministry of Justice reg. No. 3455 of 31.08.2023. Position is the row number the act itself prints, kept as printed (including its repeated and out-of-sequence numbers).",2023-08-21 (registered 2023-08-31; in force 2023-09-04),https://lex.uz/docs/-6590070
9.1.1.,Lidokain,"Uzbek, Latin script",,"List membership only - not a ranking, no counts. Asosiy dori vositalari roʻyxati (essential medicines list), Minister of Health Order No. 34 of 21.08.2023, Ministry of Justice reg. No. 3455 of 31.08.2023. Position is the row number the act itself prints, kept as printed (including its repeated and out-of-sequence numbers).",2023-08-21 (registered 2023-08-31; in force 2023-09-04),https://lex.uz/docs/-6590070
9.1.2.,Prokain,"Uzbek, Latin script",,"List membership only - not a ranking, no counts. Asosiy dori vositalari roʻyxati (essential medicines list), Minister of Health Order No. 34 of 21.08.2023, Ministry of Justice reg. No. 3455 of 31.08.2023. Position is the row number the act itself prints, kept as printed (including its repeated and out-of-sequence numbers).",2023-08-21 (registered 2023-08-31; in force 2023-09-04),https://lex.uz/docs/-6590070
9.1.3.,Tetrakain,"Uzbek, Latin script",,"List membership only - not a ranking, no counts. Asosiy dori vositalari roʻyxati (essential medicines list), Minister of Health Order No. 34 of 21.08.2023, Ministry of Justice reg. No. 3455 of 31.08.2023. Position is the row number the act itself prints, kept as printed (including its repeated and out-of-sequence numbers).",2023-08-21 (registered 2023-08-31; in force 2023-09-04),https://lex.uz/docs/-6590070
9.1.4.,Proksimetakain,"Uzbek, Latin script",,"List membership only - not a ranking, no counts. Asosiy dori vositalari roʻyxati (essential medicines list), Minister of Health Order No. 34 of 21.08.2023, Ministry of Justice reg. No. 3455 of 31.08.2023. Position is the row number the act itself prints, kept as printed (including its repeated and out-of-sequence numbers).",2023-08-21 (registered 2023-08-31; in force 2023-09-04),https://lex.uz/docs/-6590070
9.1.5.,Bupivakain,"Uzbek, Latin script",,"List membership only - not a ranking, no counts. Asosiy dori vositalari roʻyxati (essential medicines list), Minister of Health Order No. 34 of 21.08.2023, Ministry of Justice reg. No. 3455 of 31.08.2023. Position is the row number the act itself prints, kept as printed (including its repeated and out-of-sequence numbers).",2023-08-21 (registered 2023-08-31; in force 2023-09-04),https://lex.uz/docs/-6590070
10.1.,Ambroksol,"Uzbek, Latin script",,"List membership only - not a ranking, no counts. Asosiy dori vositalari roʻyxati (essential medicines list), Minister of Health Order No. 34 of 21.08.2023, Ministry of Justice reg. No. 3455 of 31.08.2023. Position is the row number the act itself prints, kept as printed (including its repeated and out-of-sequence numbers).",2023-08-21 (registered 2023-08-31; in force 2023-09-04),https://lex.uz/docs/-6590070
10.2.,Atsetilsistein,"Uzbek, Latin script",,"List membership only - not a ranking, no counts. Asosiy dori vositalari roʻyxati (essential medicines list), Minister of Health Order No. 34 of 21.08.2023, Ministry of Justice reg. No. 3455 of 31.08.2023. Position is the row number the act itself prints, kept as printed (including its repeated and out-of-sequence numbers).",2023-08-21 (registered 2023-08-31; in force 2023-09-04),https://lex.uz/docs/-6590070
10.3.1.,Butamirat,"Uzbek, Latin script",,"List membership only - not a ranking, no counts. Asosiy dori vositalari roʻyxati (essential medicines list), Minister of Health Order No. 34 of 21.08.2023, Ministry of Justice reg. No. 3455 of 31.08.2023. Position is the row number the act itself prints, kept as printed (including its repeated and out-of-sequence numbers).",2023-08-21 (registered 2023-08-31; in force 2023-09-04),https://lex.uz/docs/-6590070
10.4.1.,Montelukast natriy,"Uzbek, Latin script",,"List membership only - not a ranking, no counts. Asosiy dori vositalari roʻyxati (essential medicines list), Minister of Health Order No. 34 of 21.08.2023, Ministry of Justice reg. No. 3455 of 31.08.2023. Position is the row number the act itself prints, kept as printed (including its repeated and out-of-sequence numbers).",2023-08-21 (registered 2023-08-31; in force 2023-09-04),https://lex.uz/docs/-6590070
11.1.1.,Trimetazidin,"Uzbek, Latin script",,"List membership only - not a ranking, no counts. Asosiy dori vositalari roʻyxati (essential medicines list), Minister of Health Order No. 34 of 21.08.2023, Ministry of Justice reg. No. 3455 of 31.08.2023. Position is the row number the act itself prints, kept as printed (including its repeated and out-of-sequence numbers).",2023-08-21 (registered 2023-08-31; in force 2023-09-04),https://lex.uz/docs/-6590070
11.2.1.,Propafenon,"Uzbek, Latin script",,"List membership only - not a ranking, no counts. Asosiy dori vositalari roʻyxati (essential medicines list), Minister of Health Order No. 34 of 21.08.2023, Ministry of Justice reg. No. 3455 of 31.08.2023. Position is the row number the act itself prints, kept as printed (including its repeated and out-of-sequence numbers).",2023-08-21 (registered 2023-08-31; in force 2023-09-04),https://lex.uz/docs/-6590070
11.2.2.,Allapinin,"Uzbek, Latin script",,"List membership only - not a ranking, no counts. Asosiy dori vositalari roʻyxati (essential medicines list), Minister of Health Order No. 34 of 21.08.2023, Ministry of Justice reg. No. 3455 of 31.08.2023. Position is the row number the act itself prints, kept as printed (including its repeated and out-of-sequence numbers).",2023-08-21 (registered 2023-08-31; in force 2023-09-04),https://lex.uz/docs/-6590070
11.2.3.,Amiodaron,"Uzbek, Latin script",,"List membership only - not a ranking, no counts. Asosiy dori vositalari roʻyxati (essential medicines list), Minister of Health Order No. 34 of 21.08.2023, Ministry of Justice reg. No. 3455 of 31.08.2023. Position is the row number the act itself prints, kept as printed (including its repeated and out-of-sequence numbers).",2023-08-21 (registered 2023-08-31; in force 2023-09-04),https://lex.uz/docs/-6590070
11.2.4.,Verapamil,"Uzbek, Latin script",,"List membership only - not a ranking, no counts. Asosiy dori vositalari roʻyxati (essential medicines list), Minister of Health Order No. 34 of 21.08.2023, Ministry of Justice reg. No. 3455 of 31.08.2023. Position is the row number the act itself prints, kept as printed (including its repeated and out-of-sequence numbers).",2023-08-21 (registered 2023-08-31; in force 2023-09-04),https://lex.uz/docs/-6590070
11.3.1.,Nitroglitserin va uning taʼsiri uzaytirilgan preparatlari,"Uzbek, Latin script",,"List membership only - not a ranking, no counts. Asosiy dori vositalari roʻyxati (essential medicines list), Minister of Health Order No. 34 of 21.08.2023, Ministry of Justice reg. No. 3455 of 31.08.2023. Position is the row number the act itself prints, kept as printed (including its repeated and out-of-sequence numbers).",2023-08-21 (registered 2023-08-31; in force 2023-09-04),https://lex.uz/docs/-6590070
11.3.2.,Izosorbid mononitrat,"Uzbek, Latin script",,"List membership only - not a ranking, no counts. Asosiy dori vositalari roʻyxati (essential medicines list), Minister of Health Order No. 34 of 21.08.2023, Ministry of Justice reg. No. 3455 of 31.08.2023. Position is the row number the act itself prints, kept as printed (including its repeated and out-of-sequence numbers).",2023-08-21 (registered 2023-08-31; in force 2023-09-04),https://lex.uz/docs/-6590070
11.3.3.,Izosorbid dinitrat,"Uzbek, Latin script",,"List membership only - not a ranking, no counts. Asosiy dori vositalari roʻyxati (essential medicines list), Minister of Health Order No. 34 of 21.08.2023, Ministry of Justice reg. No. 3455 of 31.08.2023. Position is the row number the act itself prints, kept as printed (including its repeated and out-of-sequence numbers).",2023-08-21 (registered 2023-08-31; in force 2023-09-04),https://lex.uz/docs/-6590070
11.4.1.,Atorvastatin,"Uzbek, Latin script",,"List membership only - not a ranking, no counts. Asosiy dori vositalari roʻyxati (essential medicines list), Minister of Health Order No. 34 of 21.08.2023, Ministry of Justice reg. No. 3455 of 31.08.2023. Position is the row number the act itself prints, kept as printed (including its repeated and out-of-sequence numbers).",2023-08-21 (registered 2023-08-31; in force 2023-09-04),https://lex.uz/docs/-6590070
11.4.2.,Rozuvastatin,"Uzbek, Latin script",,"List membership only - not a ranking, no counts. Asosiy dori vositalari roʻyxati (essential medicines list), Minister of Health Order No. 34 of 21.08.2023, Ministry of Justice reg. No. 3455 of 31.08.2023. Position is the row number the act itself prints, kept as printed (including its repeated and out-of-sequence numbers).",2023-08-21 (registered 2023-08-31; in force 2023-09-04),https://lex.uz/docs/-6590070
11.5.1.,Dipiridamol,"Uzbek, Latin script",,"List membership only - not a ranking, no counts. Asosiy dori vositalari roʻyxati (essential medicines list), Minister of Health Order No. 34 of 21.08.2023, Ministry of Justice reg. No. 3455 of 31.08.2023. Position is the row number the act itself prints, kept as printed (including its repeated and out-of-sequence numbers).",2023-08-21 (registered 2023-08-31; in force 2023-09-04),https://lex.uz/docs/-6590070
11.5.2.,Klopidogrel,"Uzbek, Latin script",,"List membership only - not a ranking, no counts. Asosiy dori vositalari roʻyxati (essential medicines list), Minister of Health Order No. 34 of 21.08.2023, Ministry of Justice reg. No. 3455 of 31.08.2023. Position is the row number the act itself prints, kept as printed (including its repeated and out-of-sequence numbers).",2023-08-21 (registered 2023-08-31; in force 2023-09-04),https://lex.uz/docs/-6590070
11.5.3.,Tikagrelor,"Uzbek, Latin script",,"List membership only - not a ranking, no counts. Asosiy dori vositalari roʻyxati (essential medicines list), Minister of Health Order No. 34 of 21.08.2023, Ministry of Justice reg. No. 3455 of 31.08.2023. Position is the row number the act itself prints, kept as printed (including its repeated and out-of-sequence numbers).",2023-08-21 (registered 2023-08-31; in force 2023-09-04),https://lex.uz/docs/-6590070
11.5.4.,Atsetilsalitsil kislotasi,"Uzbek, Latin script",,"List membership only - not a ranking, no counts. Asosiy dori vositalari roʻyxati (essential medicines list), Minister of Health Order No. 34 of 21.08.2023, Ministry of Justice reg. No. 3455 of 31.08.2023. Position is the row number the act itself prints, kept as printed (including its repeated and out-of-sequence numbers).",2023-08-21 (registered 2023-08-31; in force 2023-09-04),https://lex.uz/docs/-6590070
11.6.1.,Propranolol,"Uzbek, Latin script",,"List membership only - not a ranking, no counts. Asosiy dori vositalari roʻyxati (essential medicines list), Minister of Health Order No. 34 of 21.08.2023, Ministry of Justice reg. No. 3455 of 31.08.2023. Position is the row number the act itself prints, kept as printed (including its repeated and out-of-sequence numbers).",2023-08-21 (registered 2023-08-31; in force 2023-09-04),https://lex.uz/docs/-6590070
11.6.2.,Karvedilol,"Uzbek, Latin script",,"List membership only - not a ranking, no counts. Asosiy dori vositalari roʻyxati (essential medicines list), Minister of Health Order No. 34 of 21.08.2023, Ministry of Justice reg. No. 3455 of 31.08.2023. Position is the row number the act itself prints, kept as printed (including its repeated and out-of-sequence numbers).",2023-08-21 (registered 2023-08-31; in force 2023-09-04),https://lex.uz/docs/-6590070
11.7.1.,Nebivolol,"Uzbek, Latin script",,"List membership only - not a ranking, no counts. Asosiy dori vositalari roʻyxati (essential medicines list), Minister of Health Order No. 34 of 21.08.2023, Ministry of Justice reg. No. 3455 of 31.08.2023. Position is the row number the act itself prints, kept as printed (including its repeated and out-of-sequence numbers).",2023-08-21 (registered 2023-08-31; in force 2023-09-04),https://lex.uz/docs/-6590070
11.7.2.,Bisoprolol,"Uzbek, Latin script",,"List membership only - not a ranking, no counts. Asosiy dori vositalari roʻyxati (essential medicines list), Minister of Health Order No. 34 of 21.08.2023, Ministry of Justice reg. No. 3455 of 31.08.2023. Position is the row number the act itself prints, kept as printed (including its repeated and out-of-sequence numbers).",2023-08-21 (registered 2023-08-31; in force 2023-09-04),https://lex.uz/docs/-6590070
11.7.3.,Esmolol gidroxlorid,"Uzbek, Latin script",,"List membership only - not a ranking, no counts. Asosiy dori vositalari roʻyxati (essential medicines list), Minister of Health Order No. 34 of 21.08.2023, Ministry of Justice reg. No. 3455 of 31.08.2023. Position is the row number the act itself prints, kept as printed (including its repeated and out-of-sequence numbers).",2023-08-21 (registered 2023-08-31; in force 2023-09-04),https://lex.uz/docs/-6590070
11.7.4.,Metoprolol suksinat,"Uzbek, Latin script",,"List membership only - not a ranking, no counts. Asosiy dori vositalari roʻyxati (essential medicines list), Minister of Health Order No. 34 of 21.08.2023, Ministry of Justice reg. No. 3455 of 31.08.2023. Position is the row number the act itself prints, kept as printed (including its repeated and out-of-sequence numbers).",2023-08-21 (registered 2023-08-31; in force 2023-09-04),https://lex.uz/docs/-6590070
11.8.1.,Tamsulozin,"Uzbek, Latin script",,"List membership only - not a ranking, no counts. Asosiy dori vositalari roʻyxati (essential medicines list), Minister of Health Order No. 34 of 21.08.2023, Ministry of Justice reg. No. 3455 of 31.08.2023. Position is the row number the act itself prints, kept as printed (including its repeated and out-of-sequence numbers).",2023-08-21 (registered 2023-08-31; in force 2023-09-04),https://lex.uz/docs/-6590070
11.9.1.,Finasterid,"Uzbek, Latin script",,"List membership only - not a ranking, no counts. Asosiy dori vositalari roʻyxati (essential medicines list), Minister of Health Order No. 34 of 21.08.2023, Ministry of Justice reg. No. 3455 of 31.08.2023. Position is the row number the act itself prints, kept as printed (including its repeated and out-of-sequence numbers).",2023-08-21 (registered 2023-08-31; in force 2023-09-04),https://lex.uz/docs/-6590070
11.10.1.,Digoksin,"Uzbek, Latin script",,"List membership only - not a ranking, no counts. Asosiy dori vositalari roʻyxati (essential medicines list), Minister of Health Order No. 34 of 21.08.2023, Ministry of Justice reg. No. 3455 of 31.08.2023. Position is the row number the act itself prints, kept as printed (including its repeated and out-of-sequence numbers).",2023-08-21 (registered 2023-08-31; in force 2023-09-04),https://lex.uz/docs/-6590070
11.11.1.,Korvalol,"Uzbek, Latin script",,"List membership only - not a ranking, no counts. Asosiy dori vositalari roʻyxati (essential medicines list), Minister of Health Order No. 34 of 21.08.2023, Ministry of Justice reg. No. 3455 of 31.08.2023. Position is the row number the act itself prints, kept as printed (including its repeated and out-of-sequence numbers).",2023-08-21 (registered 2023-08-31; in force 2023-09-04),https://lex.uz/docs/-6590070
12.1.1.,Amlodipin,"Uzbek, Latin script",,"List membership only - not a ranking, no counts. Asosiy dori vositalari roʻyxati (essential medicines list), Minister of Health Order No. 34 of 21.08.2023, Ministry of Justice reg. No. 3455 of 31.08.2023. Position is the row number the act itself prints, kept as printed (including its repeated and out-of-sequence numbers).",2023-08-21 (registered 2023-08-31; in force 2023-09-04),https://lex.uz/docs/-6590070
12.1.2.,Nifedipin,"Uzbek, Latin script",,"List membership only - not a ranking, no counts. Asosiy dori vositalari roʻyxati (essential medicines list), Minister of Health Order No. 34 of 21.08.2023, Ministry of Justice reg. No. 3455 of 31.08.2023. Position is the row number the act itself prints, kept as printed (including its repeated and out-of-sequence numbers).",2023-08-21 (registered 2023-08-31; in force 2023-09-04),https://lex.uz/docs/-6590070
12.1.3.,Nimodipin,"Uzbek, Latin script",,"List membership only - not a ranking, no counts. Asosiy dori vositalari roʻyxati (essential medicines list), Minister of Health Order No. 34 of 21.08.2023, Ministry of Justice reg. No. 3455 of 31.08.2023. Position is the row number the act itself prints, kept as printed (including its repeated and out-of-sequence numbers).",2023-08-21 (registered 2023-08-31; in force 2023-09-04),https://lex.uz/docs/-6590070
12.2.1.,Enalapril maleat,"Uzbek, Latin script",,"List membership only - not a ranking, no counts. Asosiy dori vositalari roʻyxati (essential medicines list), Minister of Health Order No. 34 of 21.08.2023, Ministry of Justice reg. No. 3455 of 31.08.2023. Position is the row number the act itself prints, kept as printed (including its repeated and out-of-sequence numbers).",2023-08-21 (registered 2023-08-31; in force 2023-09-04),https://lex.uz/docs/-6590070
12.2.2.,Lizinopril,"Uzbek, Latin script",,"List membership only - not a ranking, no counts. Asosiy dori vositalari roʻyxati (essential medicines list), Minister of Health Order No. 34 of 21.08.2023, Ministry of Justice reg. No. 3455 of 31.08.2023. Position is the row number the act itself prints, kept as printed (including its repeated and out-of-sequence numbers).",2023-08-21 (registered 2023-08-31; in force 2023-09-04),https://lex.uz/docs/-6590070
12.2.3.,Perindopril arginin,"Uzbek, Latin script",,"List membership only - not a ranking, no counts. Asosiy dori vositalari roʻyxati (essential medicines list), Minister of Health Order No. 34 of 21.08.2023, Ministry of Justice reg. No. 3455 of 31.08.2023. Position is the row number the act itself prints, kept as printed (including its repeated and out-of-sequence numbers).",2023-08-21 (registered 2023-08-31; in force 2023-09-04),https://lex.uz/docs/-6590070
12.2.4.,Kaptopril,"Uzbek, Latin script",,"List membership only - not a ranking, no counts. Asosiy dori vositalari roʻyxati (essential medicines list), Minister of Health Order No. 34 of 21.08.2023, Ministry of Justice reg. No. 3455 of 31.08.2023. Position is the row number the act itself prints, kept as printed (including its repeated and out-of-sequence numbers).",2023-08-21 (registered 2023-08-31; in force 2023-09-04),https://lex.uz/docs/-6590070
12.3.1.,Valsartan,"Uzbek, Latin script",,"List membership only - not a ranking, no counts. Asosiy dori vositalari roʻyxati (essential medicines list), Minister of Health Order No. 34 of 21.08.2023, Ministry of Justice reg. No. 3455 of 31.08.2023. Position is the row number the act itself prints, kept as printed (including its repeated and out-of-sequence numbers).",2023-08-21 (registered 2023-08-31; in force 2023-09-04),https://lex.uz/docs/-6590070
12.3.2.,Lozartan,"Uzbek, Latin script",,"List membership only - not a ranking, no counts. Asosiy dori vositalari roʻyxati (essential medicines list), Minister of Health Order No. 34 of 21.08.2023, Ministry of Justice reg. No. 3455 of 31.08.2023. Position is the row number the act itself prints, kept as printed (including its repeated and out-of-sequence numbers).",2023-08-21 (registered 2023-08-31; in force 2023-09-04),https://lex.uz/docs/-6590070
12.4.1.,Klonidin,"Uzbek, Latin script",,"List membership only - not a ranking, no counts. Asosiy dori vositalari roʻyxati (essential medicines list), Minister of Health Order No. 34 of 21.08.2023, Ministry of Justice reg. No. 3455 of 31.08.2023. Position is the row number the act itself prints, kept as printed (including its repeated and out-of-sequence numbers).",2023-08-21 (registered 2023-08-31; in force 2023-09-04),https://lex.uz/docs/-6590070
12.5.1.,Magniy sulfat,"Uzbek, Latin script",,"List membership only - not a ranking, no counts. Asosiy dori vositalari roʻyxati (essential medicines list), Minister of Health Order No. 34 of 21.08.2023, Ministry of Justice reg. No. 3455 of 31.08.2023. Position is the row number the act itself prints, kept as printed (including its repeated and out-of-sequence numbers).",2023-08-21 (registered 2023-08-31; in force 2023-09-04),https://lex.uz/docs/-6590070
12.6.1.,Fenilefrin,"Uzbek, Latin script",,"List membership only - not a ranking, no counts. Asosiy dori vositalari roʻyxati (essential medicines list), Minister of Health Order No. 34 of 21.08.2023, Ministry of Justice reg. No. 3455 of 31.08.2023. Position is the row number the act itself prints, kept as printed (including its repeated and out-of-sequence numbers).",2023-08-21 (registered 2023-08-31; in force 2023-09-04),https://lex.uz/docs/-6590070
12.6.2.,Epinefrin,"Uzbek, Latin script",,"List membership only - not a ranking, no counts. Asosiy dori vositalari roʻyxati (essential medicines list), Minister of Health Order No. 34 of 21.08.2023, Ministry of Justice reg. No. 3455 of 31.08.2023. Position is the row number the act itself prints, kept as printed (including its repeated and out-of-sequence numbers).",2023-08-21 (registered 2023-08-31; in force 2023-09-04),https://lex.uz/docs/-6590070
12.6.3.,Norepinefrin,"Uzbek, Latin script",,"List membership only - not a ranking, no counts. Asosiy dori vositalari roʻyxati (essential medicines list), Minister of Health Order No. 34 of 21.08.2023, Ministry of Justice reg. No. 3455 of 31.08.2023. Position is the row number the act itself prints, kept as printed (including its repeated and out-of-sequence numbers).",2023-08-21 (registered 2023-08-31; in force 2023-09-04),https://lex.uz/docs/-6590070
12.7.1,Sakubitril + valsartan,"Uzbek, Latin script",,"List membership only - not a ranking, no counts. Asosiy dori vositalari roʻyxati (essential medicines list), Minister of Health Order No. 34 of 21.08.2023, Ministry of Justice reg. No. 3455 of 31.08.2023. Position is the row number the act itself prints, kept as printed (including its repeated and out-of-sequence numbers).",2023-08-21 (registered 2023-08-31; in force 2023-09-04),https://lex.uz/docs/-6590070
13.1.,Dopamin,"Uzbek, Latin script",,"List membership only - not a ranking, no counts. Asosiy dori vositalari roʻyxati (essential medicines list), Minister of Health Order No. 34 of 21.08.2023, Ministry of Justice reg. No. 3455 of 31.08.2023. Position is the row number the act itself prints, kept as printed (including its repeated and out-of-sequence numbers).",2023-08-21 (registered 2023-08-31; in force 2023-09-04),https://lex.uz/docs/-6590070
13.2.,Bromokriptin,"Uzbek, Latin script",,"List membership only - not a ranking, no counts. Asosiy dori vositalari roʻyxati (essential medicines list), Minister of Health Order No. 34 of 21.08.2023, Ministry of Justice reg. No. 3455 of 31.08.2023. Position is the row number the act itself prints, kept as printed (including its repeated and out-of-sequence numbers).",2023-08-21 (registered 2023-08-31; in force 2023-09-04),https://lex.uz/docs/-6590070
13.3.1.,Vinpotsetin,"Uzbek, Latin script",,"List membership only - not a ranking, no counts. Asosiy dori vositalari roʻyxati (essential medicines list), Minister of Health Order No. 34 of 21.08.2023, Ministry of Justice reg. No. 3455 of 31.08.2023. Position is the row number the act itself prints, kept as printed (including its repeated and out-of-sequence numbers).",2023-08-21 (registered 2023-08-31; in force 2023-09-04),https://lex.uz/docs/-6590070
13.4.1.,L-lizin essinat,"Uzbek, Latin script",,"List membership only - not a ranking, no counts. Asosiy dori vositalari roʻyxati (essential medicines list), Minister of Health Order No. 34 of 21.08.2023, Ministry of Justice reg. No. 3455 of 31.08.2023. Position is the row number the act itself prints, kept as printed (including its repeated and out-of-sequence numbers).",2023-08-21 (registered 2023-08-31; in force 2023-09-04),https://lex.uz/docs/-6590070
13.4.2.,Pentoksifillin,"Uzbek, Latin script",,"List membership only - not a ranking, no counts. Asosiy dori vositalari roʻyxati (essential medicines list), Minister of Health Order No. 34 of 21.08.2023, Ministry of Justice reg. No. 3455 of 31.08.2023. Position is the row number the act itself prints, kept as printed (including its repeated and out-of-sequence numbers).",2023-08-21 (registered 2023-08-31; in force 2023-09-04),https://lex.uz/docs/-6590070
13.5.1.,Buzoq qonining deproteinlashtirilgan gemoderivati,"Uzbek, Latin script",,"List membership only - not a ranking, no counts. Asosiy dori vositalari roʻyxati (essential medicines list), Minister of Health Order No. 34 of 21.08.2023, Ministry of Justice reg. No. 3455 of 31.08.2023. Position is the row number the act itself prints, kept as printed (including its repeated and out-of-sequence numbers).",2023-08-21 (registered 2023-08-31; in force 2023-09-04),https://lex.uz/docs/-6590070
13.5.2.,Tiotriazolin,"Uzbek, Latin script",,"List membership only - not a ranking, no counts. Asosiy dori vositalari roʻyxati (essential medicines list), Minister of Health Order No. 34 of 21.08.2023, Ministry of Justice reg. No. 3455 of 31.08.2023. Position is the row number the act itself prints, kept as printed (including its repeated and out-of-sequence numbers).",2023-08-21 (registered 2023-08-31; in force 2023-09-04),https://lex.uz/docs/-6590070
13.6.1.,Kaliy orotat,"Uzbek, Latin script",,"List membership only - not a ranking, no counts. Asosiy dori vositalari roʻyxati (essential medicines list), Minister of Health Order No. 34 of 21.08.2023, Ministry of Justice reg. No. 3455 of 31.08.2023. Position is the row number the act itself prints, kept as printed (including its repeated and out-of-sequence numbers).",2023-08-21 (registered 2023-08-31; in force 2023-09-04),https://lex.uz/docs/-6590070
13.6.2.,Kaliy xlorid,"Uzbek, Latin script",,"List membership only - not a ranking, no counts. Asosiy dori vositalari roʻyxati (essential medicines list), Minister of Health Order No. 34 of 21.08.2023, Ministry of Justice reg. No. 3455 of 31.08.2023. Position is the row number the act itself prints, kept as printed (including its repeated and out-of-sequence numbers).",2023-08-21 (registered 2023-08-31; in force 2023-09-04),https://lex.uz/docs/-6590070
13.6.3.,Levokarnitin,"Uzbek, Latin script",,"List membership only - not a ranking, no counts. Asosiy dori vositalari roʻyxati (essential medicines list), Minister of Health Order No. 34 of 21.08.2023, Ministry of Justice reg. No. 3455 of 31.08.2023. Position is the row number the act itself prints, kept as printed (including its repeated and out-of-sequence numbers).",2023-08-21 (registered 2023-08-31; in force 2023-09-04),https://lex.uz/docs/-6590070
13.6.4.,Adenozintrifosfat,"Uzbek, Latin script",,"List membership only - not a ranking, no counts. Asosiy dori vositalari roʻyxati (essential medicines list), Minister of Health Order No. 34 of 21.08.2023, Ministry of Justice reg. No. 3455 of 31.08.2023. Position is the row number the act itself prints, kept as printed (including its repeated and out-of-sequence numbers).",2023-08-21 (registered 2023-08-31; in force 2023-09-04),https://lex.uz/docs/-6590070
13.6.5.,Qahrabo kislotasi + meglumin + inozin + metionin + nikotinamid,"Uzbek, Latin script",,"List membership only - not a ranking, no counts. Asosiy dori vositalari roʻyxati (essential medicines list), Minister of Health Order No. 34 of 21.08.2023, Ministry of Justice reg. No. 3455 of 31.08.2023. Position is the row number the act itself prints, kept as printed (including its repeated and out-of-sequence numbers).",2023-08-21 (registered 2023-08-31; in force 2023-09-04),https://lex.uz/docs/-6590070
14.1.,Kislorod,"Uzbek, Latin script",,"List membership only - not a ranking, no counts. Asosiy dori vositalari roʻyxati (essential medicines list), Minister of Health Order No. 34 of 21.08.2023, Ministry of Justice reg. No. 3455 of 31.08.2023. Position is the row number the act itself prints, kept as printed (including its repeated and out-of-sequence numbers).",2023-08-21 (registered 2023-08-31; in force 2023-09-04),https://lex.uz/docs/-6590070
15.1.1.,Papaverin gidroxlorid,"Uzbek, Latin script",,"List membership only - not a ranking, no counts. Asosiy dori vositalari roʻyxati (essential medicines list), Minister of Health Order No. 34 of 21.08.2023, Ministry of Justice reg. No. 3455 of 31.08.2023. Position is the row number the act itself prints, kept as printed (including its repeated and out-of-sequence numbers).",2023-08-21 (registered 2023-08-31; in force 2023-09-04),https://lex.uz/docs/-6590070
15.1.2.,Drotaverin,"Uzbek, Latin script",,"List membership only - not a ranking, no counts. Asosiy dori vositalari roʻyxati (essential medicines list), Minister of Health Order No. 34 of 21.08.2023, Ministry of Justice reg. No. 3455 of 31.08.2023. Position is the row number the act itself prints, kept as printed (including its repeated and out-of-sequence numbers).",2023-08-21 (registered 2023-08-31; in force 2023-09-04),https://lex.uz/docs/-6590070
15.1.3.,Aminofillin,"Uzbek, Latin script",,"List membership only - not a ranking, no counts. Asosiy dori vositalari roʻyxati (essential medicines list), Minister of Health Order No. 34 of 21.08.2023, Ministry of Justice reg. No. 3455 of 31.08.2023. Position is the row number the act itself prints, kept as printed (including its repeated and out-of-sequence numbers).",2023-08-21 (registered 2023-08-31; in force 2023-09-04),https://lex.uz/docs/-6590070
15.1.4.,Bendazol,"Uzbek, Latin script",,"List membership only - not a ranking, no counts. Asosiy dori vositalari roʻyxati (essential medicines list), Minister of Health Order No. 34 of 21.08.2023, Ministry of Justice reg. No. 3455 of 31.08.2023. Position is the row number the act itself prints, kept as printed (including its repeated and out-of-sequence numbers).",2023-08-21 (registered 2023-08-31; in force 2023-09-04),https://lex.uz/docs/-6590070
15.1.5.,Teofillin,"Uzbek, Latin script",,"List membership only - not a ranking, no counts. Asosiy dori vositalari roʻyxati (essential medicines list), Minister of Health Order No. 34 of 21.08.2023, Ministry of Justice reg. No. 3455 of 31.08.2023. Position is the row number the act itself prints, kept as printed (including its repeated and out-of-sequence numbers).",2023-08-21 (registered 2023-08-31; in force 2023-09-04),https://lex.uz/docs/-6590070
16.1.1.,Geparin,"Uzbek, Latin script",,"List membership only - not a ranking, no counts. Asosiy dori vositalari roʻyxati (essential medicines list), Minister of Health Order No. 34 of 21.08.2023, Ministry of Justice reg. No. 3455 of 31.08.2023. Position is the row number the act itself prints, kept as printed (including its repeated and out-of-sequence numbers).",2023-08-21 (registered 2023-08-31; in force 2023-09-04),https://lex.uz/docs/-6590070
16.1.2.,Enoksaparin natriy,"Uzbek, Latin script",,"List membership only - not a ranking, no counts. Asosiy dori vositalari roʻyxati (essential medicines list), Minister of Health Order No. 34 of 21.08.2023, Ministry of Justice reg. No. 3455 of 31.08.2023. Position is the row number the act itself prints, kept as printed (including its repeated and out-of-sequence numbers).",2023-08-21 (registered 2023-08-31; in force 2023-09-04),https://lex.uz/docs/-6590070
16.1.3.,Varfarin,"Uzbek, Latin script",,"List membership only - not a ranking, no counts. Asosiy dori vositalari roʻyxati (essential medicines list), Minister of Health Order No. 34 of 21.08.2023, Ministry of Justice reg. No. 3455 of 31.08.2023. Position is the row number the act itself prints, kept as printed (including its repeated and out-of-sequence numbers).",2023-08-21 (registered 2023-08-31; in force 2023-09-04),https://lex.uz/docs/-6590070
16.1.4.,Apiksaban,"Uzbek, Latin script",,"List membership only - not a ranking, no counts. Asosiy dori vositalari roʻyxati (essential medicines list), Minister of Health Order No. 34 of 21.08.2023, Ministry of Justice reg. No. 3455 of 31.08.2023. Position is the row number the act itself prints, kept as printed (including its repeated and out-of-sequence numbers).",2023-08-21 (registered 2023-08-31; in force 2023-09-04),https://lex.uz/docs/-6590070
16.1.5.,Rivaroksaban,"Uzbek, Latin script",,"List membership only - not a ranking, no counts. Asosiy dori vositalari roʻyxati (essential medicines list), Minister of Health Order No. 34 of 21.08.2023, Ministry of Justice reg. No. 3455 of 31.08.2023. Position is the row number the act itself prints, kept as printed (including its repeated and out-of-sequence numbers).",2023-08-21 (registered 2023-08-31; in force 2023-09-04),https://lex.uz/docs/-6590070
16.2.1.,Streptokinaza,"Uzbek, Latin script",,"List membership only - not a ranking, no counts. Asosiy dori vositalari roʻyxati (essential medicines list), Minister of Health Order No. 34 of 21.08.2023, Ministry of Justice reg. No. 3455 of 31.08.2023. Position is the row number the act itself prints, kept as printed (including its repeated and out-of-sequence numbers).",2023-08-21 (registered 2023-08-31; in force 2023-09-04),https://lex.uz/docs/-6590070
16.2.2.,Alteplaza,"Uzbek, Latin script",,"List membership only - not a ranking, no counts. Asosiy dori vositalari roʻyxati (essential medicines list), Minister of Health Order No. 34 of 21.08.2023, Ministry of Justice reg. No. 3455 of 31.08.2023. Position is the row number the act itself prints, kept as printed (including its repeated and out-of-sequence numbers).",2023-08-21 (registered 2023-08-31; in force 2023-09-04),https://lex.uz/docs/-6590070
16.3.1.,Aminokapron kislotasi,"Uzbek, Latin script",,"List membership only - not a ranking, no counts. Asosiy dori vositalari roʻyxati (essential medicines list), Minister of Health Order No. 34 of 21.08.2023, Ministry of Justice reg. No. 3455 of 31.08.2023. Position is the row number the act itself prints, kept as printed (including its repeated and out-of-sequence numbers).",2023-08-21 (registered 2023-08-31; in force 2023-09-04),https://lex.uz/docs/-6590070
16.3.2.,Menadion natriy,"Uzbek, Latin script",,"List membership only - not a ranking, no counts. Asosiy dori vositalari roʻyxati (essential medicines list), Minister of Health Order No. 34 of 21.08.2023, Ministry of Justice reg. No. 3455 of 31.08.2023. Position is the row number the act itself prints, kept as printed (including its repeated and out-of-sequence numbers).",2023-08-21 (registered 2023-08-31; in force 2023-09-04),https://lex.uz/docs/-6590070
16.3.3.,Etamzilat,"Uzbek, Latin script",,"List membership only - not a ranking, no counts. Asosiy dori vositalari roʻyxati (essential medicines list), Minister of Health Order No. 34 of 21.08.2023, Ministry of Justice reg. No. 3455 of 31.08.2023. Position is the row number the act itself prints, kept as printed (including its repeated and out-of-sequence numbers).",2023-08-21 (registered 2023-08-31; in force 2023-09-04),https://lex.uz/docs/-6590070
16.3.4.,Traneksam kislotasi,"Uzbek, Latin script",,"List membership only - not a ranking, no counts. Asosiy dori vositalari roʻyxati (essential medicines list), Minister of Health Order No. 34 of 21.08.2023, Ministry of Justice reg. No. 3455 of 31.08.2023. Position is the row number the act itself prints, kept as printed (including its repeated and out-of-sequence numbers).",2023-08-21 (registered 2023-08-31; in force 2023-09-04),https://lex.uz/docs/-6590070
16.3.5.,Protamin sulfat,"Uzbek, Latin script",,"List membership only - not a ranking, no counts. Asosiy dori vositalari roʻyxati (essential medicines list), Minister of Health Order No. 34 of 21.08.2023, Ministry of Justice reg. No. 3455 of 31.08.2023. Position is the row number the act itself prints, kept as printed (including its repeated and out-of-sequence numbers).",2023-08-21 (registered 2023-08-31; in force 2023-09-04),https://lex.uz/docs/-6590070
16.3.6.,Qon koagulyatsiyasi VIII omili,"Uzbek, Latin script",,"List membership only - not a ranking, no counts. Asosiy dori vositalari roʻyxati (essential medicines list), Minister of Health Order No. 34 of 21.08.2023, Ministry of Justice reg. No. 3455 of 31.08.2023. Position is the row number the act itself prints, kept as printed (including its repeated and out-of-sequence numbers).",2023-08-21 (registered 2023-08-31; in force 2023-09-04),https://lex.uz/docs/-6590070
16.3.7.,Qon koagulyatsiyasi IX omili,"Uzbek, Latin script",,"List membership only - not a ranking, no counts. Asosiy dori vositalari roʻyxati (essential medicines list), Minister of Health Order No. 34 of 21.08.2023, Ministry of Justice reg. No. 3455 of 31.08.2023. Position is the row number the act itself prints, kept as printed (including its repeated and out-of-sequence numbers).",2023-08-21 (registered 2023-08-31; in force 2023-09-04),https://lex.uz/docs/-6590070
17.1.,Torasemid,"Uzbek, Latin script",,"List membership only - not a ranking, no counts. Asosiy dori vositalari roʻyxati (essential medicines list), Minister of Health Order No. 34 of 21.08.2023, Ministry of Justice reg. No. 3455 of 31.08.2023. Position is the row number the act itself prints, kept as printed (including its repeated and out-of-sequence numbers).",2023-08-21 (registered 2023-08-31; in force 2023-09-04),https://lex.uz/docs/-6590070
17.2.,Spironolakton,"Uzbek, Latin script",,"List membership only - not a ranking, no counts. Asosiy dori vositalari roʻyxati (essential medicines list), Minister of Health Order No. 34 of 21.08.2023, Ministry of Justice reg. No. 3455 of 31.08.2023. Position is the row number the act itself prints, kept as printed (including its repeated and out-of-sequence numbers).",2023-08-21 (registered 2023-08-31; in force 2023-09-04),https://lex.uz/docs/-6590070
17.3.,Mannitol,"Uzbek, Latin script",,"List membership only - not a ranking, no counts. Asosiy dori vositalari roʻyxati (essential medicines list), Minister of Health Order No. 34 of 21.08.2023, Ministry of Justice reg. No. 3455 of 31.08.2023. Position is the row number the act itself prints, kept as printed (including its repeated and out-of-sequence numbers).",2023-08-21 (registered 2023-08-31; in force 2023-09-04),https://lex.uz/docs/-6590070
17.4.,Furosemid,"Uzbek, Latin script",,"List membership only - not a ranking, no counts. Asosiy dori vositalari roʻyxati (essential medicines list), Minister of Health Order No. 34 of 21.08.2023, Ministry of Justice reg. No. 3455 of 31.08.2023. Position is the row number the act itself prints, kept as printed (including its repeated and out-of-sequence numbers).",2023-08-21 (registered 2023-08-31; in force 2023-09-04),https://lex.uz/docs/-6590070
18.1.,Allopurinol,"Uzbek, Latin script",,"List membership only - not a ranking, no counts. Asosiy dori vositalari roʻyxati (essential medicines list), Minister of Health Order No. 34 of 21.08.2023, Ministry of Justice reg. No. 3455 of 31.08.2023. Position is the row number the act itself prints, kept as printed (including its repeated and out-of-sequence numbers).",2023-08-21 (registered 2023-08-31; in force 2023-09-04),https://lex.uz/docs/-6590070
19.1.,L-ornitin L-aspartat,"Uzbek, Latin script",,"List membership only - not a ranking, no counts. Asosiy dori vositalari roʻyxati (essential medicines list), Minister of Health Order No. 34 of 21.08.2023, Ministry of Justice reg. No. 3455 of 31.08.2023. Position is the row number the act itself prints, kept as printed (including its repeated and out-of-sequence numbers).",2023-08-21 (registered 2023-08-31; in force 2023-09-04),https://lex.uz/docs/-6590070
19.2.,Ademetionin,"Uzbek, Latin script",,"List membership only - not a ranking, no counts. Asosiy dori vositalari roʻyxati (essential medicines list), Minister of Health Order No. 34 of 21.08.2023, Ministry of Justice reg. No. 3455 of 31.08.2023. Position is the row number the act itself prints, kept as printed (including its repeated and out-of-sequence numbers).",2023-08-21 (registered 2023-08-31; in force 2023-09-04),https://lex.uz/docs/-6590070
19.3.,Ursodezoksixolat kislotasi,"Uzbek, Latin script",,"List membership only - not a ranking, no counts. Asosiy dori vositalari roʻyxati (essential medicines list), Minister of Health Order No. 34 of 21.08.2023, Ministry of Justice reg. No. 3455 of 31.08.2023. Position is the row number the act itself prints, kept as printed (including its repeated and out-of-sequence numbers).",2023-08-21 (registered 2023-08-31; in force 2023-09-04),https://lex.uz/docs/-6590070
19.4.,Oksimatrin,"Uzbek, Latin script",,"List membership only - not a ranking, no counts. Asosiy dori vositalari roʻyxati (essential medicines list), Minister of Health Order No. 34 of 21.08.2023, Ministry of Justice reg. No. 3455 of 31.08.2023. Position is the row number the act itself prints, kept as printed (including its repeated and out-of-sequence numbers).",2023-08-21 (registered 2023-08-31; in force 2023-09-04),https://lex.uz/docs/-6590070
19.5.,Glitsirrizin kislotasi + fosfolipidlar,"Uzbek, Latin script",,"List membership only - not a ranking, no counts. Asosiy dori vositalari roʻyxati (essential medicines list), Minister of Health Order No. 34 of 21.08.2023, Ministry of Justice reg. No. 3455 of 31.08.2023. Position is the row number the act itself prints, kept as printed (including its repeated and out-of-sequence numbers).",2023-08-21 (registered 2023-08-31; in force 2023-09-04),https://lex.uz/docs/-6590070
20.1.,Oksitotsin,"Uzbek, Latin script",,"List membership only - not a ranking, no counts. Asosiy dori vositalari roʻyxati (essential medicines list), Minister of Health Order No. 34 of 21.08.2023, Ministry of Justice reg. No. 3455 of 31.08.2023. Position is the row number the act itself prints, kept as printed (including its repeated and out-of-sequence numbers).",2023-08-21 (registered 2023-08-31; in force 2023-09-04),https://lex.uz/docs/-6590070
20.2.,Mifepriston,"Uzbek, Latin script",,"List membership only - not a ranking, no counts. Asosiy dori vositalari roʻyxati (essential medicines list), Minister of Health Order No. 34 of 21.08.2023, Ministry of Justice reg. No. 3455 of 31.08.2023. Position is the row number the act itself prints, kept as printed (including its repeated and out-of-sequence numbers).",2023-08-21 (registered 2023-08-31; in force 2023-09-04),https://lex.uz/docs/-6590070
20.3.,Mizoprostol,"Uzbek, Latin script",,"List membership only - not a ranking, no counts. Asosiy dori vositalari roʻyxati (essential medicines list), Minister of Health Order No. 34 of 21.08.2023, Ministry of Justice reg. No. 3455 of 31.08.2023. Position is the row number the act itself prints, kept as printed (including its repeated and out-of-sequence numbers).",2023-08-21 (registered 2023-08-31; in force 2023-09-04),https://lex.uz/docs/-6590070
20.4.,Progesteron,"Uzbek, Latin script",,"List membership only - not a ranking, no counts. Asosiy dori vositalari roʻyxati (essential medicines list), Minister of Health Order No. 34 of 21.08.2023, Ministry of Justice reg. No. 3455 of 31.08.2023. Position is the row number the act itself prints, kept as printed (including its repeated and out-of-sequence numbers).",2023-08-21 (registered 2023-08-31; in force 2023-09-04),https://lex.uz/docs/-6590070
21.1.,Oktreotid,"Uzbek, Latin script",,"List membership only - not a ranking, no counts. Asosiy dori vositalari roʻyxati (essential medicines list), Minister of Health Order No. 34 of 21.08.2023, Ministry of Justice reg. No. 3455 of 31.08.2023. Position is the row number the act itself prints, kept as printed (including its repeated and out-of-sequence numbers).",2023-08-21 (registered 2023-08-31; in force 2023-09-04),https://lex.uz/docs/-6590070
22.1.1.,Etinilestradiol + Dezogestrel,"Uzbek, Latin script",,"List membership only - not a ranking, no counts. Asosiy dori vositalari roʻyxati (essential medicines list), Minister of Health Order No. 34 of 21.08.2023, Ministry of Justice reg. No. 3455 of 31.08.2023. Position is the row number the act itself prints, kept as printed (including its repeated and out-of-sequence numbers).",2023-08-21 (registered 2023-08-31; in force 2023-09-04),https://lex.uz/docs/-6590070
22.1.2.,Levonorgestrel,"Uzbek, Latin script",,"List membership only - not a ranking, no counts. Asosiy dori vositalari roʻyxati (essential medicines list), Minister of Health Order No. 34 of 21.08.2023, Ministry of Justice reg. No. 3455 of 31.08.2023. Position is the row number the act itself prints, kept as printed (including its repeated and out-of-sequence numbers).",2023-08-21 (registered 2023-08-31; in force 2023-09-04),https://lex.uz/docs/-6590070
22.1.3.,Gestoden + Etinilestradiol,"Uzbek, Latin script",,"List membership only - not a ranking, no counts. Asosiy dori vositalari roʻyxati (essential medicines list), Minister of Health Order No. 34 of 21.08.2023, Ministry of Justice reg. No. 3455 of 31.08.2023. Position is the row number the act itself prints, kept as printed (including its repeated and out-of-sequence numbers).",2023-08-21 (registered 2023-08-31; in force 2023-09-04),https://lex.uz/docs/-6590070
22.1.4.,Medroksiprogesteron,"Uzbek, Latin script",,"List membership only - not a ranking, no counts. Asosiy dori vositalari roʻyxati (essential medicines list), Minister of Health Order No. 34 of 21.08.2023, Ministry of Justice reg. No. 3455 of 31.08.2023. Position is the row number the act itself prints, kept as printed (including its repeated and out-of-sequence numbers).",2023-08-21 (registered 2023-08-31; in force 2023-09-04),https://lex.uz/docs/-6590070
23.1.1.,Menopauzal gonadotropin,"Uzbek, Latin script",,"List membership only - not a ranking, no counts. Asosiy dori vositalari roʻyxati (essential medicines list), Minister of Health Order No. 34 of 21.08.2023, Ministry of Justice reg. No. 3455 of 31.08.2023. Position is the row number the act itself prints, kept as printed (including its repeated and out-of-sequence numbers).",2023-08-21 (registered 2023-08-31; in force 2023-09-04),https://lex.uz/docs/-6590070
23.1.2.,Xorionik gonadotropin,"Uzbek, Latin script",,"List membership only - not a ranking, no counts. Asosiy dori vositalari roʻyxati (essential medicines list), Minister of Health Order No. 34 of 21.08.2023, Ministry of Justice reg. No. 3455 of 31.08.2023. Position is the row number the act itself prints, kept as printed (including its repeated and out-of-sequence numbers).",2023-08-21 (registered 2023-08-31; in force 2023-09-04),https://lex.uz/docs/-6590070
23.1.3.,Desmopressin,"Uzbek, Latin script",,"List membership only - not a ranking, no counts. Asosiy dori vositalari roʻyxati (essential medicines list), Minister of Health Order No. 34 of 21.08.2023, Ministry of Justice reg. No. 3455 of 31.08.2023. Position is the row number the act itself prints, kept as printed (including its repeated and out-of-sequence numbers).",2023-08-21 (registered 2023-08-31; in force 2023-09-04),https://lex.uz/docs/-6590070
23.1.4.,Gozerelin,"Uzbek, Latin script",,"List membership only - not a ranking, no counts. Asosiy dori vositalari roʻyxati (essential medicines list), Minister of Health Order No. 34 of 21.08.2023, Ministry of Justice reg. No. 3455 of 31.08.2023. Position is the row number the act itself prints, kept as printed (including its repeated and out-of-sequence numbers).",2023-08-21 (registered 2023-08-31; in force 2023-09-04),https://lex.uz/docs/-6590070
23.2.1.,Levotiroksin natriy,"Uzbek, Latin script",,"List membership only - not a ranking, no counts. Asosiy dori vositalari roʻyxati (essential medicines list), Minister of Health Order No. 34 of 21.08.2023, Ministry of Justice reg. No. 3455 of 31.08.2023. Position is the row number the act itself prints, kept as printed (including its repeated and out-of-sequence numbers).",2023-08-21 (registered 2023-08-31; in force 2023-09-04),https://lex.uz/docs/-6590070
23.3.1.,Tiamazol,"Uzbek, Latin script",,"List membership only - not a ranking, no counts. Asosiy dori vositalari roʻyxati (essential medicines list), Minister of Health Order No. 34 of 21.08.2023, Ministry of Justice reg. No. 3455 of 31.08.2023. Position is the row number the act itself prints, kept as printed (including its repeated and out-of-sequence numbers).",2023-08-21 (registered 2023-08-31; in force 2023-09-04),https://lex.uz/docs/-6590070
23.4.1.,Kaliy yodid,"Uzbek, Latin script",,"List membership only - not a ranking, no counts. Asosiy dori vositalari roʻyxati (essential medicines list), Minister of Health Order No. 34 of 21.08.2023, Ministry of Justice reg. No. 3455 of 31.08.2023. Position is the row number the act itself prints, kept as printed (including its repeated and out-of-sequence numbers).",2023-08-21 (registered 2023-08-31; in force 2023-09-04),https://lex.uz/docs/-6590070
23.5.1. (unnumbered line 1 under this heading),Qisqa taʼsirli insulin,"Uzbek, Latin script",,"List membership only - not a ranking, no counts. Asosiy dori vositalari roʻyxati (essential medicines list), Minister of Health Order No. 34 of 21.08.2023, Ministry of Justice reg. No. 3455 of 31.08.2023. Position is the row number the act itself prints, kept as printed (including its repeated and out-of-sequence numbers).",2023-08-21 (registered 2023-08-31; in force 2023-09-04),https://lex.uz/docs/-6590070
23.5.1. (unnumbered line 2 under this heading),Uzoq taʼsirli insulin,"Uzbek, Latin script",,"List membership only - not a ranking, no counts. Asosiy dori vositalari roʻyxati (essential medicines list), Minister of Health Order No. 34 of 21.08.2023, Ministry of Justice reg. No. 3455 of 31.08.2023. Position is the row number the act itself prints, kept as printed (including its repeated and out-of-sequence numbers).",2023-08-21 (registered 2023-08-31; in force 2023-09-04),https://lex.uz/docs/-6590070
23.5.1. (unnumbered line 3 under this heading),Aralash taʼsirli insulin,"Uzbek, Latin script",,"List membership only - not a ranking, no counts. Asosiy dori vositalari roʻyxati (essential medicines list), Minister of Health Order No. 34 of 21.08.2023, Ministry of Justice reg. No. 3455 of 31.08.2023. Position is the row number the act itself prints, kept as printed (including its repeated and out-of-sequence numbers).",2023-08-21 (registered 2023-08-31; in force 2023-09-04),https://lex.uz/docs/-6590070
23.5.1. (unnumbered line 5 under this heading; line 4 is a sub-heading),Qisqa taʼsirli insulin analog,"Uzbek, Latin script",,"List membership only - not a ranking, no counts. Asosiy dori vositalari roʻyxati (essential medicines list), Minister of Health Order No. 34 of 21.08.2023, Ministry of Justice reg. No. 3455 of 31.08.2023. Position is the row number the act itself prints, kept as printed (including its repeated and out-of-sequence numbers).",2023-08-21 (registered 2023-08-31; in force 2023-09-04),https://lex.uz/docs/-6590070
23.5.1. (unnumbered line 6 under this heading),Uzoq taʼsirli insulin analog,"Uzbek, Latin script",,"List membership only - not a ranking, no counts. Asosiy dori vositalari roʻyxati (essential medicines list), Minister of Health Order No. 34 of 21.08.2023, Ministry of Justice reg. No. 3455 of 31.08.2023. Position is the row number the act itself prints, kept as printed (including its repeated and out-of-sequence numbers).",2023-08-21 (registered 2023-08-31; in force 2023-09-04),https://lex.uz/docs/-6590070
23.6.1.,Dapagliflozin,"Uzbek, Latin script",,"List membership only - not a ranking, no counts. Asosiy dori vositalari roʻyxati (essential medicines list), Minister of Health Order No. 34 of 21.08.2023, Ministry of Justice reg. No. 3455 of 31.08.2023. Position is the row number the act itself prints, kept as printed (including its repeated and out-of-sequence numbers).",2023-08-21 (registered 2023-08-31; in force 2023-09-04),https://lex.uz/docs/-6590070
23.6.2.,Gliklazid,"Uzbek, Latin script",,"List membership only - not a ranking, no counts. Asosiy dori vositalari roʻyxati (essential medicines list), Minister of Health Order No. 34 of 21.08.2023, Ministry of Justice reg. No. 3455 of 31.08.2023. Position is the row number the act itself prints, kept as printed (including its repeated and out-of-sequence numbers).",2023-08-21 (registered 2023-08-31; in force 2023-09-04),https://lex.uz/docs/-6590070
23.6.3.,Glimepirid,"Uzbek, Latin script",,"List membership only - not a ranking, no counts. Asosiy dori vositalari roʻyxati (essential medicines list), Minister of Health Order No. 34 of 21.08.2023, Ministry of Justice reg. No. 3455 of 31.08.2023. Position is the row number the act itself prints, kept as printed (including its repeated and out-of-sequence numbers).",2023-08-21 (registered 2023-08-31; in force 2023-09-04),https://lex.uz/docs/-6590070
23.6.4.,Metformin,"Uzbek, Latin script",,"List membership only - not a ranking, no counts. Asosiy dori vositalari roʻyxati (essential medicines list), Minister of Health Order No. 34 of 21.08.2023, Ministry of Justice reg. No. 3455 of 31.08.2023. Position is the row number the act itself prints, kept as printed (including its repeated and out-of-sequence numbers).",2023-08-21 (registered 2023-08-31; in force 2023-09-04),https://lex.uz/docs/-6590070
23.6.5.,Sitagliptin + Metformin,"Uzbek, Latin script",,"List membership only - not a ranking, no counts. Asosiy dori vositalari roʻyxati (essential medicines list), Minister of Health Order No. 34 of 21.08.2023, Ministry of Justice reg. No. 3455 of 31.08.2023. Position is the row number the act itself prints, kept as printed (including its repeated and out-of-sequence numbers).",2023-08-21 (registered 2023-08-31; in force 2023-09-04),https://lex.uz/docs/-6590070
23.6.6.,Empagliflozin,"Uzbek, Latin script",,"List membership only - not a ranking, no counts. Asosiy dori vositalari roʻyxati (essential medicines list), Minister of Health Order No. 34 of 21.08.2023, Ministry of Justice reg. No. 3455 of 31.08.2023. Position is the row number the act itself prints, kept as printed (including its repeated and out-of-sequence numbers).",2023-08-21 (registered 2023-08-31; in force 2023-09-04),https://lex.uz/docs/-6590070
23.7.1.,Gidrokortizon,"Uzbek, Latin script",,"List membership only - not a ranking, no counts. Asosiy dori vositalari roʻyxati (essential medicines list), Minister of Health Order No. 34 of 21.08.2023, Ministry of Justice reg. No. 3455 of 31.08.2023. Position is the row number the act itself prints, kept as printed (including its repeated and out-of-sequence numbers).",2023-08-21 (registered 2023-08-31; in force 2023-09-04),https://lex.uz/docs/-6590070
23.7.2.,Prednizolon,"Uzbek, Latin script",,"List membership only - not a ranking, no counts. Asosiy dori vositalari roʻyxati (essential medicines list), Minister of Health Order No. 34 of 21.08.2023, Ministry of Justice reg. No. 3455 of 31.08.2023. Position is the row number the act itself prints, kept as printed (including its repeated and out-of-sequence numbers).",2023-08-21 (registered 2023-08-31; in force 2023-09-04),https://lex.uz/docs/-6590070
23.7.3.,Metilprednizolon,"Uzbek, Latin script",,"List membership only - not a ranking, no counts. Asosiy dori vositalari roʻyxati (essential medicines list), Minister of Health Order No. 34 of 21.08.2023, Ministry of Justice reg. No. 3455 of 31.08.2023. Position is the row number the act itself prints, kept as printed (including its repeated and out-of-sequence numbers).",2023-08-21 (registered 2023-08-31; in force 2023-09-04),https://lex.uz/docs/-6590070
23.7.4.,Deksametazon,"Uzbek, Latin script",,"List membership only - not a ranking, no counts. Asosiy dori vositalari roʻyxati (essential medicines list), Minister of Health Order No. 34 of 21.08.2023, Ministry of Justice reg. No. 3455 of 31.08.2023. Position is the row number the act itself prints, kept as printed (including its repeated and out-of-sequence numbers).",2023-08-21 (registered 2023-08-31; in force 2023-09-04),https://lex.uz/docs/-6590070
23.7.5.,Beklometazon,"Uzbek, Latin script",,"List membership only - not a ranking, no counts. Asosiy dori vositalari roʻyxati (essential medicines list), Minister of Health Order No. 34 of 21.08.2023, Ministry of Justice reg. No. 3455 of 31.08.2023. Position is the row number the act itself prints, kept as printed (including its repeated and out-of-sequence numbers).",2023-08-21 (registered 2023-08-31; in force 2023-09-04),https://lex.uz/docs/-6590070
23.7.6.,Flutikazon propionat,"Uzbek, Latin script",,"List membership only - not a ranking, no counts. Asosiy dori vositalari roʻyxati (essential medicines list), Minister of Health Order No. 34 of 21.08.2023, Ministry of Justice reg. No. 3455 of 31.08.2023. Position is the row number the act itself prints, kept as printed (including its repeated and out-of-sequence numbers).",2023-08-21 (registered 2023-08-31; in force 2023-09-04),https://lex.uz/docs/-6590070
23.7.7.,Mometazon furoat,"Uzbek, Latin script",,"List membership only - not a ranking, no counts. Asosiy dori vositalari roʻyxati (essential medicines list), Minister of Health Order No. 34 of 21.08.2023, Ministry of Justice reg. No. 3455 of 31.08.2023. Position is the row number the act itself prints, kept as printed (including its repeated and out-of-sequence numbers).",2023-08-21 (registered 2023-08-31; in force 2023-09-04),https://lex.uz/docs/-6590070
23.7.8.,Klobetazol propionat,"Uzbek, Latin script",,"List membership only - not a ranking, no counts. Asosiy dori vositalari roʻyxati (essential medicines list), Minister of Health Order No. 34 of 21.08.2023, Ministry of Justice reg. No. 3455 of 31.08.2023. Position is the row number the act itself prints, kept as printed (including its repeated and out-of-sequence numbers).",2023-08-21 (registered 2023-08-31; in force 2023-09-04),https://lex.uz/docs/-6590070
23.7.9.,Budesonid,"Uzbek, Latin script",,"List membership only - not a ranking, no counts. Asosiy dori vositalari roʻyxati (essential medicines list), Minister of Health Order No. 34 of 21.08.2023, Ministry of Justice reg. No. 3455 of 31.08.2023. Position is the row number the act itself prints, kept as printed (including its repeated and out-of-sequence numbers).",2023-08-21 (registered 2023-08-31; in force 2023-09-04),https://lex.uz/docs/-6590070
23.8.1.,Nandrolon,"Uzbek, Latin script",,"List membership only - not a ranking, no counts. Asosiy dori vositalari roʻyxati (essential medicines list), Minister of Health Order No. 34 of 21.08.2023, Ministry of Justice reg. No. 3455 of 31.08.2023. Position is the row number the act itself prints, kept as printed (including its repeated and out-of-sequence numbers).",2023-08-21 (registered 2023-08-31; in force 2023-09-04),https://lex.uz/docs/-6590070
23.9.1.,Didrogesteron,"Uzbek, Latin script",,"List membership only - not a ranking, no counts. Asosiy dori vositalari roʻyxati (essential medicines list), Minister of Health Order No. 34 of 21.08.2023, Ministry of Justice reg. No. 3455 of 31.08.2023. Position is the row number the act itself prints, kept as printed (including its repeated and out-of-sequence numbers).",2023-08-21 (registered 2023-08-31; in force 2023-09-04),https://lex.uz/docs/-6590070
24.1.1.,Retinol,"Uzbek, Latin script",,"List membership only - not a ranking, no counts. Asosiy dori vositalari roʻyxati (essential medicines list), Minister of Health Order No. 34 of 21.08.2023, Ministry of Justice reg. No. 3455 of 31.08.2023. Position is the row number the act itself prints, kept as printed (including its repeated and out-of-sequence numbers).",2023-08-21 (registered 2023-08-31; in force 2023-09-04),https://lex.uz/docs/-6590070
24.1.2.,Riboflavin mononukleotid,"Uzbek, Latin script",,"List membership only - not a ranking, no counts. Asosiy dori vositalari roʻyxati (essential medicines list), Minister of Health Order No. 34 of 21.08.2023, Ministry of Justice reg. No. 3455 of 31.08.2023. Position is the row number the act itself prints, kept as printed (including its repeated and out-of-sequence numbers).",2023-08-21 (registered 2023-08-31; in force 2023-09-04),https://lex.uz/docs/-6590070
24.1.3.,Piridoksin gidroxlorid,"Uzbek, Latin script",,"List membership only - not a ranking, no counts. Asosiy dori vositalari roʻyxati (essential medicines list), Minister of Health Order No. 34 of 21.08.2023, Ministry of Justice reg. No. 3455 of 31.08.2023. Position is the row number the act itself prints, kept as printed (including its repeated and out-of-sequence numbers).",2023-08-21 (registered 2023-08-31; in force 2023-09-04),https://lex.uz/docs/-6590070
24.1.4.,Tiamin xlorid,"Uzbek, Latin script",,"List membership only - not a ranking, no counts. Asosiy dori vositalari roʻyxati (essential medicines list), Minister of Health Order No. 34 of 21.08.2023, Ministry of Justice reg. No. 3455 of 31.08.2023. Position is the row number the act itself prints, kept as printed (including its repeated and out-of-sequence numbers).",2023-08-21 (registered 2023-08-31; in force 2023-09-04),https://lex.uz/docs/-6590070
24.1.5.,Sianokobalamin,"Uzbek, Latin script",,"List membership only - not a ranking, no counts. Asosiy dori vositalari roʻyxati (essential medicines list), Minister of Health Order No. 34 of 21.08.2023, Ministry of Justice reg. No. 3455 of 31.08.2023. Position is the row number the act itself prints, kept as printed (including its repeated and out-of-sequence numbers).",2023-08-21 (registered 2023-08-31; in force 2023-09-04),https://lex.uz/docs/-6590070
24.1.6.,Folat kislotasi,"Uzbek, Latin script",,"List membership only - not a ranking, no counts. Asosiy dori vositalari roʻyxati (essential medicines list), Minister of Health Order No. 34 of 21.08.2023, Ministry of Justice reg. No. 3455 of 31.08.2023. Position is the row number the act itself prints, kept as printed (including its repeated and out-of-sequence numbers).",2023-08-21 (registered 2023-08-31; in force 2023-09-04),https://lex.uz/docs/-6590070
24.1.7.,Askorbin kislotasi,"Uzbek, Latin script",,"List membership only - not a ranking, no counts. Asosiy dori vositalari roʻyxati (essential medicines list), Minister of Health Order No. 34 of 21.08.2023, Ministry of Justice reg. No. 3455 of 31.08.2023. Position is the row number the act itself prints, kept as printed (including its repeated and out-of-sequence numbers).",2023-08-21 (registered 2023-08-31; in force 2023-09-04),https://lex.uz/docs/-6590070
24.1.8.,Nikotin kislotasi,"Uzbek, Latin script",,"List membership only - not a ranking, no counts. Asosiy dori vositalari roʻyxati (essential medicines list), Minister of Health Order No. 34 of 21.08.2023, Ministry of Justice reg. No. 3455 of 31.08.2023. Position is the row number the act itself prints, kept as printed (including its repeated and out-of-sequence numbers).",2023-08-21 (registered 2023-08-31; in force 2023-09-04),https://lex.uz/docs/-6590070
24.1.9.,Fitomenadion (Vitamin K1),"Uzbek, Latin script",,"List membership only - not a ranking, no counts. Asosiy dori vositalari roʻyxati (essential medicines list), Minister of Health Order No. 34 of 21.08.2023, Ministry of Justice reg. No. 3455 of 31.08.2023. Position is the row number the act itself prints, kept as printed (including its repeated and out-of-sequence numbers).",2023-08-21 (registered 2023-08-31; in force 2023-09-04),https://lex.uz/docs/-6590070
25.1.,Pankreatin,"Uzbek, Latin script",,"List membership only - not a ranking, no counts. Asosiy dori vositalari roʻyxati (essential medicines list), Minister of Health Order No. 34 of 21.08.2023, Ministry of Justice reg. No. 3455 of 31.08.2023. Position is the row number the act itself prints, kept as printed (including its repeated and out-of-sequence numbers).",2023-08-21 (registered 2023-08-31; in force 2023-09-04),https://lex.uz/docs/-6590070
25.2.,Ovomin + natriy xlorid + nipogin,"Uzbek, Latin script",,"List membership only - not a ranking, no counts. Asosiy dori vositalari roʻyxati (essential medicines list), Minister of Health Order No. 34 of 21.08.2023, Ministry of Justice reg. No. 3455 of 31.08.2023. Position is the row number the act itself prints, kept as printed (including its repeated and out-of-sequence numbers).",2023-08-21 (registered 2023-08-31; in force 2023-09-04),https://lex.uz/docs/-6590070
25.3.1.,Aminokislota eritmalari,"Uzbek, Latin script",,"List membership only - not a ranking, no counts. Asosiy dori vositalari roʻyxati (essential medicines list), Minister of Health Order No. 34 of 21.08.2023, Ministry of Justice reg. No. 3455 of 31.08.2023. Position is the row number the act itself prints, kept as printed (including its repeated and out-of-sequence numbers).",2023-08-21 (registered 2023-08-31; in force 2023-09-04),https://lex.uz/docs/-6590070
25.3.2.,Soya moyi,"Uzbek, Latin script",,"List membership only - not a ranking, no counts. Asosiy dori vositalari roʻyxati (essential medicines list), Minister of Health Order No. 34 of 21.08.2023, Ministry of Justice reg. No. 3455 of 31.08.2023. Position is the row number the act itself prints, kept as printed (including its repeated and out-of-sequence numbers).",2023-08-21 (registered 2023-08-31; in force 2023-09-04),https://lex.uz/docs/-6590070
25.3.3.,Dekstroza,"Uzbek, Latin script",,"List membership only - not a ranking, no counts. Asosiy dori vositalari roʻyxati (essential medicines list), Minister of Health Order No. 34 of 21.08.2023, Ministry of Justice reg. No. 3455 of 31.08.2023. Position is the row number the act itself prints, kept as printed (including its repeated and out-of-sequence numbers).",2023-08-21 (registered 2023-08-31; in force 2023-09-04),https://lex.uz/docs/-6590070
26.1.,Odam albumini,"Uzbek, Latin script",,"List membership only - not a ranking, no counts. Asosiy dori vositalari roʻyxati (essential medicines list), Minister of Health Order No. 34 of 21.08.2023, Ministry of Justice reg. No. 3455 of 31.08.2023. Position is the row number the act itself prints, kept as printed (including its repeated and out-of-sequence numbers).",2023-08-21 (registered 2023-08-31; in force 2023-09-04),https://lex.uz/docs/-6590070
26.2.,Gidroksietillangan kraxmal,"Uzbek, Latin script",,"List membership only - not a ranking, no counts. Asosiy dori vositalari roʻyxati (essential medicines list), Minister of Health Order No. 34 of 21.08.2023, Ministry of Justice reg. No. 3455 of 31.08.2023. Position is the row number the act itself prints, kept as printed (including its repeated and out-of-sequence numbers).",2023-08-21 (registered 2023-08-31; in force 2023-09-04),https://lex.uz/docs/-6590070
26.3.,Sorbitol + natriy laktat + natriy xlorid + kalsiy xlorid + kaliy xlorid + magniy xlorid,"Uzbek, Latin script",,"List membership only - not a ranking, no counts. Asosiy dori vositalari roʻyxati (essential medicines list), Minister of Health Order No. 34 of 21.08.2023, Ministry of Justice reg. No. 3455 of 31.08.2023. Position is the row number the act itself prints, kept as printed (including its repeated and out-of-sequence numbers).",2023-08-21 (registered 2023-08-31; in force 2023-09-04),https://lex.uz/docs/-6590070
26.4.,Natriy xlorid,"Uzbek, Latin script",,"List membership only - not a ranking, no counts. Asosiy dori vositalari roʻyxati (essential medicines list), Minister of Health Order No. 34 of 21.08.2023, Ministry of Justice reg. No. 3455 of 31.08.2023. Position is the row number the act itself prints, kept as printed (including its repeated and out-of-sequence numbers).",2023-08-21 (registered 2023-08-31; in force 2023-09-04),https://lex.uz/docs/-6590070
26.5.,Natriy gidrokarbonat,"Uzbek, Latin script",,"List membership only - not a ranking, no counts. Asosiy dori vositalari roʻyxati (essential medicines list), Minister of Health Order No. 34 of 21.08.2023, Ministry of Justice reg. No. 3455 of 31.08.2023. Position is the row number the act itself prints, kept as printed (including its repeated and out-of-sequence numbers).",2023-08-21 (registered 2023-08-31; in force 2023-09-04),https://lex.uz/docs/-6590070
26.6.,Natriy xlorid + kaliy xlorid + kalsiy xlorid + magniy xlorid + qahrabo kislotasi + natriy gidrokorbonat,"Uzbek, Latin script",,"List membership only - not a ranking, no counts. Asosiy dori vositalari roʻyxati (essential medicines list), Minister of Health Order No. 34 of 21.08.2023, Ministry of Justice reg. No. 3455 of 31.08.2023. Position is the row number the act itself prints, kept as printed (including its repeated and out-of-sequence numbers).",2023-08-21 (registered 2023-08-31; in force 2023-09-04),https://lex.uz/docs/-6590070
26.7.,Natriy xlorid + natriy atsetat,"Uzbek, Latin script",,"List membership only - not a ranking, no counts. Asosiy dori vositalari roʻyxati (essential medicines list), Minister of Health Order No. 34 of 21.08.2023, Ministry of Justice reg. No. 3455 of 31.08.2023. Position is the row number the act itself prints, kept as printed (including its repeated and out-of-sequence numbers).",2023-08-21 (registered 2023-08-31; in force 2023-09-04),https://lex.uz/docs/-6590070
26.8.,Natriy xlorid + kalsiy xlorid + natriy bikorbonat,"Uzbek, Latin script",,"List membership only - not a ranking, no counts. Asosiy dori vositalari roʻyxati (essential medicines list), Minister of Health Order No. 34 of 21.08.2023, Ministry of Justice reg. No. 3455 of 31.08.2023. Position is the row number the act itself prints, kept as printed (including its repeated and out-of-sequence numbers).",2023-08-21 (registered 2023-08-31; in force 2023-09-04),https://lex.uz/docs/-6590070
26.9.,Natriy xlorid + kaliy xlorid + natriy atsetat,"Uzbek, Latin script",,"List membership only - not a ranking, no counts. Asosiy dori vositalari roʻyxati (essential medicines list), Minister of Health Order No. 34 of 21.08.2023, Ministry of Justice reg. No. 3455 of 31.08.2023. Position is the row number the act itself prints, kept as printed (including its repeated and out-of-sequence numbers).",2023-08-21 (registered 2023-08-31; in force 2023-09-04),https://lex.uz/docs/-6590070
26.10.,Kaliy xloridi + kalsiy xloridi + natriy laktati,"Uzbek, Latin script",,"List membership only - not a ranking, no counts. Asosiy dori vositalari roʻyxati (essential medicines list), Minister of Health Order No. 34 of 21.08.2023, Ministry of Justice reg. No. 3455 of 31.08.2023. Position is the row number the act itself prints, kept as printed (including its repeated and out-of-sequence numbers).",2023-08-21 (registered 2023-08-31; in force 2023-09-04),https://lex.uz/docs/-6590070
26.11.,Dekstroza + natriy xloridi,"Uzbek, Latin script",,"List membership only - not a ranking, no counts. Asosiy dori vositalari roʻyxati (essential medicines list), Minister of Health Order No. 34 of 21.08.2023, Ministry of Justice reg. No. 3455 of 31.08.2023. Position is the row number the act itself prints, kept as printed (including its repeated and out-of-sequence numbers).",2023-08-21 (registered 2023-08-31; in force 2023-09-04),https://lex.uz/docs/-6590070
26.12.,Dekstroza + natriy xlorid + kaliy xlorid,"Uzbek, Latin script",,"List membership only - not a ranking, no counts. Asosiy dori vositalari roʻyxati (essential medicines list), Minister of Health Order No. 34 of 21.08.2023, Ministry of Justice reg. No. 3455 of 31.08.2023. Position is the row number the act itself prints, kept as printed (including its repeated and out-of-sequence numbers).",2023-08-21 (registered 2023-08-31; in force 2023-09-04),https://lex.uz/docs/-6590070
26.13.,Kaliy xloridi + kalsiy xloridi + natriy xlorid + magniya xlorid + natriya atsetat,"Uzbek, Latin script",,"List membership only - not a ranking, no counts. Asosiy dori vositalari roʻyxati (essential medicines list), Minister of Health Order No. 34 of 21.08.2023, Ministry of Justice reg. No. 3455 of 31.08.2023. Position is the row number the act itself prints, kept as printed (including its repeated and out-of-sequence numbers).",2023-08-21 (registered 2023-08-31; in force 2023-09-04),https://lex.uz/docs/-6590070
26.14.,Natriy xlorid + gidroksietillangan kraxmal,"Uzbek, Latin script",,"List membership only - not a ranking, no counts. Asosiy dori vositalari roʻyxati (essential medicines list), Minister of Health Order No. 34 of 21.08.2023, Ministry of Justice reg. No. 3455 of 31.08.2023. Position is the row number the act itself prints, kept as printed (including its repeated and out-of-sequence numbers).",2023-08-21 (registered 2023-08-31; in force 2023-09-04),https://lex.uz/docs/-6590070
26.15.,Inyeksiya uchun suv,"Uzbek, Latin script",,"List membership only - not a ranking, no counts. Asosiy dori vositalari roʻyxati (essential medicines list), Minister of Health Order No. 34 of 21.08.2023, Ministry of Justice reg. No. 3455 of 31.08.2023. Position is the row number the act itself prints, kept as printed (including its repeated and out-of-sequence numbers).",2023-08-21 (registered 2023-08-31; in force 2023-09-04),https://lex.uz/docs/-6590070
26.16.,Ichish uchun tuzli regidratsiya tarkibi,"Uzbek, Latin script",,"List membership only - not a ranking, no counts. Asosiy dori vositalari roʻyxati (essential medicines list), Minister of Health Order No. 34 of 21.08.2023, Ministry of Justice reg. No. 3455 of 31.08.2023. Position is the row number the act itself prints, kept as printed (including its repeated and out-of-sequence numbers).",2023-08-21 (registered 2023-08-31; in force 2023-09-04),https://lex.uz/docs/-6590070
26.17.,Meglumin natriy suksinat,"Uzbek, Latin script",,"List membership only - not a ranking, no counts. Asosiy dori vositalari roʻyxati (essential medicines list), Minister of Health Order No. 34 of 21.08.2023, Ministry of Justice reg. No. 3455 of 31.08.2023. Position is the row number the act itself prints, kept as printed (including its repeated and out-of-sequence numbers).",2023-08-21 (registered 2023-08-31; in force 2023-09-04),https://lex.uz/docs/-6590070
27.1.,Tioktat kislotasi,"Uzbek, Latin script",,"List membership only - not a ranking, no counts. Asosiy dori vositalari roʻyxati (essential medicines list), Minister of Health Order No. 34 of 21.08.2023, Ministry of Justice reg. No. 3455 of 31.08.2023. Position is the row number the act itself prints, kept as printed (including its repeated and out-of-sequence numbers).",2023-08-21 (registered 2023-08-31; in force 2023-09-04),https://lex.uz/docs/-6590070
27.2.1,Kalsiy xlorid,"Uzbek, Latin script",,"List membership only - not a ranking, no counts. Asosiy dori vositalari roʻyxati (essential medicines list), Minister of Health Order No. 34 of 21.08.2023, Ministry of Justice reg. No. 3455 of 31.08.2023. Position is the row number the act itself prints, kept as printed (including its repeated and out-of-sequence numbers).",2023-08-21 (registered 2023-08-31; in force 2023-09-04),https://lex.uz/docs/-6590070
27.2.2.,Kalsiy glyukonat,"Uzbek, Latin script",,"List membership only - not a ranking, no counts. Asosiy dori vositalari roʻyxati (essential medicines list), Minister of Health Order No. 34 of 21.08.2023, Ministry of Justice reg. No. 3455 of 31.08.2023. Position is the row number the act itself prints, kept as printed (including its repeated and out-of-sequence numbers).",2023-08-21 (registered 2023-08-31; in force 2023-09-04),https://lex.uz/docs/-6590070
27.2.3.,Kaliy + Magniy aspartat,"Uzbek, Latin script",,"List membership only - not a ranking, no counts. Asosiy dori vositalari roʻyxati (essential medicines list), Minister of Health Order No. 34 of 21.08.2023, Ministry of Justice reg. No. 3455 of 31.08.2023. Position is the row number the act itself prints, kept as printed (including its repeated and out-of-sequence numbers).",2023-08-21 (registered 2023-08-31; in force 2023-09-04),https://lex.uz/docs/-6590070
28.1.1.,Temir Fe (II) birikmalari,"Uzbek, Latin script",,"List membership only - not a ranking, no counts. Asosiy dori vositalari roʻyxati (essential medicines list), Minister of Health Order No. 34 of 21.08.2023, Ministry of Justice reg. No. 3455 of 31.08.2023. Position is the row number the act itself prints, kept as printed (including its repeated and out-of-sequence numbers).",2023-08-21 (registered 2023-08-31; in force 2023-09-04),https://lex.uz/docs/-6590070
28.1.2.,Temir Fe (III) birikmalari,"Uzbek, Latin script",,"List membership only - not a ranking, no counts. Asosiy dori vositalari roʻyxati (essential medicines list), Minister of Health Order No. 34 of 21.08.2023, Ministry of Justice reg. No. 3455 of 31.08.2023. Position is the row number the act itself prints, kept as printed (including its repeated and out-of-sequence numbers).",2023-08-21 (registered 2023-08-31; in force 2023-09-04),https://lex.uz/docs/-6590070
28.1.3.,Epoetin alfa/beta,"Uzbek, Latin script",,"List membership only - not a ranking, no counts. Asosiy dori vositalari roʻyxati (essential medicines list), Minister of Health Order No. 34 of 21.08.2023, Ministry of Justice reg. No. 3455 of 31.08.2023. Position is the row number the act itself prints, kept as printed (including its repeated and out-of-sequence numbers).",2023-08-21 (registered 2023-08-31; in force 2023-09-04),https://lex.uz/docs/-6590070
29.1.1.,"Koʻkyoʻtal, difteriya, qoqshol adsorbsiyalangan vaksinasi (AKDS)","Uzbek, Latin script",,"List membership only - not a ranking, no counts. Asosiy dori vositalari roʻyxati (essential medicines list), Minister of Health Order No. 34 of 21.08.2023, Ministry of Justice reg. No. 3455 of 31.08.2023. Position is the row number the act itself prints, kept as printed (including its repeated and out-of-sequence numbers).",2023-08-21 (registered 2023-08-31; in force 2023-09-04),https://lex.uz/docs/-6590070
29.1.2.,"Boʻgʻma, qoqshol adsorbsiyalangan vaksinasi","Uzbek, Latin script",,"List membership only - not a ranking, no counts. Asosiy dori vositalari roʻyxati (essential medicines list), Minister of Health Order No. 34 of 21.08.2023, Ministry of Justice reg. No. 3455 of 31.08.2023. Position is the row number the act itself prints, kept as printed (including its repeated and out-of-sequence numbers).",2023-08-21 (registered 2023-08-31; in force 2023-09-04),https://lex.uz/docs/-6590070
29.1.3.,"Qizamiq, parotit va qizilcha vaksinasi","Uzbek, Latin script",,"List membership only - not a ranking, no counts. Asosiy dori vositalari roʻyxati (essential medicines list), Minister of Health Order No. 34 of 21.08.2023, Ministry of Justice reg. No. 3455 of 31.08.2023. Position is the row number the act itself prints, kept as printed (including its repeated and out-of-sequence numbers).",2023-08-21 (registered 2023-08-31; in force 2023-09-04),https://lex.uz/docs/-6590070
29.1.4.,BSJ vaksinasi,"Uzbek, Latin script",,"List membership only - not a ranking, no counts. Asosiy dori vositalari roʻyxati (essential medicines list), Minister of Health Order No. 34 of 21.08.2023, Ministry of Justice reg. No. 3455 of 31.08.2023. Position is the row number the act itself prints, kept as printed (including its repeated and out-of-sequence numbers).",2023-08-21 (registered 2023-08-31; in force 2023-09-04),https://lex.uz/docs/-6590070
29.1.5.,Gepatit V vaksinasi,"Uzbek, Latin script",,"List membership only - not a ranking, no counts. Asosiy dori vositalari roʻyxati (essential medicines list), Minister of Health Order No. 34 of 21.08.2023, Ministry of Justice reg. No. 3455 of 31.08.2023. Position is the row number the act itself prints, kept as printed (including its repeated and out-of-sequence numbers).",2023-08-21 (registered 2023-08-31; in force 2023-09-04),https://lex.uz/docs/-6590070
29.1.6.,Rotavirus tirik peroral vaksinasi,"Uzbek, Latin script",,"List membership only - not a ranking, no counts. Asosiy dori vositalari roʻyxati (essential medicines list), Minister of Health Order No. 34 of 21.08.2023, Ministry of Justice reg. No. 3455 of 31.08.2023. Position is the row number the act itself prints, kept as printed (including its repeated and out-of-sequence numbers).",2023-08-21 (registered 2023-08-31; in force 2023-09-04),https://lex.uz/docs/-6590070
29.1.7.,Qizamiqqa qarshi vaksina,"Uzbek, Latin script",,"List membership only - not a ranking, no counts. Asosiy dori vositalari roʻyxati (essential medicines list), Minister of Health Order No. 34 of 21.08.2023, Ministry of Justice reg. No. 3455 of 31.08.2023. Position is the row number the act itself prints, kept as printed (including its repeated and out-of-sequence numbers).",2023-08-21 (registered 2023-08-31; in force 2023-09-04),https://lex.uz/docs/-6590070
29.1.8.,Qizamiq va qizilchaga qarshi vaksina,"Uzbek, Latin script",,"List membership only - not a ranking, no counts. Asosiy dori vositalari roʻyxati (essential medicines list), Minister of Health Order No. 34 of 21.08.2023, Ministry of Justice reg. No. 3455 of 31.08.2023. Position is the row number the act itself prints, kept as printed (including its repeated and out-of-sequence numbers).",2023-08-21 (registered 2023-08-31; in force 2023-09-04),https://lex.uz/docs/-6590070
29.1.9.,"Boʻgʻma, qoqshol, koʻkyoʻtal, gepatit V, gemofil infeksiyaning b tipiga qarshi konyugatsiyalangan va adsorbsiyalangan vaksina (pentavalent vaksina)","Uzbek, Latin script",,"List membership only - not a ranking, no counts. Asosiy dori vositalari roʻyxati (essential medicines list), Minister of Health Order No. 34 of 21.08.2023, Ministry of Justice reg. No. 3455 of 31.08.2023. Position is the row number the act itself prints, kept as printed (including its repeated and out-of-sequence numbers).",2023-08-21 (registered 2023-08-31; in force 2023-09-04),https://lex.uz/docs/-6590070
29.1.10.,Poliomiyelitning 1 va 3 tiplariga qarshi peroral vaksina,"Uzbek, Latin script",,"List membership only - not a ranking, no counts. Asosiy dori vositalari roʻyxati (essential medicines list), Minister of Health Order No. 34 of 21.08.2023, Ministry of Justice reg. No. 3455 of 31.08.2023. Position is the row number the act itself prints, kept as printed (including its repeated and out-of-sequence numbers).",2023-08-21 (registered 2023-08-31; in force 2023-09-04),https://lex.uz/docs/-6590070
29.1.11.,Poliomelitning inaktivatsiyalangan vaksinasi,"Uzbek, Latin script",,"List membership only - not a ranking, no counts. Asosiy dori vositalari roʻyxati (essential medicines list), Minister of Health Order No. 34 of 21.08.2023, Ministry of Justice reg. No. 3455 of 31.08.2023. Position is the row number the act itself prints, kept as printed (including its repeated and out-of-sequence numbers).",2023-08-21 (registered 2023-08-31; in force 2023-09-04),https://lex.uz/docs/-6590070
29.1.12.,Pnevmokokk vaksinasi,"Uzbek, Latin script",,"List membership only - not a ranking, no counts. Asosiy dori vositalari roʻyxati (essential medicines list), Minister of Health Order No. 34 of 21.08.2023, Ministry of Justice reg. No. 3455 of 31.08.2023. Position is the row number the act itself prints, kept as printed (including its repeated and out-of-sequence numbers).",2023-08-21 (registered 2023-08-31; in force 2023-09-04),https://lex.uz/docs/-6590070
29.1.13.,Gepatit A vaksinasi,"Uzbek, Latin script",,"List membership only - not a ranking, no counts. Asosiy dori vositalari roʻyxati (essential medicines list), Minister of Health Order No. 34 of 21.08.2023, Ministry of Justice reg. No. 3455 of 31.08.2023. Position is the row number the act itself prints, kept as printed (including its repeated and out-of-sequence numbers).",2023-08-21 (registered 2023-08-31; in force 2023-09-04),https://lex.uz/docs/-6590070
29.2.1.,"Qoqsholga qarshi tozalangan, adsorbsiyalangan suyuq anatoksin","Uzbek, Latin script",,"List membership only - not a ranking, no counts. Asosiy dori vositalari roʻyxati (essential medicines list), Minister of Health Order No. 34 of 21.08.2023, Ministry of Justice reg. No. 3455 of 31.08.2023. Position is the row number the act itself prints, kept as printed (including its repeated and out-of-sequence numbers).",2023-08-21 (registered 2023-08-31; in force 2023-09-04),https://lex.uz/docs/-6590070
29.2.2.,"Difteriya, qoqsholga qarshi tozalangan, adsorbsiyalangan suyuq anatoksin","Uzbek, Latin script",,"List membership only - not a ranking, no counts. Asosiy dori vositalari roʻyxati (essential medicines list), Minister of Health Order No. 34 of 21.08.2023, Ministry of Justice reg. No. 3455 of 31.08.2023. Position is the row number the act itself prints, kept as printed (including its repeated and out-of-sequence numbers).",2023-08-21 (registered 2023-08-31; in force 2023-09-04),https://lex.uz/docs/-6590070
28.2.3.,"Difteriya-qoqsholga qarshi, antigenlar miqdori kamaytirilgan, tozalangan, adsorbsiyalangan anatoksin","Uzbek, Latin script",,"List membership only - not a ranking, no counts. Asosiy dori vositalari roʻyxati (essential medicines list), Minister of Health Order No. 34 of 21.08.2023, Ministry of Justice reg. No. 3455 of 31.08.2023. Position is the row number the act itself prints, kept as printed (including its repeated and out-of-sequence numbers).",2023-08-21 (registered 2023-08-31; in force 2023-09-04),https://lex.uz/docs/-6590070
29.3.1.,"Gangrenaga qarshi tozalangan, konsentrlangan suyuq ot zardobi","Uzbek, Latin script",,"List membership only - not a ranking, no counts. Asosiy dori vositalari roʻyxati (essential medicines list), Minister of Health Order No. 34 of 21.08.2023, Ministry of Justice reg. No. 3455 of 31.08.2023. Position is the row number the act itself prints, kept as printed (including its repeated and out-of-sequence numbers).",2023-08-21 (registered 2023-08-31; in force 2023-09-04),https://lex.uz/docs/-6590070
29.3.2.,"Difteriyaga qarshi tozalangan, konsentrlangan ot zardobi","Uzbek, Latin script",,"List membership only - not a ranking, no counts. Asosiy dori vositalari roʻyxati (essential medicines list), Minister of Health Order No. 34 of 21.08.2023, Ministry of Justice reg. No. 3455 of 31.08.2023. Position is the row number the act itself prints, kept as printed (including its repeated and out-of-sequence numbers).",2023-08-21 (registered 2023-08-31; in force 2023-09-04),https://lex.uz/docs/-6590070
29.3.3.,"Qoqsholga qarshi tozalangan, konsentrlangan suyuq ot zardobi","Uzbek, Latin script",,"List membership only - not a ranking, no counts. Asosiy dori vositalari roʻyxati (essential medicines list), Minister of Health Order No. 34 of 21.08.2023, Ministry of Justice reg. No. 3455 of 31.08.2023. Position is the row number the act itself prints, kept as printed (including its repeated and out-of-sequence numbers).",2023-08-21 (registered 2023-08-31; in force 2023-09-04),https://lex.uz/docs/-6590070
29.3.4.,"Botulizmning A, V, E turlariga qarshi tozalangan, konsentrlangan suyuq ot zardobi","Uzbek, Latin script",,"List membership only - not a ranking, no counts. Asosiy dori vositalari roʻyxati (essential medicines list), Minister of Health Order No. 34 of 21.08.2023, Ministry of Justice reg. No. 3455 of 31.08.2023. Position is the row number the act itself prints, kept as printed (including its repeated and out-of-sequence numbers).",2023-08-21 (registered 2023-08-31; in force 2023-09-04),https://lex.uz/docs/-6590070
29.3.5.,"Gyurza iloni zahariga qarshi tozalangan, konsentrlangan suyuq ot zardobi","Uzbek, Latin script",,"List membership only - not a ranking, no counts. Asosiy dori vositalari roʻyxati (essential medicines list), Minister of Health Order No. 34 of 21.08.2023, Ministry of Justice reg. No. 3455 of 31.08.2023. Position is the row number the act itself prints, kept as printed (including its repeated and out-of-sequence numbers).",2023-08-21 (registered 2023-08-31; in force 2023-09-04),https://lex.uz/docs/-6590070
29.3.6.,"Qoraqurt oʻrgimchagi zahariga qarshi tozalangan, konsentrlangan suyuq ot zardobi","Uzbek, Latin script",,"List membership only - not a ranking, no counts. Asosiy dori vositalari roʻyxati (essential medicines list), Minister of Health Order No. 34 of 21.08.2023, Ministry of Justice reg. No. 3455 of 31.08.2023. Position is the row number the act itself prints, kept as printed (including its repeated and out-of-sequence numbers).",2023-08-21 (registered 2023-08-31; in force 2023-09-04),https://lex.uz/docs/-6590070
29.3.7.,"Gyurza, efa, kobra ilonlari zahariga qarshi polivalent, tozalangan, konsentrlangan suyuq ot zardobi","Uzbek, Latin script",,"List membership only - not a ranking, no counts. Asosiy dori vositalari roʻyxati (essential medicines list), Minister of Health Order No. 34 of 21.08.2023, Ministry of Justice reg. No. 3455 of 31.08.2023. Position is the row number the act itself prints, kept as printed (including its repeated and out-of-sequence numbers).",2023-08-21 (registered 2023-08-31; in force 2023-09-04),https://lex.uz/docs/-6590070
29.4.1.,Dizenteriya polivalent bakteriofagi,"Uzbek, Latin script",,"List membership only - not a ranking, no counts. Asosiy dori vositalari roʻyxati (essential medicines list), Minister of Health Order No. 34 of 21.08.2023, Ministry of Justice reg. No. 3455 of 31.08.2023. Position is the row number the act itself prints, kept as printed (including its repeated and out-of-sequence numbers).",2023-08-21 (registered 2023-08-31; in force 2023-09-04),https://lex.uz/docs/-6590070
30.1.,Faollashtirilgan koʻmir,"Uzbek, Latin script",,"List membership only - not a ranking, no counts. Asosiy dori vositalari roʻyxati (essential medicines list), Minister of Health Order No. 34 of 21.08.2023, Ministry of Justice reg. No. 3455 of 31.08.2023. Position is the row number the act itself prints, kept as printed (including its repeated and out-of-sequence numbers).",2023-08-21 (registered 2023-08-31; in force 2023-09-04),https://lex.uz/docs/-6590070
30.2.,Natriy tiosulfat,"Uzbek, Latin script",,"List membership only - not a ranking, no counts. Asosiy dori vositalari roʻyxati (essential medicines list), Minister of Health Order No. 34 of 21.08.2023, Ministry of Justice reg. No. 3455 of 31.08.2023. Position is the row number the act itself prints, kept as printed (including its repeated and out-of-sequence numbers).",2023-08-21 (registered 2023-08-31; in force 2023-09-04),https://lex.uz/docs/-6590070
30.3.,Deferaziroks,"Uzbek, Latin script",,"List membership only - not a ranking, no counts. Asosiy dori vositalari roʻyxati (essential medicines list), Minister of Health Order No. 34 of 21.08.2023, Ministry of Justice reg. No. 3455 of 31.08.2023. Position is the row number the act itself prints, kept as printed (including its repeated and out-of-sequence numbers).",2023-08-21 (registered 2023-08-31; in force 2023-09-04),https://lex.uz/docs/-6590070
31.1.,Disulfiram,"Uzbek, Latin script",,"List membership only - not a ranking, no counts. Asosiy dori vositalari roʻyxati (essential medicines list), Minister of Health Order No. 34 of 21.08.2023, Ministry of Justice reg. No. 3455 of 31.08.2023. Position is the row number the act itself prints, kept as printed (including its repeated and out-of-sequence numbers).",2023-08-21 (registered 2023-08-31; in force 2023-09-04),https://lex.uz/docs/-6590070
31.1.1.,Naltrekson,"Uzbek, Latin script",,"List membership only - not a ranking, no counts. Asosiy dori vositalari roʻyxati (essential medicines list), Minister of Health Order No. 34 of 21.08.2023, Ministry of Justice reg. No. 3455 of 31.08.2023. Position is the row number the act itself prints, kept as printed (including its repeated and out-of-sequence numbers).",2023-08-21 (registered 2023-08-31; in force 2023-09-04),https://lex.uz/docs/-6590070
31.1.2.,Nalokson,"Uzbek, Latin script",,"List membership only - not a ranking, no counts. Asosiy dori vositalari roʻyxati (essential medicines list), Minister of Health Order No. 34 of 21.08.2023, Ministry of Justice reg. No. 3455 of 31.08.2023. Position is the row number the act itself prints, kept as printed (including its repeated and out-of-sequence numbers).",2023-08-21 (registered 2023-08-31; in force 2023-09-04),https://lex.uz/docs/-6590070
32.1.1.1.,Fosfomitsin natriy,"Uzbek, Latin script",,"List membership only - not a ranking, no counts. Asosiy dori vositalari roʻyxati (essential medicines list), Minister of Health Order No. 34 of 21.08.2023, Ministry of Justice reg. No. 3455 of 31.08.2023. Position is the row number the act itself prints, kept as printed (including its repeated and out-of-sequence numbers).",2023-08-21 (registered 2023-08-31; in force 2023-09-04),https://lex.uz/docs/-6590070
32.2.1.,Benzatin benzilpenitsillin,"Uzbek, Latin script",,"List membership only - not a ranking, no counts. Asosiy dori vositalari roʻyxati (essential medicines list), Minister of Health Order No. 34 of 21.08.2023, Ministry of Justice reg. No. 3455 of 31.08.2023. Position is the row number the act itself prints, kept as printed (including its repeated and out-of-sequence numbers).",2023-08-21 (registered 2023-08-31; in force 2023-09-04),https://lex.uz/docs/-6590070
32.2.2.,Benzilpenitsillin natriyli tuzi,"Uzbek, Latin script",,"List membership only - not a ranking, no counts. Asosiy dori vositalari roʻyxati (essential medicines list), Minister of Health Order No. 34 of 21.08.2023, Ministry of Justice reg. No. 3455 of 31.08.2023. Position is the row number the act itself prints, kept as printed (including its repeated and out-of-sequence numbers).",2023-08-21 (registered 2023-08-31; in force 2023-09-04),https://lex.uz/docs/-6590070
32.3.1.,Sefazolin,"Uzbek, Latin script",,"List membership only - not a ranking, no counts. Asosiy dori vositalari roʻyxati (essential medicines list), Minister of Health Order No. 34 of 21.08.2023, Ministry of Justice reg. No. 3455 of 31.08.2023. Position is the row number the act itself prints, kept as printed (including its repeated and out-of-sequence numbers).",2023-08-21 (registered 2023-08-31; in force 2023-09-04),https://lex.uz/docs/-6590070
32.4.1.,Sefuroksim,"Uzbek, Latin script",,"List membership only - not a ranking, no counts. Asosiy dori vositalari roʻyxati (essential medicines list), Minister of Health Order No. 34 of 21.08.2023, Ministry of Justice reg. No. 3455 of 31.08.2023. Position is the row number the act itself prints, kept as printed (including its repeated and out-of-sequence numbers).",2023-08-21 (registered 2023-08-31; in force 2023-09-04),https://lex.uz/docs/-6590070
32.5.1.,Sefotaksim,"Uzbek, Latin script",,"List membership only - not a ranking, no counts. Asosiy dori vositalari roʻyxati (essential medicines list), Minister of Health Order No. 34 of 21.08.2023, Ministry of Justice reg. No. 3455 of 31.08.2023. Position is the row number the act itself prints, kept as printed (including its repeated and out-of-sequence numbers).",2023-08-21 (registered 2023-08-31; in force 2023-09-04),https://lex.uz/docs/-6590070
32.5.2.,Sefoperazon,"Uzbek, Latin script",,"List membership only - not a ranking, no counts. Asosiy dori vositalari roʻyxati (essential medicines list), Minister of Health Order No. 34 of 21.08.2023, Ministry of Justice reg. No. 3455 of 31.08.2023. Position is the row number the act itself prints, kept as printed (including its repeated and out-of-sequence numbers).",2023-08-21 (registered 2023-08-31; in force 2023-09-04),https://lex.uz/docs/-6590070
32.5.3.,Seftriakson,"Uzbek, Latin script",,"List membership only - not a ranking, no counts. Asosiy dori vositalari roʻyxati (essential medicines list), Minister of Health Order No. 34 of 21.08.2023, Ministry of Justice reg. No. 3455 of 31.08.2023. Position is the row number the act itself prints, kept as printed (including its repeated and out-of-sequence numbers).",2023-08-21 (registered 2023-08-31; in force 2023-09-04),https://lex.uz/docs/-6590070
32.5.4.,Seftazidim,"Uzbek, Latin script",,"List membership only - not a ranking, no counts. Asosiy dori vositalari roʻyxati (essential medicines list), Minister of Health Order No. 34 of 21.08.2023, Ministry of Justice reg. No. 3455 of 31.08.2023. Position is the row number the act itself prints, kept as printed (including its repeated and out-of-sequence numbers).",2023-08-21 (registered 2023-08-31; in force 2023-09-04),https://lex.uz/docs/-6590070
32.5.5.,Sefoperazon + sulbaktam,"Uzbek, Latin script",,"List membership only - not a ranking, no counts. Asosiy dori vositalari roʻyxati (essential medicines list), Minister of Health Order No. 34 of 21.08.2023, Ministry of Justice reg. No. 3455 of 31.08.2023. Position is the row number the act itself prints, kept as printed (including its repeated and out-of-sequence numbers).",2023-08-21 (registered 2023-08-31; in force 2023-09-04),https://lex.uz/docs/-6590070
32.6.1.,Sefepim,"Uzbek, Latin script",,"List membership only - not a ranking, no counts. Asosiy dori vositalari roʻyxati (essential medicines list), Minister of Health Order No. 34 of 21.08.2023, Ministry of Justice reg. No. 3455 of 31.08.2023. Position is the row number the act itself prints, kept as printed (including its repeated and out-of-sequence numbers).",2023-08-21 (registered 2023-08-31; in force 2023-09-04),https://lex.uz/docs/-6590070
32.7.1.,Seftriakson + tazobaktam,"Uzbek, Latin script",,"List membership only - not a ranking, no counts. Asosiy dori vositalari roʻyxati (essential medicines list), Minister of Health Order No. 34 of 21.08.2023, Ministry of Justice reg. No. 3455 of 31.08.2023. Position is the row number the act itself prints, kept as printed (including its repeated and out-of-sequence numbers).",2023-08-21 (registered 2023-08-31; in force 2023-09-04),https://lex.uz/docs/-6590070
32.8.1.,Meropenem,"Uzbek, Latin script",,"List membership only - not a ranking, no counts. Asosiy dori vositalari roʻyxati (essential medicines list), Minister of Health Order No. 34 of 21.08.2023, Ministry of Justice reg. No. 3455 of 31.08.2023. Position is the row number the act itself prints, kept as printed (including its repeated and out-of-sequence numbers).",2023-08-21 (registered 2023-08-31; in force 2023-09-04),https://lex.uz/docs/-6590070
32.8.2.,Imipenem + silastatin,"Uzbek, Latin script",,"List membership only - not a ranking, no counts. Asosiy dori vositalari roʻyxati (essential medicines list), Minister of Health Order No. 34 of 21.08.2023, Ministry of Justice reg. No. 3455 of 31.08.2023. Position is the row number the act itself prints, kept as printed (including its repeated and out-of-sequence numbers).",2023-08-21 (registered 2023-08-31; in force 2023-09-04),https://lex.uz/docs/-6590070
32.9.1.,Spiramitsin,"Uzbek, Latin script",,"List membership only - not a ranking, no counts. Asosiy dori vositalari roʻyxati (essential medicines list), Minister of Health Order No. 34 of 21.08.2023, Ministry of Justice reg. No. 3455 of 31.08.2023. Position is the row number the act itself prints, kept as printed (including its repeated and out-of-sequence numbers).",2023-08-21 (registered 2023-08-31; in force 2023-09-04),https://lex.uz/docs/-6590070
32.9.2.,Klaritromitsin,"Uzbek, Latin script",,"List membership only - not a ranking, no counts. Asosiy dori vositalari roʻyxati (essential medicines list), Minister of Health Order No. 34 of 21.08.2023, Ministry of Justice reg. No. 3455 of 31.08.2023. Position is the row number the act itself prints, kept as printed (including its repeated and out-of-sequence numbers).",2023-08-21 (registered 2023-08-31; in force 2023-09-04),https://lex.uz/docs/-6590070
32.9.3.,Azitromitsin,"Uzbek, Latin script",,"List membership only - not a ranking, no counts. Asosiy dori vositalari roʻyxati (essential medicines list), Minister of Health Order No. 34 of 21.08.2023, Ministry of Justice reg. No. 3455 of 31.08.2023. Position is the row number the act itself prints, kept as printed (including its repeated and out-of-sequence numbers).",2023-08-21 (registered 2023-08-31; in force 2023-09-04),https://lex.uz/docs/-6590070
32.9.4.,Roksitromitsin,"Uzbek, Latin script",,"List membership only - not a ranking, no counts. Asosiy dori vositalari roʻyxati (essential medicines list), Minister of Health Order No. 34 of 21.08.2023, Ministry of Justice reg. No. 3455 of 31.08.2023. Position is the row number the act itself prints, kept as printed (including its repeated and out-of-sequence numbers).",2023-08-21 (registered 2023-08-31; in force 2023-09-04),https://lex.uz/docs/-6590070
32.10.1.,Piperatsillin + tazobaktam,"Uzbek, Latin script",,"List membership only - not a ranking, no counts. Asosiy dori vositalari roʻyxati (essential medicines list), Minister of Health Order No. 34 of 21.08.2023, Ministry of Justice reg. No. 3455 of 31.08.2023. Position is the row number the act itself prints, kept as printed (including its repeated and out-of-sequence numbers).",2023-08-21 (registered 2023-08-31; in force 2023-09-04),https://lex.uz/docs/-6590070
32.10.2.,Ampitsillin + sulbaktam,"Uzbek, Latin script",,"List membership only - not a ranking, no counts. Asosiy dori vositalari roʻyxati (essential medicines list), Minister of Health Order No. 34 of 21.08.2023, Ministry of Justice reg. No. 3455 of 31.08.2023. Position is the row number the act itself prints, kept as printed (including its repeated and out-of-sequence numbers).",2023-08-21 (registered 2023-08-31; in force 2023-09-04),https://lex.uz/docs/-6590070
32.10.3.,Amoksitsillin/klavulanat,"Uzbek, Latin script",,"List membership only - not a ranking, no counts. Asosiy dori vositalari roʻyxati (essential medicines list), Minister of Health Order No. 34 of 21.08.2023, Ministry of Justice reg. No. 3455 of 31.08.2023. Position is the row number the act itself prints, kept as printed (including its repeated and out-of-sequence numbers).",2023-08-21 (registered 2023-08-31; in force 2023-09-04),https://lex.uz/docs/-6590070
32.11.1.,Amoksitsillin,"Uzbek, Latin script",,"List membership only - not a ranking, no counts. Asosiy dori vositalari roʻyxati (essential medicines list), Minister of Health Order No. 34 of 21.08.2023, Ministry of Justice reg. No. 3455 of 31.08.2023. Position is the row number the act itself prints, kept as printed (including its repeated and out-of-sequence numbers).",2023-08-21 (registered 2023-08-31; in force 2023-09-04),https://lex.uz/docs/-6590070
32.12.1.,Vankomitsin,"Uzbek, Latin script",,"List membership only - not a ranking, no counts. Asosiy dori vositalari roʻyxati (essential medicines list), Minister of Health Order No. 34 of 21.08.2023, Ministry of Justice reg. No. 3455 of 31.08.2023. Position is the row number the act itself prints, kept as printed (including its repeated and out-of-sequence numbers).",2023-08-21 (registered 2023-08-31; in force 2023-09-04),https://lex.uz/docs/-6590070
32.13.1.,Klindamitsin,"Uzbek, Latin script",,"List membership only - not a ranking, no counts. Asosiy dori vositalari roʻyxati (essential medicines list), Minister of Health Order No. 34 of 21.08.2023, Ministry of Justice reg. No. 3455 of 31.08.2023. Position is the row number the act itself prints, kept as printed (including its repeated and out-of-sequence numbers).",2023-08-21 (registered 2023-08-31; in force 2023-09-04),https://lex.uz/docs/-6590070
32.14.1.,Amikatsin,"Uzbek, Latin script",,"List membership only - not a ranking, no counts. Asosiy dori vositalari roʻyxati (essential medicines list), Minister of Health Order No. 34 of 21.08.2023, Ministry of Justice reg. No. 3455 of 31.08.2023. Position is the row number the act itself prints, kept as printed (including its repeated and out-of-sequence numbers).",2023-08-21 (registered 2023-08-31; in force 2023-09-04),https://lex.uz/docs/-6590070
32.15.1.,Tetratsiklin,"Uzbek, Latin script",,"List membership only - not a ranking, no counts. Asosiy dori vositalari roʻyxati (essential medicines list), Minister of Health Order No. 34 of 21.08.2023, Ministry of Justice reg. No. 3455 of 31.08.2023. Position is the row number the act itself prints, kept as printed (including its repeated and out-of-sequence numbers).",2023-08-21 (registered 2023-08-31; in force 2023-09-04),https://lex.uz/docs/-6590070
32.15.2.,Doksitsiklin,"Uzbek, Latin script",,"List membership only - not a ranking, no counts. Asosiy dori vositalari roʻyxati (essential medicines list), Minister of Health Order No. 34 of 21.08.2023, Ministry of Justice reg. No. 3455 of 31.08.2023. Position is the row number the act itself prints, kept as printed (including its repeated and out-of-sequence numbers).",2023-08-21 (registered 2023-08-31; in force 2023-09-04),https://lex.uz/docs/-6590070
32.16.1.,Pefloksatsin,"Uzbek, Latin script",,"List membership only - not a ranking, no counts. Asosiy dori vositalari roʻyxati (essential medicines list), Minister of Health Order No. 34 of 21.08.2023, Ministry of Justice reg. No. 3455 of 31.08.2023. Position is the row number the act itself prints, kept as printed (including its repeated and out-of-sequence numbers).",2023-08-21 (registered 2023-08-31; in force 2023-09-04),https://lex.uz/docs/-6590070
32.17.1.,Ofloksatsin,"Uzbek, Latin script",,"List membership only - not a ranking, no counts. Asosiy dori vositalari roʻyxati (essential medicines list), Minister of Health Order No. 34 of 21.08.2023, Ministry of Justice reg. No. 3455 of 31.08.2023. Position is the row number the act itself prints, kept as printed (including its repeated and out-of-sequence numbers).",2023-08-21 (registered 2023-08-31; in force 2023-09-04),https://lex.uz/docs/-6590070
32.17.2.,Siprofloksatsin,"Uzbek, Latin script",,"List membership only - not a ranking, no counts. Asosiy dori vositalari roʻyxati (essential medicines list), Minister of Health Order No. 34 of 21.08.2023, Ministry of Justice reg. No. 3455 of 31.08.2023. Position is the row number the act itself prints, kept as printed (including its repeated and out-of-sequence numbers).",2023-08-21 (registered 2023-08-31; in force 2023-09-04),https://lex.uz/docs/-6590070
32.18.1.,Levofloksatsin,"Uzbek, Latin script",,"List membership only - not a ranking, no counts. Asosiy dori vositalari roʻyxati (essential medicines list), Minister of Health Order No. 34 of 21.08.2023, Ministry of Justice reg. No. 3455 of 31.08.2023. Position is the row number the act itself prints, kept as printed (including its repeated and out-of-sequence numbers).",2023-08-21 (registered 2023-08-31; in force 2023-09-04),https://lex.uz/docs/-6590070
32.19.1.,Moksifloksatsin,"Uzbek, Latin script",,"List membership only - not a ranking, no counts. Asosiy dori vositalari roʻyxati (essential medicines list), Minister of Health Order No. 34 of 21.08.2023, Ministry of Justice reg. No. 3455 of 31.08.2023. Position is the row number the act itself prints, kept as printed (including its repeated and out-of-sequence numbers).",2023-08-21 (registered 2023-08-31; in force 2023-09-04),https://lex.uz/docs/-6590070
32.20.1.,Nitroksolin,"Uzbek, Latin script",,"List membership only - not a ranking, no counts. Asosiy dori vositalari roʻyxati (essential medicines list), Minister of Health Order No. 34 of 21.08.2023, Ministry of Justice reg. No. 3455 of 31.08.2023. Position is the row number the act itself prints, kept as printed (including its repeated and out-of-sequence numbers).",2023-08-21 (registered 2023-08-31; in force 2023-09-04),https://lex.uz/docs/-6590070
33.1.,Xloramfenikol,"Uzbek, Latin script",,"List membership only - not a ranking, no counts. Asosiy dori vositalari roʻyxati (essential medicines list), Minister of Health Order No. 34 of 21.08.2023, Ministry of Justice reg. No. 3455 of 31.08.2023. Position is the row number the act itself prints, kept as printed (including its repeated and out-of-sequence numbers).",2023-08-21 (registered 2023-08-31; in force 2023-09-04),https://lex.uz/docs/-6590070
33.2.1.,Sulfometoksazol/trimetoprim,"Uzbek, Latin script",,"List membership only - not a ranking, no counts. Asosiy dori vositalari roʻyxati (essential medicines list), Minister of Health Order No. 34 of 21.08.2023, Ministry of Justice reg. No. 3455 of 31.08.2023. Position is the row number the act itself prints, kept as printed (including its repeated and out-of-sequence numbers).",2023-08-21 (registered 2023-08-31; in force 2023-09-04),https://lex.uz/docs/-6590070
33.2.2.,Sulfatsetamid,"Uzbek, Latin script",,"List membership only - not a ranking, no counts. Asosiy dori vositalari roʻyxati (essential medicines list), Minister of Health Order No. 34 of 21.08.2023, Ministry of Justice reg. No. 3455 of 31.08.2023. Position is the row number the act itself prints, kept as printed (including its repeated and out-of-sequence numbers).",2023-08-21 (registered 2023-08-31; in force 2023-09-04),https://lex.uz/docs/-6590070
33.3.1.,Nifuroksazid,"Uzbek, Latin script",,"List membership only - not a ranking, no counts. Asosiy dori vositalari roʻyxati (essential medicines list), Minister of Health Order No. 34 of 21.08.2023, Ministry of Justice reg. No. 3455 of 31.08.2023. Position is the row number the act itself prints, kept as printed (including its repeated and out-of-sequence numbers).",2023-08-21 (registered 2023-08-31; in force 2023-09-04),https://lex.uz/docs/-6590070
34.1.,Izoniazid,"Uzbek, Latin script",,"List membership only - not a ranking, no counts. Asosiy dori vositalari roʻyxati (essential medicines list), Minister of Health Order No. 34 of 21.08.2023, Ministry of Justice reg. No. 3455 of 31.08.2023. Position is the row number the act itself prints, kept as printed (including its repeated and out-of-sequence numbers).",2023-08-21 (registered 2023-08-31; in force 2023-09-04),https://lex.uz/docs/-6590070
34.2.,Etambutol,"Uzbek, Latin script",,"List membership only - not a ranking, no counts. Asosiy dori vositalari roʻyxati (essential medicines list), Minister of Health Order No. 34 of 21.08.2023, Ministry of Justice reg. No. 3455 of 31.08.2023. Position is the row number the act itself prints, kept as printed (including its repeated and out-of-sequence numbers).",2023-08-21 (registered 2023-08-31; in force 2023-09-04),https://lex.uz/docs/-6590070
34.3.,Pirazinamid,"Uzbek, Latin script",,"List membership only - not a ranking, no counts. Asosiy dori vositalari roʻyxati (essential medicines list), Minister of Health Order No. 34 of 21.08.2023, Ministry of Justice reg. No. 3455 of 31.08.2023. Position is the row number the act itself prints, kept as printed (including its repeated and out-of-sequence numbers).",2023-08-21 (registered 2023-08-31; in force 2023-09-04),https://lex.uz/docs/-6590070
34.4.,Protionamid,"Uzbek, Latin script",,"List membership only - not a ranking, no counts. Asosiy dori vositalari roʻyxati (essential medicines list), Minister of Health Order No. 34 of 21.08.2023, Ministry of Justice reg. No. 3455 of 31.08.2023. Position is the row number the act itself prints, kept as printed (including its repeated and out-of-sequence numbers).",2023-08-21 (registered 2023-08-31; in force 2023-09-04),https://lex.uz/docs/-6590070
34.5.,Rifampitsin + Izoniazid + Piridoksin gidroxlorid,"Uzbek, Latin script",,"List membership only - not a ranking, no counts. Asosiy dori vositalari roʻyxati (essential medicines list), Minister of Health Order No. 34 of 21.08.2023, Ministry of Justice reg. No. 3455 of 31.08.2023. Position is the row number the act itself prints, kept as printed (including its repeated and out-of-sequence numbers).",2023-08-21 (registered 2023-08-31; in force 2023-09-04),https://lex.uz/docs/-6590070
34.6.,Rifampitsin + Izoniazid + Pirazinamid,"Uzbek, Latin script",,"List membership only - not a ranking, no counts. Asosiy dori vositalari roʻyxati (essential medicines list), Minister of Health Order No. 34 of 21.08.2023, Ministry of Justice reg. No. 3455 of 31.08.2023. Position is the row number the act itself prints, kept as printed (including its repeated and out-of-sequence numbers).",2023-08-21 (registered 2023-08-31; in force 2023-09-04),https://lex.uz/docs/-6590070
34.7.,Rifampitsin + Izoniazid + Pirazinamid + Etambutol,"Uzbek, Latin script",,"List membership only - not a ranking, no counts. Asosiy dori vositalari roʻyxati (essential medicines list), Minister of Health Order No. 34 of 21.08.2023, Ministry of Justice reg. No. 3455 of 31.08.2023. Position is the row number the act itself prints, kept as printed (including its repeated and out-of-sequence numbers).",2023-08-21 (registered 2023-08-31; in force 2023-09-04),https://lex.uz/docs/-6590070
34.8.,Rifampitatsin + izoniazid + etambutol,"Uzbek, Latin script",,"List membership only - not a ranking, no counts. Asosiy dori vositalari roʻyxati (essential medicines list), Minister of Health Order No. 34 of 21.08.2023, Ministry of Justice reg. No. 3455 of 31.08.2023. Position is the row number the act itself prints, kept as printed (including its repeated and out-of-sequence numbers).",2023-08-21 (registered 2023-08-31; in force 2023-09-04),https://lex.uz/docs/-6590070
34.9.,Rifampitsin,"Uzbek, Latin script",,"List membership only - not a ranking, no counts. Asosiy dori vositalari roʻyxati (essential medicines list), Minister of Health Order No. 34 of 21.08.2023, Ministry of Justice reg. No. 3455 of 31.08.2023. Position is the row number the act itself prints, kept as printed (including its repeated and out-of-sequence numbers).",2023-08-21 (registered 2023-08-31; in force 2023-09-04),https://lex.uz/docs/-6590070
34.10.,Linezolid,"Uzbek, Latin script",,"List membership only - not a ranking, no counts. Asosiy dori vositalari roʻyxati (essential medicines list), Minister of Health Order No. 34 of 21.08.2023, Ministry of Justice reg. No. 3455 of 31.08.2023. Position is the row number the act itself prints, kept as printed (including its repeated and out-of-sequence numbers).",2023-08-21 (registered 2023-08-31; in force 2023-09-04),https://lex.uz/docs/-6590070
34.11.,Bedakvilin,"Uzbek, Latin script",,"List membership only - not a ranking, no counts. Asosiy dori vositalari roʻyxati (essential medicines list), Minister of Health Order No. 34 of 21.08.2023, Ministry of Justice reg. No. 3455 of 31.08.2023. Position is the row number the act itself prints, kept as printed (including its repeated and out-of-sequence numbers).",2023-08-21 (registered 2023-08-31; in force 2023-09-04),https://lex.uz/docs/-6590070
34.12.,Delamanid,"Uzbek, Latin script",,"List membership only - not a ranking, no counts. Asosiy dori vositalari roʻyxati (essential medicines list), Minister of Health Order No. 34 of 21.08.2023, Ministry of Justice reg. No. 3455 of 31.08.2023. Position is the row number the act itself prints, kept as printed (including its repeated and out-of-sequence numbers).",2023-08-21 (registered 2023-08-31; in force 2023-09-04),https://lex.uz/docs/-6590070
34.13.,Pretomanid,"Uzbek, Latin script",,"List membership only - not a ranking, no counts. Asosiy dori vositalari roʻyxati (essential medicines list), Minister of Health Order No. 34 of 21.08.2023, Ministry of Justice reg. No. 3455 of 31.08.2023. Position is the row number the act itself prints, kept as printed (including its repeated and out-of-sequence numbers).",2023-08-21 (registered 2023-08-31; in force 2023-09-04),https://lex.uz/docs/-6590070
35.1.,Lamivudin,"Uzbek, Latin script",,"List membership only - not a ranking, no counts. Asosiy dori vositalari roʻyxati (essential medicines list), Minister of Health Order No. 34 of 21.08.2023, Ministry of Justice reg. No. 3455 of 31.08.2023. Position is the row number the act itself prints, kept as printed (including its repeated and out-of-sequence numbers).",2023-08-21 (registered 2023-08-31; in force 2023-09-04),https://lex.uz/docs/-6590070
35.2.,Atsiklovir,"Uzbek, Latin script",,"List membership only - not a ranking, no counts. Asosiy dori vositalari roʻyxati (essential medicines list), Minister of Health Order No. 34 of 21.08.2023, Ministry of Justice reg. No. 3455 of 31.08.2023. Position is the row number the act itself prints, kept as printed (including its repeated and out-of-sequence numbers).",2023-08-21 (registered 2023-08-31; in force 2023-09-04),https://lex.uz/docs/-6590070
35.3.,Efavirenz,"Uzbek, Latin script",,"List membership only - not a ranking, no counts. Asosiy dori vositalari roʻyxati (essential medicines list), Minister of Health Order No. 34 of 21.08.2023, Ministry of Justice reg. No. 3455 of 31.08.2023. Position is the row number the act itself prints, kept as printed (including its repeated and out-of-sequence numbers).",2023-08-21 (registered 2023-08-31; in force 2023-09-04),https://lex.uz/docs/-6590070
35.4.,Nevirapin,"Uzbek, Latin script",,"List membership only - not a ranking, no counts. Asosiy dori vositalari roʻyxati (essential medicines list), Minister of Health Order No. 34 of 21.08.2023, Ministry of Justice reg. No. 3455 of 31.08.2023. Position is the row number the act itself prints, kept as printed (including its repeated and out-of-sequence numbers).",2023-08-21 (registered 2023-08-31; in force 2023-09-04),https://lex.uz/docs/-6590070
35.5.,Abakavir,"Uzbek, Latin script",,"List membership only - not a ranking, no counts. Asosiy dori vositalari roʻyxati (essential medicines list), Minister of Health Order No. 34 of 21.08.2023, Ministry of Justice reg. No. 3455 of 31.08.2023. Position is the row number the act itself prints, kept as printed (including its repeated and out-of-sequence numbers).",2023-08-21 (registered 2023-08-31; in force 2023-09-04),https://lex.uz/docs/-6590070
35.6.,Ritonavir,"Uzbek, Latin script",,"List membership only - not a ranking, no counts. Asosiy dori vositalari roʻyxati (essential medicines list), Minister of Health Order No. 34 of 21.08.2023, Ministry of Justice reg. No. 3455 of 31.08.2023. Position is the row number the act itself prints, kept as printed (including its repeated and out-of-sequence numbers).",2023-08-21 (registered 2023-08-31; in force 2023-09-04),https://lex.uz/docs/-6590070
35.7.,Lamivudin + Zidovudin,"Uzbek, Latin script",,"List membership only - not a ranking, no counts. Asosiy dori vositalari roʻyxati (essential medicines list), Minister of Health Order No. 34 of 21.08.2023, Ministry of Justice reg. No. 3455 of 31.08.2023. Position is the row number the act itself prints, kept as printed (including its repeated and out-of-sequence numbers).",2023-08-21 (registered 2023-08-31; in force 2023-09-04),https://lex.uz/docs/-6590070
35.8.,Lopinavir + Ritonavir,"Uzbek, Latin script",,"List membership only - not a ranking, no counts. Asosiy dori vositalari roʻyxati (essential medicines list), Minister of Health Order No. 34 of 21.08.2023, Ministry of Justice reg. No. 3455 of 31.08.2023. Position is the row number the act itself prints, kept as printed (including its repeated and out-of-sequence numbers).",2023-08-21 (registered 2023-08-31; in force 2023-09-04),https://lex.uz/docs/-6590070
35.9.,Lamivudin + Tenofovir dizoproksil fumarat,"Uzbek, Latin script",,"List membership only - not a ranking, no counts. Asosiy dori vositalari roʻyxati (essential medicines list), Minister of Health Order No. 34 of 21.08.2023, Ministry of Justice reg. No. 3455 of 31.08.2023. Position is the row number the act itself prints, kept as printed (including its repeated and out-of-sequence numbers).",2023-08-21 (registered 2023-08-31; in force 2023-09-04),https://lex.uz/docs/-6590070
35.10.,Emtritsitabin + Tenofovir,"Uzbek, Latin script",,"List membership only - not a ranking, no counts. Asosiy dori vositalari roʻyxati (essential medicines list), Minister of Health Order No. 34 of 21.08.2023, Ministry of Justice reg. No. 3455 of 31.08.2023. Position is the row number the act itself prints, kept as printed (including its repeated and out-of-sequence numbers).",2023-08-21 (registered 2023-08-31; in force 2023-09-04),https://lex.uz/docs/-6590070
35.11.,Emtritsitabin + Tenofovir + efavirens,"Uzbek, Latin script",,"List membership only - not a ranking, no counts. Asosiy dori vositalari roʻyxati (essential medicines list), Minister of Health Order No. 34 of 21.08.2023, Ministry of Justice reg. No. 3455 of 31.08.2023. Position is the row number the act itself prints, kept as printed (including its repeated and out-of-sequence numbers).",2023-08-21 (registered 2023-08-31; in force 2023-09-04),https://lex.uz/docs/-6590070
35.12.,Zidovudin,"Uzbek, Latin script",,"List membership only - not a ranking, no counts. Asosiy dori vositalari roʻyxati (essential medicines list), Minister of Health Order No. 34 of 21.08.2023, Ministry of Justice reg. No. 3455 of 31.08.2023. Position is the row number the act itself prints, kept as printed (including its repeated and out-of-sequence numbers).",2023-08-21 (registered 2023-08-31; in force 2023-09-04),https://lex.uz/docs/-6590070
35.13.,Atazanavir + Ritonavir,"Uzbek, Latin script",,"List membership only - not a ranking, no counts. Asosiy dori vositalari roʻyxati (essential medicines list), Minister of Health Order No. 34 of 21.08.2023, Ministry of Justice reg. No. 3455 of 31.08.2023. Position is the row number the act itself prints, kept as printed (including its repeated and out-of-sequence numbers).",2023-08-21 (registered 2023-08-31; in force 2023-09-04),https://lex.uz/docs/-6590070
35.14.,Dolutegravir,"Uzbek, Latin script",,"List membership only - not a ranking, no counts. Asosiy dori vositalari roʻyxati (essential medicines list), Minister of Health Order No. 34 of 21.08.2023, Ministry of Justice reg. No. 3455 of 31.08.2023. Position is the row number the act itself prints, kept as printed (including its repeated and out-of-sequence numbers).",2023-08-21 (registered 2023-08-31; in force 2023-09-04),https://lex.uz/docs/-6590070
35.15.,Darunavir,"Uzbek, Latin script",,"List membership only - not a ranking, no counts. Asosiy dori vositalari roʻyxati (essential medicines list), Minister of Health Order No. 34 of 21.08.2023, Ministry of Justice reg. No. 3455 of 31.08.2023. Position is the row number the act itself prints, kept as printed (including its repeated and out-of-sequence numbers).",2023-08-21 (registered 2023-08-31; in force 2023-09-04),https://lex.uz/docs/-6590070
35.16.,Efavirenz + Lamivudin + Tenofovir,"Uzbek, Latin script",,"List membership only - not a ranking, no counts. Asosiy dori vositalari roʻyxati (essential medicines list), Minister of Health Order No. 34 of 21.08.2023, Ministry of Justice reg. No. 3455 of 31.08.2023. Position is the row number the act itself prints, kept as printed (including its repeated and out-of-sequence numbers).",2023-08-21 (registered 2023-08-31; in force 2023-09-04),https://lex.uz/docs/-6590070
35.17.,Dolutegravir + Lamivudin + Tenofovir,"Uzbek, Latin script",,"List membership only - not a ranking, no counts. Asosiy dori vositalari roʻyxati (essential medicines list), Minister of Health Order No. 34 of 21.08.2023, Ministry of Justice reg. No. 3455 of 31.08.2023. Position is the row number the act itself prints, kept as printed (including its repeated and out-of-sequence numbers).",2023-08-21 (registered 2023-08-31; in force 2023-09-04),https://lex.uz/docs/-6590070
35.18.,Abakavir + lamivudin + dolutegravir,"Uzbek, Latin script",,"List membership only - not a ranking, no counts. Asosiy dori vositalari roʻyxati (essential medicines list), Minister of Health Order No. 34 of 21.08.2023, Ministry of Justice reg. No. 3455 of 31.08.2023. Position is the row number the act itself prints, kept as printed (including its repeated and out-of-sequence numbers).",2023-08-21 (registered 2023-08-31; in force 2023-09-04),https://lex.uz/docs/-6590070
35.19.,Abakavir + lamivudin,"Uzbek, Latin script",,"List membership only - not a ranking, no counts. Asosiy dori vositalari roʻyxati (essential medicines list), Minister of Health Order No. 34 of 21.08.2023, Ministry of Justice reg. No. 3455 of 31.08.2023. Position is the row number the act itself prints, kept as printed (including its repeated and out-of-sequence numbers).",2023-08-21 (registered 2023-08-31; in force 2023-09-04),https://lex.uz/docs/-6590070
35.20.,Entekavir,"Uzbek, Latin script",,"List membership only - not a ranking, no counts. Asosiy dori vositalari roʻyxati (essential medicines list), Minister of Health Order No. 34 of 21.08.2023, Ministry of Justice reg. No. 3455 of 31.08.2023. Position is the row number the act itself prints, kept as printed (including its repeated and out-of-sequence numbers).",2023-08-21 (registered 2023-08-31; in force 2023-09-04),https://lex.uz/docs/-6590070
35.21.,Sofosbuvir,"Uzbek, Latin script",,"List membership only - not a ranking, no counts. Asosiy dori vositalari roʻyxati (essential medicines list), Minister of Health Order No. 34 of 21.08.2023, Ministry of Justice reg. No. 3455 of 31.08.2023. Position is the row number the act itself prints, kept as printed (including its repeated and out-of-sequence numbers).",2023-08-21 (registered 2023-08-31; in force 2023-09-04),https://lex.uz/docs/-6590070
35.22.,Ledipasvir + sofosbuvir,"Uzbek, Latin script",,"List membership only - not a ranking, no counts. Asosiy dori vositalari roʻyxati (essential medicines list), Minister of Health Order No. 34 of 21.08.2023, Ministry of Justice reg. No. 3455 of 31.08.2023. Position is the row number the act itself prints, kept as printed (including its repeated and out-of-sequence numbers).",2023-08-21 (registered 2023-08-31; in force 2023-09-04),https://lex.uz/docs/-6590070
35.23.,Daklatosvir,"Uzbek, Latin script",,"List membership only - not a ranking, no counts. Asosiy dori vositalari roʻyxati (essential medicines list), Minister of Health Order No. 34 of 21.08.2023, Ministry of Justice reg. No. 3455 of 31.08.2023. Position is the row number the act itself prints, kept as printed (including its repeated and out-of-sequence numbers).",2023-08-21 (registered 2023-08-31; in force 2023-09-04),https://lex.uz/docs/-6590070
35.24.,Valatsiklovir,"Uzbek, Latin script",,"List membership only - not a ranking, no counts. Asosiy dori vositalari roʻyxati (essential medicines list), Minister of Health Order No. 34 of 21.08.2023, Ministry of Justice reg. No. 3455 of 31.08.2023. Position is the row number the act itself prints, kept as printed (including its repeated and out-of-sequence numbers).",2023-08-21 (registered 2023-08-31; in force 2023-09-04),https://lex.uz/docs/-6590070
35.25.,Interferon alfa-2b,"Uzbek, Latin script",,"List membership only - not a ranking, no counts. Asosiy dori vositalari roʻyxati (essential medicines list), Minister of Health Order No. 34 of 21.08.2023, Ministry of Justice reg. No. 3455 of 31.08.2023. Position is the row number the act itself prints, kept as printed (including its repeated and out-of-sequence numbers).",2023-08-21 (registered 2023-08-31; in force 2023-09-04),https://lex.uz/docs/-6590070
35.26.,Glyutamil-Sisteinil-Glitsin dinatriy,"Uzbek, Latin script",,"List membership only - not a ranking, no counts. Asosiy dori vositalari roʻyxati (essential medicines list), Minister of Health Order No. 34 of 21.08.2023, Ministry of Justice reg. No. 3455 of 31.08.2023. Position is the row number the act itself prints, kept as printed (including its repeated and out-of-sequence numbers).",2023-08-21 (registered 2023-08-31; in force 2023-09-04),https://lex.uz/docs/-6590070
36.1.1.,Aminokislotalarning ketoanaloglari,"Uzbek, Latin script",,"List membership only - not a ranking, no counts. Asosiy dori vositalari roʻyxati (essential medicines list), Minister of Health Order No. 34 of 21.08.2023, Ministry of Justice reg. No. 3455 of 31.08.2023. Position is the row number the act itself prints, kept as printed (including its repeated and out-of-sequence numbers).",2023-08-21 (registered 2023-08-31; in force 2023-09-04),https://lex.uz/docs/-6590070
36.2.1.,Sevelamer,"Uzbek, Latin script",,"List membership only - not a ranking, no counts. Asosiy dori vositalari roʻyxati (essential medicines list), Minister of Health Order No. 34 of 21.08.2023, Ministry of Justice reg. No. 3455 of 31.08.2023. Position is the row number the act itself prints, kept as printed (including its repeated and out-of-sequence numbers).",2023-08-21 (registered 2023-08-31; in force 2023-09-04),https://lex.uz/docs/-6590070
37.1.1.,Metronidazol,"Uzbek, Latin script",,"List membership only - not a ranking, no counts. Asosiy dori vositalari roʻyxati (essential medicines list), Minister of Health Order No. 34 of 21.08.2023, Ministry of Justice reg. No. 3455 of 31.08.2023. Position is the row number the act itself prints, kept as printed (including its repeated and out-of-sequence numbers).",2023-08-21 (registered 2023-08-31; in force 2023-09-04),https://lex.uz/docs/-6590070
37.2.1.,Flukonazol,"Uzbek, Latin script",,"List membership only - not a ranking, no counts. Asosiy dori vositalari roʻyxati (essential medicines list), Minister of Health Order No. 34 of 21.08.2023, Ministry of Justice reg. No. 3455 of 31.08.2023. Position is the row number the act itself prints, kept as printed (including its repeated and out-of-sequence numbers).",2023-08-21 (registered 2023-08-31; in force 2023-09-04),https://lex.uz/docs/-6590070
37.2.2.,Terbinafin,"Uzbek, Latin script",,"List membership only - not a ranking, no counts. Asosiy dori vositalari roʻyxati (essential medicines list), Minister of Health Order No. 34 of 21.08.2023, Ministry of Justice reg. No. 3455 of 31.08.2023. Position is the row number the act itself prints, kept as printed (including its repeated and out-of-sequence numbers).",2023-08-21 (registered 2023-08-31; in force 2023-09-04),https://lex.uz/docs/-6590070
37.2.3.,Itrakonazol,"Uzbek, Latin script",,"List membership only - not a ranking, no counts. Asosiy dori vositalari roʻyxati (essential medicines list), Minister of Health Order No. 34 of 21.08.2023, Ministry of Justice reg. No. 3455 of 31.08.2023. Position is the row number the act itself prints, kept as printed (including its repeated and out-of-sequence numbers).",2023-08-21 (registered 2023-08-31; in force 2023-09-04),https://lex.uz/docs/-6590070
37.2.4.,Grizeofulvin,"Uzbek, Latin script",,"List membership only - not a ranking, no counts. Asosiy dori vositalari roʻyxati (essential medicines list), Minister of Health Order No. 34 of 21.08.2023, Ministry of Justice reg. No. 3455 of 31.08.2023. Position is the row number the act itself prints, kept as printed (including its repeated and out-of-sequence numbers).",2023-08-21 (registered 2023-08-31; in force 2023-09-04),https://lex.uz/docs/-6590070
37.2.5.,Ketokonazol,"Uzbek, Latin script",,"List membership only - not a ranking, no counts. Asosiy dori vositalari roʻyxati (essential medicines list), Minister of Health Order No. 34 of 21.08.2023, Ministry of Justice reg. No. 3455 of 31.08.2023. Position is the row number the act itself prints, kept as printed (including its repeated and out-of-sequence numbers).",2023-08-21 (registered 2023-08-31; in force 2023-09-04),https://lex.uz/docs/-6590070
37.3.1.,Mebendazol,"Uzbek, Latin script",,"List membership only - not a ranking, no counts. Asosiy dori vositalari roʻyxati (essential medicines list), Minister of Health Order No. 34 of 21.08.2023, Ministry of Justice reg. No. 3455 of 31.08.2023. Position is the row number the act itself prints, kept as printed (including its repeated and out-of-sequence numbers).",2023-08-21 (registered 2023-08-31; in force 2023-09-04),https://lex.uz/docs/-6590070
37.3.2.,Albendazol,"Uzbek, Latin script",,"List membership only - not a ranking, no counts. Asosiy dori vositalari roʻyxati (essential medicines list), Minister of Health Order No. 34 of 21.08.2023, Ministry of Justice reg. No. 3455 of 31.08.2023. Position is the row number the act itself prints, kept as printed (including its repeated and out-of-sequence numbers).",2023-08-21 (registered 2023-08-31; in force 2023-09-04),https://lex.uz/docs/-6590070
37.3.3.,Niklozamid,"Uzbek, Latin script",,"List membership only - not a ranking, no counts. Asosiy dori vositalari roʻyxati (essential medicines list), Minister of Health Order No. 34 of 21.08.2023, Ministry of Justice reg. No. 3455 of 31.08.2023. Position is the row number the act itself prints, kept as printed (including its repeated and out-of-sequence numbers).",2023-08-21 (registered 2023-08-31; in force 2023-09-04),https://lex.uz/docs/-6590070
38.1.,Yod,"Uzbek, Latin script",,"List membership only - not a ranking, no counts. Asosiy dori vositalari roʻyxati (essential medicines list), Minister of Health Order No. 34 of 21.08.2023, Ministry of Justice reg. No. 3455 of 31.08.2023. Position is the row number the act itself prints, kept as printed (including its repeated and out-of-sequence numbers).",2023-08-21 (registered 2023-08-31; in force 2023-09-04),https://lex.uz/docs/-6590070
38.2.,Polividon — yod,"Uzbek, Latin script",,"List membership only - not a ranking, no counts. Asosiy dori vositalari roʻyxati (essential medicines list), Minister of Health Order No. 34 of 21.08.2023, Ministry of Justice reg. No. 3455 of 31.08.2023. Position is the row number the act itself prints, kept as printed (including its repeated and out-of-sequence numbers).",2023-08-21 (registered 2023-08-31; in force 2023-09-04),https://lex.uz/docs/-6590070
38.3.,Nitrofural,"Uzbek, Latin script",,"List membership only - not a ranking, no counts. Asosiy dori vositalari roʻyxati (essential medicines list), Minister of Health Order No. 34 of 21.08.2023, Ministry of Justice reg. No. 3455 of 31.08.2023. Position is the row number the act itself prints, kept as printed (including its repeated and out-of-sequence numbers).",2023-08-21 (registered 2023-08-31; in force 2023-09-04),https://lex.uz/docs/-6590070
38.4.,Malaxit koʻki,"Uzbek, Latin script",,"List membership only - not a ranking, no counts. Asosiy dori vositalari roʻyxati (essential medicines list), Minister of Health Order No. 34 of 21.08.2023, Ministry of Justice reg. No. 3455 of 31.08.2023. Position is the row number the act itself prints, kept as printed (including its repeated and out-of-sequence numbers).",2023-08-21 (registered 2023-08-31; in force 2023-09-04),https://lex.uz/docs/-6590070
38.5.,Rezorsin + Borat kislota + Fenol + Atseton,"Uzbek, Latin script",,"List membership only - not a ranking, no counts. Asosiy dori vositalari roʻyxati (essential medicines list), Minister of Health Order No. 34 of 21.08.2023, Ministry of Justice reg. No. 3455 of 31.08.2023. Position is the row number the act itself prints, kept as printed (including its repeated and out-of-sequence numbers).",2023-08-21 (registered 2023-08-31; in force 2023-09-04),https://lex.uz/docs/-6590070
38.6.,Vodorod peroksid,"Uzbek, Latin script",,"List membership only - not a ranking, no counts. Asosiy dori vositalari roʻyxati (essential medicines list), Minister of Health Order No. 34 of 21.08.2023, Ministry of Justice reg. No. 3455 of 31.08.2023. Position is the row number the act itself prints, kept as printed (including its repeated and out-of-sequence numbers).",2023-08-21 (registered 2023-08-31; in force 2023-09-04),https://lex.uz/docs/-6590070
38.7.,Xlorgeksidin,"Uzbek, Latin script",,"List membership only - not a ranking, no counts. Asosiy dori vositalari roʻyxati (essential medicines list), Minister of Health Order No. 34 of 21.08.2023, Ministry of Justice reg. No. 3455 of 31.08.2023. Position is the row number the act itself prints, kept as printed (including its repeated and out-of-sequence numbers).",2023-08-21 (registered 2023-08-31; in force 2023-09-04),https://lex.uz/docs/-6590070
38.8.,Dekametoksin,"Uzbek, Latin script",,"List membership only - not a ranking, no counts. Asosiy dori vositalari roʻyxati (essential medicines list), Minister of Health Order No. 34 of 21.08.2023, Ministry of Justice reg. No. 3455 of 31.08.2023. Position is the row number the act itself prints, kept as printed (including its repeated and out-of-sequence numbers).",2023-08-21 (registered 2023-08-31; in force 2023-09-04),https://lex.uz/docs/-6590070
38.9.,Xloramfenikol + Metiluratsil,"Uzbek, Latin script",,"List membership only - not a ranking, no counts. Asosiy dori vositalari roʻyxati (essential medicines list), Minister of Health Order No. 34 of 21.08.2023, Ministry of Justice reg. No. 3455 of 31.08.2023. Position is the row number the act itself prints, kept as printed (including its repeated and out-of-sequence numbers).",2023-08-21 (registered 2023-08-31; in force 2023-09-04),https://lex.uz/docs/-6590070
38.10.,Salitsil kislota,"Uzbek, Latin script",,"List membership only - not a ranking, no counts. Asosiy dori vositalari roʻyxati (essential medicines list), Minister of Health Order No. 34 of 21.08.2023, Ministry of Justice reg. No. 3455 of 31.08.2023. Position is the row number the act itself prints, kept as printed (including its repeated and out-of-sequence numbers).",2023-08-21 (registered 2023-08-31; in force 2023-09-04),https://lex.uz/docs/-6590070
38.11.,Borat kislotasi,"Uzbek, Latin script",,"List membership only - not a ranking, no counts. Asosiy dori vositalari roʻyxati (essential medicines list), Minister of Health Order No. 34 of 21.08.2023, Ministry of Justice reg. No. 3455 of 31.08.2023. Position is the row number the act itself prints, kept as printed (including its repeated and out-of-sequence numbers).",2023-08-21 (registered 2023-08-31; in force 2023-09-04),https://lex.uz/docs/-6590070
38.12.,Etanol,"Uzbek, Latin script",,"List membership only - not a ranking, no counts. Asosiy dori vositalari roʻyxati (essential medicines list), Minister of Health Order No. 34 of 21.08.2023, Ministry of Justice reg. No. 3455 of 31.08.2023. Position is the row number the act itself prints, kept as printed (including its repeated and out-of-sequence numbers).",2023-08-21 (registered 2023-08-31; in force 2023-09-04),https://lex.uz/docs/-6590070
38.13.,Ammiak suyultirilgan eritma,"Uzbek, Latin script",,"List membership only - not a ranking, no counts. Asosiy dori vositalari roʻyxati (essential medicines list), Minister of Health Order No. 34 of 21.08.2023, Ministry of Justice reg. No. 3455 of 31.08.2023. Position is the row number the act itself prints, kept as printed (including its repeated and out-of-sequence numbers).",2023-08-21 (registered 2023-08-31; in force 2023-09-04),https://lex.uz/docs/-6590070
39.1.,Benzilbenzoat,"Uzbek, Latin script",,"List membership only - not a ranking, no counts. Asosiy dori vositalari roʻyxati (essential medicines list), Minister of Health Order No. 34 of 21.08.2023, Ministry of Justice reg. No. 3455 of 31.08.2023. Position is the row number the act itself prints, kept as printed (including its repeated and out-of-sequence numbers).",2023-08-21 (registered 2023-08-31; in force 2023-09-04),https://lex.uz/docs/-6590070
39.2.,Tindirilgan oltingugurt,"Uzbek, Latin script",,"List membership only - not a ranking, no counts. Asosiy dori vositalari roʻyxati (essential medicines list), Minister of Health Order No. 34 of 21.08.2023, Ministry of Justice reg. No. 3455 of 31.08.2023. Position is the row number the act itself prints, kept as printed (including its repeated and out-of-sequence numbers).",2023-08-21 (registered 2023-08-31; in force 2023-09-04),https://lex.uz/docs/-6590070
39.3.1.,Permetrin,"Uzbek, Latin script",,"List membership only - not a ranking, no counts. Asosiy dori vositalari roʻyxati (essential medicines list), Minister of Health Order No. 34 of 21.08.2023, Ministry of Justice reg. No. 3455 of 31.08.2023. Position is the row number the act itself prints, kept as printed (including its repeated and out-of-sequence numbers).",2023-08-21 (registered 2023-08-31; in force 2023-09-04),https://lex.uz/docs/-6590070
40.1.1.,Siklofosfamid,"Uzbek, Latin script",,"List membership only - not a ranking, no counts. Asosiy dori vositalari roʻyxati (essential medicines list), Minister of Health Order No. 34 of 21.08.2023, Ministry of Justice reg. No. 3455 of 31.08.2023. Position is the row number the act itself prints, kept as printed (including its repeated and out-of-sequence numbers).",2023-08-21 (registered 2023-08-31; in force 2023-09-04),https://lex.uz/docs/-6590070
40.1.2.,Ifosfamid + Mesna,"Uzbek, Latin script",,"List membership only - not a ranking, no counts. Asosiy dori vositalari roʻyxati (essential medicines list), Minister of Health Order No. 34 of 21.08.2023, Ministry of Justice reg. No. 3455 of 31.08.2023. Position is the row number the act itself prints, kept as printed (including its repeated and out-of-sequence numbers).",2023-08-21 (registered 2023-08-31; in force 2023-09-04),https://lex.uz/docs/-6590070
40.1.3.,Dakarbazin,"Uzbek, Latin script",,"List membership only - not a ranking, no counts. Asosiy dori vositalari roʻyxati (essential medicines list), Minister of Health Order No. 34 of 21.08.2023, Ministry of Justice reg. No. 3455 of 31.08.2023. Position is the row number the act itself prints, kept as printed (including its repeated and out-of-sequence numbers).",2023-08-21 (registered 2023-08-31; in force 2023-09-04),https://lex.uz/docs/-6590070
40.1.4.,Oksaliplatin,"Uzbek, Latin script",,"List membership only - not a ranking, no counts. Asosiy dori vositalari roʻyxati (essential medicines list), Minister of Health Order No. 34 of 21.08.2023, Ministry of Justice reg. No. 3455 of 31.08.2023. Position is the row number the act itself prints, kept as printed (including its repeated and out-of-sequence numbers).",2023-08-21 (registered 2023-08-31; in force 2023-09-04),https://lex.uz/docs/-6590070
40.1.5.,Sisplatin,"Uzbek, Latin script",,"List membership only - not a ranking, no counts. Asosiy dori vositalari roʻyxati (essential medicines list), Minister of Health Order No. 34 of 21.08.2023, Ministry of Justice reg. No. 3455 of 31.08.2023. Position is the row number the act itself prints, kept as printed (including its repeated and out-of-sequence numbers).",2023-08-21 (registered 2023-08-31; in force 2023-09-04),https://lex.uz/docs/-6590070
40.1.6.,Gidroksikarbamid,"Uzbek, Latin script",,"List membership only - not a ranking, no counts. Asosiy dori vositalari roʻyxati (essential medicines list), Minister of Health Order No. 34 of 21.08.2023, Ministry of Justice reg. No. 3455 of 31.08.2023. Position is the row number the act itself prints, kept as printed (including its repeated and out-of-sequence numbers).",2023-08-21 (registered 2023-08-31; in force 2023-09-04),https://lex.uz/docs/-6590070
40.1.7.,Temozolamid,"Uzbek, Latin script",,"List membership only - not a ranking, no counts. Asosiy dori vositalari roʻyxati (essential medicines list), Minister of Health Order No. 34 of 21.08.2023, Ministry of Justice reg. No. 3455 of 31.08.2023. Position is the row number the act itself prints, kept as printed (including its repeated and out-of-sequence numbers).",2023-08-21 (registered 2023-08-31; in force 2023-09-04),https://lex.uz/docs/-6590070
40.2.1.,5-ftoruratsil,"Uzbek, Latin script",,"List membership only - not a ranking, no counts. Asosiy dori vositalari roʻyxati (essential medicines list), Minister of Health Order No. 34 of 21.08.2023, Ministry of Justice reg. No. 3455 of 31.08.2023. Position is the row number the act itself prints, kept as printed (including its repeated and out-of-sequence numbers).",2023-08-21 (registered 2023-08-31; in force 2023-09-04),https://lex.uz/docs/-6590070
40.2.2.,Kapetsitabin,"Uzbek, Latin script",,"List membership only - not a ranking, no counts. Asosiy dori vositalari roʻyxati (essential medicines list), Minister of Health Order No. 34 of 21.08.2023, Ministry of Justice reg. No. 3455 of 31.08.2023. Position is the row number the act itself prints, kept as printed (including its repeated and out-of-sequence numbers).",2023-08-21 (registered 2023-08-31; in force 2023-09-04),https://lex.uz/docs/-6590070
40.2.3.,Gemsitabin,"Uzbek, Latin script",,"List membership only - not a ranking, no counts. Asosiy dori vositalari roʻyxati (essential medicines list), Minister of Health Order No. 34 of 21.08.2023, Ministry of Justice reg. No. 3455 of 31.08.2023. Position is the row number the act itself prints, kept as printed (including its repeated and out-of-sequence numbers).",2023-08-21 (registered 2023-08-31; in force 2023-09-04),https://lex.uz/docs/-6590070
40.2.4.,Sitarabin,"Uzbek, Latin script",,"List membership only - not a ranking, no counts. Asosiy dori vositalari roʻyxati (essential medicines list), Minister of Health Order No. 34 of 21.08.2023, Ministry of Justice reg. No. 3455 of 31.08.2023. Position is the row number the act itself prints, kept as printed (including its repeated and out-of-sequence numbers).",2023-08-21 (registered 2023-08-31; in force 2023-09-04),https://lex.uz/docs/-6590070
40.2.5.,Metotreksat,"Uzbek, Latin script",,"List membership only - not a ranking, no counts. Asosiy dori vositalari roʻyxati (essential medicines list), Minister of Health Order No. 34 of 21.08.2023, Ministry of Justice reg. No. 3455 of 31.08.2023. Position is the row number the act itself prints, kept as printed (including its repeated and out-of-sequence numbers).",2023-08-21 (registered 2023-08-31; in force 2023-09-04),https://lex.uz/docs/-6590070
40.2.6.,Pemetreksed,"Uzbek, Latin script",,"List membership only - not a ranking, no counts. Asosiy dori vositalari roʻyxati (essential medicines list), Minister of Health Order No. 34 of 21.08.2023, Ministry of Justice reg. No. 3455 of 31.08.2023. Position is the row number the act itself prints, kept as printed (including its repeated and out-of-sequence numbers).",2023-08-21 (registered 2023-08-31; in force 2023-09-04),https://lex.uz/docs/-6590070
40.3.1.,Doksorubitsin gidroxlorid,"Uzbek, Latin script",,"List membership only - not a ranking, no counts. Asosiy dori vositalari roʻyxati (essential medicines list), Minister of Health Order No. 34 of 21.08.2023, Ministry of Justice reg. No. 3455 of 31.08.2023. Position is the row number the act itself prints, kept as printed (including its repeated and out-of-sequence numbers).",2023-08-21 (registered 2023-08-31; in force 2023-09-04),https://lex.uz/docs/-6590070
40.4.1.,Irinotekan,"Uzbek, Latin script",,"List membership only - not a ranking, no counts. Asosiy dori vositalari roʻyxati (essential medicines list), Minister of Health Order No. 34 of 21.08.2023, Ministry of Justice reg. No. 3455 of 31.08.2023. Position is the row number the act itself prints, kept as printed (including its repeated and out-of-sequence numbers).",2023-08-21 (registered 2023-08-31; in force 2023-09-04),https://lex.uz/docs/-6590070
40.4.2.,Dotsetaksel,"Uzbek, Latin script",,"List membership only - not a ranking, no counts. Asosiy dori vositalari roʻyxati (essential medicines list), Minister of Health Order No. 34 of 21.08.2023, Ministry of Justice reg. No. 3455 of 31.08.2023. Position is the row number the act itself prints, kept as printed (including its repeated and out-of-sequence numbers).",2023-08-21 (registered 2023-08-31; in force 2023-09-04),https://lex.uz/docs/-6590070
40.4.3.,Etopozid,"Uzbek, Latin script",,"List membership only - not a ranking, no counts. Asosiy dori vositalari roʻyxati (essential medicines list), Minister of Health Order No. 34 of 21.08.2023, Ministry of Justice reg. No. 3455 of 31.08.2023. Position is the row number the act itself prints, kept as printed (including its repeated and out-of-sequence numbers).",2023-08-21 (registered 2023-08-31; in force 2023-09-04),https://lex.uz/docs/-6590070
40.4.4.,Vinorelbin,"Uzbek, Latin script",,"List membership only - not a ranking, no counts. Asosiy dori vositalari roʻyxati (essential medicines list), Minister of Health Order No. 34 of 21.08.2023, Ministry of Justice reg. No. 3455 of 31.08.2023. Position is the row number the act itself prints, kept as printed (including its repeated and out-of-sequence numbers).",2023-08-21 (registered 2023-08-31; in force 2023-09-04),https://lex.uz/docs/-6590070
40.4.5.,Paklitaksel,"Uzbek, Latin script",,"List membership only - not a ranking, no counts. Asosiy dori vositalari roʻyxati (essential medicines list), Minister of Health Order No. 34 of 21.08.2023, Ministry of Justice reg. No. 3455 of 31.08.2023. Position is the row number the act itself prints, kept as printed (including its repeated and out-of-sequence numbers).",2023-08-21 (registered 2023-08-31; in force 2023-09-04),https://lex.uz/docs/-6590070
40.4.6.,Vinkristin sulfat,"Uzbek, Latin script",,"List membership only - not a ranking, no counts. Asosiy dori vositalari roʻyxati (essential medicines list), Minister of Health Order No. 34 of 21.08.2023, Ministry of Justice reg. No. 3455 of 31.08.2023. Position is the row number the act itself prints, kept as printed (including its repeated and out-of-sequence numbers).",2023-08-21 (registered 2023-08-31; in force 2023-09-04),https://lex.uz/docs/-6590070
40.5.1.,L-Asparaginaza,"Uzbek, Latin script",,"List membership only - not a ranking, no counts. Asosiy dori vositalari roʻyxati (essential medicines list), Minister of Health Order No. 34 of 21.08.2023, Ministry of Justice reg. No. 3455 of 31.08.2023. Position is the row number the act itself prints, kept as printed (including its repeated and out-of-sequence numbers).",2023-08-21 (registered 2023-08-31; in force 2023-09-04),https://lex.uz/docs/-6590070
40.6.1.,Tamoksifen,"Uzbek, Latin script",,"List membership only - not a ranking, no counts. Asosiy dori vositalari roʻyxati (essential medicines list), Minister of Health Order No. 34 of 21.08.2023, Ministry of Justice reg. No. 3455 of 31.08.2023. Position is the row number the act itself prints, kept as printed (including its repeated and out-of-sequence numbers).",2023-08-21 (registered 2023-08-31; in force 2023-09-04),https://lex.uz/docs/-6590070
40.7.1.,Letrozol,"Uzbek, Latin script",,"List membership only - not a ranking, no counts. Asosiy dori vositalari roʻyxati (essential medicines list), Minister of Health Order No. 34 of 21.08.2023, Ministry of Justice reg. No. 3455 of 31.08.2023. Position is the row number the act itself prints, kept as printed (including its repeated and out-of-sequence numbers).",2023-08-21 (registered 2023-08-31; in force 2023-09-04),https://lex.uz/docs/-6590070
40.8.1.,Kalsium folinat,"Uzbek, Latin script",,"List membership only - not a ranking, no counts. Asosiy dori vositalari roʻyxati (essential medicines list), Minister of Health Order No. 34 of 21.08.2023, Ministry of Justice reg. No. 3455 of 31.08.2023. Position is the row number the act itself prints, kept as printed (including its repeated and out-of-sequence numbers).",2023-08-21 (registered 2023-08-31; in force 2023-09-04),https://lex.uz/docs/-6590070
40.9.1.,Filgrastim,"Uzbek, Latin script",,"List membership only - not a ranking, no counts. Asosiy dori vositalari roʻyxati (essential medicines list), Minister of Health Order No. 34 of 21.08.2023, Ministry of Justice reg. No. 3455 of 31.08.2023. Position is the row number the act itself prints, kept as printed (including its repeated and out-of-sequence numbers).",2023-08-21 (registered 2023-08-31; in force 2023-09-04),https://lex.uz/docs/-6590070
40.10.1.,Zoledron kislotasi,"Uzbek, Latin script",,"List membership only - not a ranking, no counts. Asosiy dori vositalari roʻyxati (essential medicines list), Minister of Health Order No. 34 of 21.08.2023, Ministry of Justice reg. No. 3455 of 31.08.2023. Position is the row number the act itself prints, kept as printed (including its repeated and out-of-sequence numbers).",2023-08-21 (registered 2023-08-31; in force 2023-09-04),https://lex.uz/docs/-6590070
40.11.1.,Bleomitsin,"Uzbek, Latin script",,"List membership only - not a ranking, no counts. Asosiy dori vositalari roʻyxati (essential medicines list), Minister of Health Order No. 34 of 21.08.2023, Ministry of Justice reg. No. 3455 of 31.08.2023. Position is the row number the act itself prints, kept as printed (including its repeated and out-of-sequence numbers).",2023-08-21 (registered 2023-08-31; in force 2023-09-04),https://lex.uz/docs/-6590070
40.11.2.,Karboplatin,"Uzbek, Latin script",,"List membership only - not a ranking, no counts. Asosiy dori vositalari roʻyxati (essential medicines list), Minister of Health Order No. 34 of 21.08.2023, Ministry of Justice reg. No. 3455 of 31.08.2023. Position is the row number the act itself prints, kept as printed (including its repeated and out-of-sequence numbers).",2023-08-21 (registered 2023-08-31; in force 2023-09-04),https://lex.uz/docs/-6590070
40.12.1.,Trastuzumab,"Uzbek, Latin script",,"List membership only - not a ranking, no counts. Asosiy dori vositalari roʻyxati (essential medicines list), Minister of Health Order No. 34 of 21.08.2023, Ministry of Justice reg. No. 3455 of 31.08.2023. Position is the row number the act itself prints, kept as printed (including its repeated and out-of-sequence numbers).",2023-08-21 (registered 2023-08-31; in force 2023-09-04),https://lex.uz/docs/-6590070
40.12.2.,Rituksimab,"Uzbek, Latin script",,"List membership only - not a ranking, no counts. Asosiy dori vositalari roʻyxati (essential medicines list), Minister of Health Order No. 34 of 21.08.2023, Ministry of Justice reg. No. 3455 of 31.08.2023. Position is the row number the act itself prints, kept as printed (including its repeated and out-of-sequence numbers).",2023-08-21 (registered 2023-08-31; in force 2023-09-04),https://lex.uz/docs/-6590070
40.12.3.,Bevatsizumab,"Uzbek, Latin script",,"List membership only - not a ranking, no counts. Asosiy dori vositalari roʻyxati (essential medicines list), Minister of Health Order No. 34 of 21.08.2023, Ministry of Justice reg. No. 3455 of 31.08.2023. Position is the row number the act itself prints, kept as printed (including its repeated and out-of-sequence numbers).",2023-08-21 (registered 2023-08-31; in force 2023-09-04),https://lex.uz/docs/-6590070
40.12.4.,Setuksimab,"Uzbek, Latin script",,"List membership only - not a ranking, no counts. Asosiy dori vositalari roʻyxati (essential medicines list), Minister of Health Order No. 34 of 21.08.2023, Ministry of Justice reg. No. 3455 of 31.08.2023. Position is the row number the act itself prints, kept as printed (including its repeated and out-of-sequence numbers).",2023-08-21 (registered 2023-08-31; in force 2023-09-04),https://lex.uz/docs/-6590070
40.12.5.,Pazopanib,"Uzbek, Latin script",,"List membership only - not a ranking, no counts. Asosiy dori vositalari roʻyxati (essential medicines list), Minister of Health Order No. 34 of 21.08.2023, Ministry of Justice reg. No. 3455 of 31.08.2023. Position is the row number the act itself prints, kept as printed (including its repeated and out-of-sequence numbers).",2023-08-21 (registered 2023-08-31; in force 2023-09-04),https://lex.uz/docs/-6590070
40.13.1.,Totsilizumab,"Uzbek, Latin script",,"List membership only - not a ranking, no counts. Asosiy dori vositalari roʻyxati (essential medicines list), Minister of Health Order No. 34 of 21.08.2023, Ministry of Justice reg. No. 3455 of 31.08.2023. Position is the row number the act itself prints, kept as printed (including its repeated and out-of-sequence numbers).",2023-08-21 (registered 2023-08-31; in force 2023-09-04),https://lex.uz/docs/-6590070
40.14.1.,Siklosporin,"Uzbek, Latin script",,"List membership only - not a ranking, no counts. Asosiy dori vositalari roʻyxati (essential medicines list), Minister of Health Order No. 34 of 21.08.2023, Ministry of Justice reg. No. 3455 of 31.08.2023. Position is the row number the act itself prints, kept as printed (including its repeated and out-of-sequence numbers).",2023-08-21 (registered 2023-08-31; in force 2023-09-04),https://lex.uz/docs/-6590070
40.14.2.,Takrolimus,"Uzbek, Latin script",,"List membership only - not a ranking, no counts. Asosiy dori vositalari roʻyxati (essential medicines list), Minister of Health Order No. 34 of 21.08.2023, Ministry of Justice reg. No. 3455 of 31.08.2023. Position is the row number the act itself prints, kept as printed (including its repeated and out-of-sequence numbers).",2023-08-21 (registered 2023-08-31; in force 2023-09-04),https://lex.uz/docs/-6590070
40.14.3.,Mikofenolat mofetil,"Uzbek, Latin script",,"List membership only - not a ranking, no counts. Asosiy dori vositalari roʻyxati (essential medicines list), Minister of Health Order No. 34 of 21.08.2023, Ministry of Justice reg. No. 3455 of 31.08.2023. Position is the row number the act itself prints, kept as printed (including its repeated and out-of-sequence numbers).",2023-08-21 (registered 2023-08-31; in force 2023-09-04),https://lex.uz/docs/-6590070
40.14.4.,Mikofenol kislotasi,"Uzbek, Latin script",,"List membership only - not a ranking, no counts. Asosiy dori vositalari roʻyxati (essential medicines list), Minister of Health Order No. 34 of 21.08.2023, Ministry of Justice reg. No. 3455 of 31.08.2023. Position is the row number the act itself prints, kept as printed (including its repeated and out-of-sequence numbers).",2023-08-21 (registered 2023-08-31; in force 2023-09-04),https://lex.uz/docs/-6590070
40.14.5.,Baziliksimab,"Uzbek, Latin script",,"List membership only - not a ranking, no counts. Asosiy dori vositalari roʻyxati (essential medicines list), Minister of Health Order No. 34 of 21.08.2023, Ministry of Justice reg. No. 3455 of 31.08.2023. Position is the row number the act itself prints, kept as printed (including its repeated and out-of-sequence numbers).",2023-08-21 (registered 2023-08-31; in force 2023-09-04),https://lex.uz/docs/-6590070
41.1.,Bariy sulfat,"Uzbek, Latin script",,"List membership only - not a ranking, no counts. Asosiy dori vositalari roʻyxati (essential medicines list), Minister of Health Order No. 34 of 21.08.2023, Ministry of Justice reg. No. 3455 of 31.08.2023. Position is the row number the act itself prints, kept as printed (including its repeated and out-of-sequence numbers).",2023-08-21 (registered 2023-08-31; in force 2023-09-04),https://lex.uz/docs/-6590070
41.2.,Yogeksol,"Uzbek, Latin script",,"List membership only - not a ranking, no counts. Asosiy dori vositalari roʻyxati (essential medicines list), Minister of Health Order No. 34 of 21.08.2023, Ministry of Justice reg. No. 3455 of 31.08.2023. Position is the row number the act itself prints, kept as printed (including its repeated and out-of-sequence numbers).",2023-08-21 (registered 2023-08-31; in force 2023-09-04),https://lex.uz/docs/-6590070
41.3.,Tuberkulin,"Uzbek, Latin script",,"List membership only - not a ranking, no counts. Asosiy dori vositalari roʻyxati (essential medicines list), Minister of Health Order No. 34 of 21.08.2023, Ministry of Justice reg. No. 3455 of 31.08.2023. Position is the row number the act itself prints, kept as printed (including its repeated and out-of-sequence numbers).",2023-08-21 (registered 2023-08-31; in force 2023-09-04),https://lex.uz/docs/-6590070
41.4.,Diaskintest,"Uzbek, Latin script",,"List membership only - not a ranking, no counts. Asosiy dori vositalari roʻyxati (essential medicines list), Minister of Health Order No. 34 of 21.08.2023, Ministry of Justice reg. No. 3455 of 31.08.2023. Position is the row number the act itself prints, kept as printed (including its repeated and out-of-sequence numbers).",2023-08-21 (registered 2023-08-31; in force 2023-09-04),https://lex.uz/docs/-6590070
42.1.,Surfaktant,"Uzbek, Latin script",,"List membership only - not a ranking, no counts. Asosiy dori vositalari roʻyxati (essential medicines list), Minister of Health Order No. 34 of 21.08.2023, Ministry of Justice reg. No. 3455 of 31.08.2023. Position is the row number the act itself prints, kept as printed (including its repeated and out-of-sequence numbers).",2023-08-21 (registered 2023-08-31; in force 2023-09-04),https://lex.uz/docs/-6590070
43.1.,Psoralen,"Uzbek, Latin script",,"List membership only - not a ranking, no counts. Asosiy dori vositalari roʻyxati (essential medicines list), Minister of Health Order No. 34 of 21.08.2023, Ministry of Justice reg. No. 3455 of 31.08.2023. Position is the row number the act itself prints, kept as printed (including its repeated and out-of-sequence numbers).",2023-08-21 (registered 2023-08-31; in force 2023-09-04),https://lex.uz/docs/-6590070
44.1.,"Askorutin (komb. preparat — askorbin kislotasi, rutin)","Uzbek, Latin script",,"List membership only - not a ranking, no counts. Asosiy dori vositalari roʻyxati (essential medicines list), Minister of Health Order No. 34 of 21.08.2023, Ministry of Justice reg. No. 3455 of 31.08.2023. Position is the row number the act itself prints, kept as printed (including its repeated and out-of-sequence numbers).",2023-08-21 (registered 2023-08-31; in force 2023-09-04),https://lex.uz/docs/-6590070
44.2.,Naʼmatak mevasi (Shipovnika plodi — Fructus Rosae),"Uzbek, Latin script",,"List membership only - not a ranking, no counts. Asosiy dori vositalari roʻyxati (essential medicines list), Minister of Health Order No. 34 of 21.08.2023, Ministry of Justice reg. No. 3455 of 31.08.2023. Position is the row number the act itself prints, kept as printed (including its repeated and out-of-sequence numbers).",2023-08-21 (registered 2023-08-31; in force 2023-09-04),https://lex.uz/docs/-6590070
45.1.,Makkajoʻxori onalik gulining ustunchasi bilan ogʻizchasi (Kukuruzi stolbiki s rilsami — Styli cum stigmatis Zeae maydis),"Uzbek, Latin script",,"List membership only - not a ranking, no counts. Asosiy dori vositalari roʻyxati (essential medicines list), Minister of Health Order No. 34 of 21.08.2023, Ministry of Justice reg. No. 3455 of 31.08.2023. Position is the row number the act itself prints, kept as printed (including its repeated and out-of-sequence numbers).",2023-08-21 (registered 2023-08-31; in force 2023-09-04),https://lex.uz/docs/-6590070
45.2.,Xojimatov safro haydovchi yigʻmasi (Jeljegonniy sbor Xojimatova — Species Cholagoge),"Uzbek, Latin script",,"List membership only - not a ranking, no counts. Asosiy dori vositalari roʻyxati (essential medicines list), Minister of Health Order No. 34 of 21.08.2023, Ministry of Justice reg. No. 3455 of 31.08.2023. Position is the row number the act itself prints, kept as printed (including its repeated and out-of-sequence numbers).",2023-08-21 (registered 2023-08-31; in force 2023-09-04),https://lex.uz/docs/-6590070
45.3.,Makkajoʻxori onalik gulining ustunchasi bilan ogʻizchasi (Kukuruzi stolbiki s rilsami — Styli cum stigmatis Zeae maydis),"Uzbek, Latin script",,"List membership only - not a ranking, no counts. Asosiy dori vositalari roʻyxati (essential medicines list), Minister of Health Order No. 34 of 21.08.2023, Ministry of Justice reg. No. 3455 of 31.08.2023. Position is the row number the act itself prints, kept as printed (including its repeated and out-of-sequence numbers).",2023-08-21 (registered 2023-08-31; in force 2023-09-04),https://lex.uz/docs/-6590070
45.4.,Xolosas (Rosae fructus),"Uzbek, Latin script",,"List membership only - not a ranking, no counts. Asosiy dori vositalari roʻyxati (essential medicines list), Minister of Health Order No. 34 of 21.08.2023, Ministry of Justice reg. No. 3455 of 31.08.2023. Position is the row number the act itself prints, kept as printed (including its repeated and out-of-sequence numbers).",2023-08-21 (registered 2023-08-31; in force 2023-09-04),https://lex.uz/docs/-6590070
46.1.,Doʻlana mevalari (Boyarishnika plodi — Fructus Crataegi),"Uzbek, Latin script",,"List membership only - not a ranking, no counts. Asosiy dori vositalari roʻyxati (essential medicines list), Minister of Health Order No. 34 of 21.08.2023, Ministry of Justice reg. No. 3455 of 31.08.2023. Position is the row number the act itself prints, kept as printed (including its repeated and out-of-sequence numbers).",2023-08-21 (registered 2023-08-31; in force 2023-09-04),https://lex.uz/docs/-6590070
47.1.,Dorivor valeriana (Valeriana lekarstvennaya — Valeriana officinalis),"Uzbek, Latin script",,"List membership only - not a ranking, no counts. Asosiy dori vositalari roʻyxati (essential medicines list), Minister of Health Order No. 34 of 21.08.2023, Ministry of Justice reg. No. 3455 of 31.08.2023. Position is the row number the act itself prints, kept as printed (including its repeated and out-of-sequence numbers).",2023-08-21 (registered 2023-08-31; in force 2023-09-04),https://lex.uz/docs/-6590070
47.2.,"Kardioleks (Comb. drug — Valeriana officinalis, Crataegi, Leonurus cardiac)","Uzbek, Latin script",,"List membership only - not a ranking, no counts. Asosiy dori vositalari roʻyxati (essential medicines list), Minister of Health Order No. 34 of 21.08.2023, Ministry of Justice reg. No. 3455 of 31.08.2023. Position is the row number the act itself prints, kept as printed (including its repeated and out-of-sequence numbers).",2023-08-21 (registered 2023-08-31; in force 2023-09-04),https://lex.uz/docs/-6590070
47.3.,Dorivor limonoʻt yer ustki qismi (Trava melissi lekarstvennoy — Nerbae Melissae officinalis),"Uzbek, Latin script",,"List membership only - not a ranking, no counts. Asosiy dori vositalari roʻyxati (essential medicines list), Minister of Health Order No. 34 of 21.08.2023, Ministry of Justice reg. No. 3455 of 31.08.2023. Position is the row number the act itself prints, kept as printed (including its repeated and out-of-sequence numbers).",2023-08-21 (registered 2023-08-31; in force 2023-09-04),https://lex.uz/docs/-6590070
47.4.,Arslonquyruq yer ustki qismi (Pustirnika trava — Nerba Leonuri),"Uzbek, Latin script",,"List membership only - not a ranking, no counts. Asosiy dori vositalari roʻyxati (essential medicines list), Minister of Health Order No. 34 of 21.08.2023, Ministry of Justice reg. No. 3455 of 31.08.2023. Position is the row number the act itself prints, kept as printed (including its repeated and out-of-sequence numbers).",2023-08-21 (registered 2023-08-31; in force 2023-09-04),https://lex.uz/docs/-6590070
47.5.,Immunostimullovchi Rano yigʻmasi (Sbor Rano immunostimuliruyushiy — Species Rano immunostimulatory),"Uzbek, Latin script",,"List membership only - not a ranking, no counts. Asosiy dori vositalari roʻyxati (essential medicines list), Minister of Health Order No. 34 of 21.08.2023, Ministry of Justice reg. No. 3455 of 31.08.2023. Position is the row number the act itself prints, kept as printed (including its repeated and out-of-sequence numbers).",2023-08-21 (registered 2023-08-31; in force 2023-09-04),https://lex.uz/docs/-6590070
47.6.,Passiflora quruq ekstrakti (Passiflora extractum siccum),"Uzbek, Latin script",,"List membership only - not a ranking, no counts. Asosiy dori vositalari roʻyxati (essential medicines list), Minister of Health Order No. 34 of 21.08.2023, Ministry of Justice reg. No. 3455 of 31.08.2023. Position is the row number the act itself prints, kept as printed (including its repeated and out-of-sequence numbers).",2023-08-21 (registered 2023-08-31; in force 2023-09-04),https://lex.uz/docs/-6590070
48.1.,Qushtoron yer ustki qismi (Gorsa ptichyego (sporisha) trava — Nerba Polygonii avicularis),"Uzbek, Latin script",,"List membership only - not a ranking, no counts. Asosiy dori vositalari roʻyxati (essential medicines list), Minister of Health Order No. 34 of 21.08.2023, Ministry of Justice reg. No. 3455 of 31.08.2023. Position is the row number the act itself prints, kept as printed (including its repeated and out-of-sequence numbers).",2023-08-21 (registered 2023-08-31; in force 2023-09-04),https://lex.uz/docs/-6590070
49.1.,Eman poʻstlogʻi (Duba kora — Corticis Quercus),"Uzbek, Latin script",,"List membership only - not a ranking, no counts. Asosiy dori vositalari roʻyxati (essential medicines list), Minister of Health Order No. 34 of 21.08.2023, Ministry of Justice reg. No. 3455 of 31.08.2023. Position is the row number the act itself prints, kept as printed (including its repeated and out-of-sequence numbers).",2023-08-21 (registered 2023-08-31; in force 2023-09-04),https://lex.uz/docs/-6590070
49.2.,Teshik bargli dalachoy quruq ekstrakti (Suxoy ekstrakt zveroboya trava — Nyperici extractum siccum),"Uzbek, Latin script",,"List membership only - not a ranking, no counts. Asosiy dori vositalari roʻyxati (essential medicines list), Minister of Health Order No. 34 of 21.08.2023, Ministry of Justice reg. No. 3455 of 31.08.2023. Position is the row number the act itself prints, kept as printed (including its repeated and out-of-sequence numbers).",2023-08-21 (registered 2023-08-31; in force 2023-09-04),https://lex.uz/docs/-6590070
49.3.,Teshik bargli dalachoy yer ustki qismi (Zveroboya trava — Nerba Nyperici),"Uzbek, Latin script",,"List membership only - not a ranking, no counts. Asosiy dori vositalari roʻyxati (essential medicines list), Minister of Health Order No. 34 of 21.08.2023, Ministry of Justice reg. No. 3455 of 31.08.2023. Position is the row number the act itself prints, kept as printed (including its repeated and out-of-sequence numbers).",2023-08-21 (registered 2023-08-31; in force 2023-09-04),https://lex.uz/docs/-6590070
50.1.,Qizilmiya ildizi (Solodki korni — Radix Glycyrrhizae),"Uzbek, Latin script",,"List membership only - not a ranking, no counts. Asosiy dori vositalari roʻyxati (essential medicines list), Minister of Health Order No. 34 of 21.08.2023, Ministry of Justice reg. No. 3455 of 31.08.2023. Position is the row number the act itself prints, kept as printed (including its repeated and out-of-sequence numbers).",2023-08-21 (registered 2023-08-31; in force 2023-09-04),https://lex.uz/docs/-6590070
50.2.,Mayda gulli togʻrayhon yer ustki qismi (Dushitsi melkotsvetnoy trava — Nerba Origani vulgaris),"Uzbek, Latin script",,"List membership only - not a ranking, no counts. Asosiy dori vositalari roʻyxati (essential medicines list), Minister of Health Order No. 34 of 21.08.2023, Ministry of Justice reg. No. 3455 of 31.08.2023. Position is the row number the act itself prints, kept as printed (including its repeated and out-of-sequence numbers).",2023-08-21 (registered 2023-08-31; in force 2023-09-04),https://lex.uz/docs/-6590070
50.3.,Andiz ildizpoyasi va ildizi (Devyasila visokogo kornevisha i korni — Phizoma cum radicibus Inulae helenii),"Uzbek, Latin script",,"List membership only - not a ranking, no counts. Asosiy dori vositalari roʻyxati (essential medicines list), Minister of Health Order No. 34 of 21.08.2023, Ministry of Justice reg. No. 3455 of 31.08.2023. Position is the row number the act itself prints, kept as printed (including its repeated and out-of-sequence numbers).",2023-08-21 (registered 2023-08-31; in force 2023-09-04),https://lex.uz/docs/-6590070
50.4.,Qizilmiya ildizi (Solodki korni — Radix Glycyrrhizae),"Uzbek, Latin script",,"List membership only - not a ranking, no counts. Asosiy dori vositalari roʻyxati (essential medicines list), Minister of Health Order No. 34 of 21.08.2023, Ministry of Justice reg. No. 3455 of 31.08.2023. Position is the row number the act itself prints, kept as printed (including its repeated and out-of-sequence numbers).",2023-08-21 (registered 2023-08-31; in force 2023-09-04),https://lex.uz/docs/-6590070
50.5.,Oqqaldirmoq (joʻka) barglari (Mat-machexi listya — Folia Farfarae tussilaginis),"Uzbek, Latin script",,"List membership only - not a ranking, no counts. Asosiy dori vositalari roʻyxati (essential medicines list), Minister of Health Order No. 34 of 21.08.2023, Ministry of Justice reg. No. 3455 of 31.08.2023. Position is the row number the act itself prints, kept as printed (including its repeated and out-of-sequence numbers).",2023-08-21 (registered 2023-08-31; in force 2023-09-04),https://lex.uz/docs/-6590070
51.1.,Kiyikoʻti yer ustki qismi (Zizifori svetonojechnoy trava — Nerba Ziziphorae),"Uzbek, Latin script",,"List membership only - not a ranking, no counts. Asosiy dori vositalari roʻyxati (essential medicines list), Minister of Health Order No. 34 of 21.08.2023, Ministry of Justice reg. No. 3455 of 31.08.2023. Position is the row number the act itself prints, kept as printed (including its repeated and out-of-sequence numbers).",2023-08-21 (registered 2023-08-31; in force 2023-09-04),https://lex.uz/docs/-6590070
52.1.,Sano bargi (Senni listya — Folium Sennae),"Uzbek, Latin script",,"List membership only - not a ranking, no counts. Asosiy dori vositalari roʻyxati (essential medicines list), Minister of Health Order No. 34 of 21.08.2023, Ministry of Justice reg. No. 3455 of 31.08.2023. Position is the row number the act itself prints, kept as printed (including its repeated and out-of-sequence numbers).",2023-08-21 (registered 2023-08-31; in force 2023-09-04),https://lex.uz/docs/-6590070
52.2.,A-V sennozidlar (Sennoside A+B),"Uzbek, Latin script",,"List membership only - not a ranking, no counts. Asosiy dori vositalari roʻyxati (essential medicines list), Minister of Health Order No. 34 of 21.08.2023, Ministry of Justice reg. No. 3455 of 31.08.2023. Position is the row number the act itself prints, kept as printed (including its repeated and out-of-sequence numbers).",2023-08-21 (registered 2023-08-31; in force 2023-09-04),https://lex.uz/docs/-6590070
53.1.,Jagʻ-jagʻ yer ustki qismi (Pastushyey sumki trava — Capsella bursa pastoris),"Uzbek, Latin script",,"List membership only - not a ranking, no counts. Asosiy dori vositalari roʻyxati (essential medicines list), Minister of Health Order No. 34 of 21.08.2023, Ministry of Justice reg. No. 3455 of 31.08.2023. Position is the row number the act itself prints, kept as printed (including its repeated and out-of-sequence numbers).",2023-08-21 (registered 2023-08-31; in force 2023-09-04),https://lex.uz/docs/-6590070
54.1.,Achchiq qalampir tindirmasi (Persa struchkovogo nastoyka — Tinctura Capsici annui),"Uzbek, Latin script",,"List membership only - not a ranking, no counts. Asosiy dori vositalari roʻyxati (essential medicines list), Minister of Health Order No. 34 of 21.08.2023, Ministry of Justice reg. No. 3455 of 31.08.2023. Position is the row number the act itself prints, kept as printed (including its repeated and out-of-sequence numbers).",2023-08-21 (registered 2023-08-31; in force 2023-09-04),https://lex.uz/docs/-6590070
55.1.,"Achchiq shuvoq yer ustki qismi (Polini gorkoy trava, polini gorkoy listya — Nerba et folia Absinthii)","Uzbek, Latin script",,"List membership only - not a ranking, no counts. Asosiy dori vositalari roʻyxati (essential medicines list), Minister of Health Order No. 34 of 21.08.2023, Ministry of Justice reg. No. 3455 of 31.08.2023. Position is the row number the act itself prints, kept as printed (including its repeated and out-of-sequence numbers).",2023-08-21 (registered 2023-08-31; in force 2023-09-04),https://lex.uz/docs/-6590070
56.1.,Fenxel (dorixona ukropi) mevalari (Plodi fenxelya — Fructus Foeniculi),"Uzbek, Latin script",,"List membership only - not a ranking, no counts. Asosiy dori vositalari roʻyxati (essential medicines list), Minister of Health Order No. 34 of 21.08.2023, Ministry of Justice reg. No. 3455 of 31.08.2023. Position is the row number the act itself prints, kept as printed (including its repeated and out-of-sequence numbers).",2023-08-21 (registered 2023-08-31; in force 2023-09-04),https://lex.uz/docs/-6590070
57.1.,Qovoq urugʻi (Tikvi semena — Semen Cucurbitae),"Uzbek, Latin script",,"List membership only - not a ranking, no counts. Asosiy dori vositalari roʻyxati (essential medicines list), Minister of Health Order No. 34 of 21.08.2023, Ministry of Justice reg. No. 3455 of 31.08.2023. Position is the row number the act itself prints, kept as printed (including its repeated and out-of-sequence numbers).",2023-08-21 (registered 2023-08-31; in force 2023-09-04),https://lex.uz/docs/-6590070
58.1.,Oddiy boʻymadoron yer ustki qismi (Tisyachelistnika obiknovennogo trava — Nerba Millefolii vulgaris),"Uzbek, Latin script",,"List membership only - not a ranking, no counts. Asosiy dori vositalari roʻyxati (essential medicines list), Minister of Health Order No. 34 of 21.08.2023, Ministry of Justice reg. No. 3455 of 31.08.2023. Position is the row number the act itself prints, kept as printed (including its repeated and out-of-sequence numbers).",2023-08-21 (registered 2023-08-31; in force 2023-09-04),https://lex.uz/docs/-6590070
58.2.,Ikki uyli gazanda bargi (Krapivi listya — Folia Urticae),"Uzbek, Latin script",,"List membership only - not a ranking, no counts. Asosiy dori vositalari roʻyxati (essential medicines list), Minister of Health Order No. 34 of 21.08.2023, Ministry of Justice reg. No. 3455 of 31.08.2023. Position is the row number the act itself prints, kept as printed (including its repeated and out-of-sequence numbers).",2023-08-21 (registered 2023-08-31; in force 2023-09-04),https://lex.uz/docs/-6590070
58.3.,Achchiq toron yer ustki qismi (Gorsa perechnogo (vodyanogo persa) trava — Nerba Polygonii hydropiperis),"Uzbek, Latin script",,"List membership only - not a ranking, no counts. Asosiy dori vositalari roʻyxati (essential medicines list), Minister of Health Order No. 34 of 21.08.2023, Ministry of Justice reg. No. 3455 of 31.08.2023. Position is the row number the act itself prints, kept as printed (including its repeated and out-of-sequence numbers).",2023-08-21 (registered 2023-08-31; in force 2023-09-04),https://lex.uz/docs/-6590070
58.4.,Lagoden (preparat iz svetkov i lis??v ?agoxilusa opyanyayushego — Lagochilus inebrians Bunge — Gangituvchi bozulbang gullari va bargining preparati),"Uzbek, Latin script",,"List membership only - not a ranking, no counts. Asosiy dori vositalari roʻyxati (essential medicines list), Minister of Health Order No. 34 of 21.08.2023, Ministry of Justice reg. No. 3455 of 31.08.2023. Position is the row number the act itself prints, kept as printed (including its repeated and out-of-sequence numbers).",2023-08-21 (registered 2023-08-31; in force 2023-09-04),https://lex.uz/docs/-6590070
59.1.,Ekdisten (preparat iz korney i kornevish levzei saflorovidnoy Rhaponticum carthamoides — Maxsarsimon levzeya ildizi va ildizpoyasining preparati),"Uzbek, Latin script",,"List membership only - not a ranking, no counts. Asosiy dori vositalari roʻyxati (essential medicines list), Minister of Health Order No. 34 of 21.08.2023, Ministry of Justice reg. No. 3455 of 31.08.2023. Position is the row number the act itself prints, kept as printed (including its repeated and out-of-sequence numbers).",2023-08-21 (registered 2023-08-31; in force 2023-09-04),https://lex.uz/docs/-6590070
60.1.,Danakli oqquray (Psoraleya kostyankovaya — Psoralea drupacea) (Psoralen),"Uzbek, Latin script",,"List membership only - not a ranking, no counts. Asosiy dori vositalari roʻyxati (essential medicines list), Minister of Health Order No. 34 of 21.08.2023, Ministry of Justice reg. No. 3455 of 31.08.2023. Position is the row number the act itself prints, kept as printed (including its repeated and out-of-sequence numbers).",2023-08-21 (registered 2023-08-31; in force 2023-09-04),https://lex.uz/docs/-6590070
61.1.,Dorivor marmarak (mavrak) bargi (Shalfeya lekarstvennogo listya — Folia Salvia officinalis),"Uzbek, Latin script",,"List membership only - not a ranking, no counts. Asosiy dori vositalari roʻyxati (essential medicines list), Minister of Health Order No. 34 of 21.08.2023, Ministry of Justice reg. No. 3455 of 31.08.2023. Position is the row number the act itself prints, kept as printed (including its repeated and out-of-sequence numbers).",2023-08-21 (registered 2023-08-31; in force 2023-09-04),https://lex.uz/docs/-6590070
61.2.,Moychechak gullari (Romashki svetki — Flores Chamomillae),"Uzbek, Latin script",,"List membership only - not a ranking, no counts. Asosiy dori vositalari roʻyxati (essential medicines list), Minister of Health Order No. 34 of 21.08.2023, Ministry of Justice reg. No. 3455 of 31.08.2023. Position is the row number the act itself prints, kept as printed (including its repeated and out-of-sequence numbers).",2023-08-21 (registered 2023-08-31; in force 2023-09-04),https://lex.uz/docs/-6590070
61.3.,Tirnoqgul gullari (Kalendulm svetki — Flores Calendulae),"Uzbek, Latin script",,"List membership only - not a ranking, no counts. Asosiy dori vositalari roʻyxati (essential medicines list), Minister of Health Order No. 34 of 21.08.2023, Ministry of Justice reg. No. 3455 of 31.08.2023. Position is the row number the act itself prints, kept as printed (including its repeated and out-of-sequence numbers).",2023-08-21 (registered 2023-08-31; in force 2023-09-04),https://lex.uz/docs/-6590070
61.4.,Tirnoqgul tindirmasi (Kalendulm nastoyka — Tinctura Calendulae),"Uzbek, Latin script",,"List membership only - not a ranking, no counts. Asosiy dori vositalari roʻyxati (essential medicines list), Minister of Health Order No. 34 of 21.08.2023, Ministry of Justice reg. No. 3455 of 31.08.2023. Position is the row number the act itself prints, kept as printed (including its repeated and out-of-sequence numbers).",2023-08-21 (registered 2023-08-31; in force 2023-09-04),https://lex.uz/docs/-6590070
62.1.,Tukli erva oʻti (Ervi sherstistoy — Pol-Poli trava),"Uzbek, Latin script",,"List membership only - not a ranking, no counts. Asosiy dori vositalari roʻyxati (essential medicines list), Minister of Health Order No. 34 of 21.08.2023, Ministry of Justice reg. No. 3455 of 31.08.2023. Position is the row number the act itself prints, kept as printed (including its repeated and out-of-sequence numbers).",2023-08-21 (registered 2023-08-31; in force 2023-09-04),https://lex.uz/docs/-6590070
62.2.,Dala qirqboʻgʻimi yer ustki qismi (Xvosh polevogo trava — Nerba Equiseti arvensis),"Uzbek, Latin script",,"List membership only - not a ranking, no counts. Asosiy dori vositalari roʻyxati (essential medicines list), Minister of Health Order No. 34 of 21.08.2023, Ministry of Justice reg. No. 3455 of 31.08.2023. Position is the row number the act itself prints, kept as printed (including its repeated and out-of-sequence numbers).",2023-08-21 (registered 2023-08-31; in force 2023-09-04),https://lex.uz/docs/-6590070
63.1.,Mentol + mentilizovalerat,"Uzbek, Latin script",,"List membership only - not a ranking, no counts. Asosiy dori vositalari roʻyxati (essential medicines list), Minister of Health Order No. 34 of 21.08.2023, Ministry of Justice reg. No. 3455 of 31.08.2023. Position is the row number the act itself prints, kept as printed (including its repeated and out-of-sequence numbers).",2023-08-21 (registered 2023-08-31; in force 2023-09-04),https://lex.uz/docs/-6590070
64.1.,Ragosin (Ragosin),"Uzbek, Latin script",,"List membership only - not a ranking, no counts. Asosiy dori vositalari roʻyxati (essential medicines list), Minister of Health Order No. 34 of 21.08.2023, Ministry of Justice reg. No. 3455 of 31.08.2023. Position is the row number the act itself prints, kept as printed (including its repeated and out-of-sequence numbers).",2023-08-21 (registered 2023-08-31; in force 2023-09-04),https://lex.uz/docs/-6590070
64.2.,Rutan (Rutan),"Uzbek, Latin script",,"List membership only - not a ranking, no counts. Asosiy dori vositalari roʻyxati (essential medicines list), Minister of Health Order No. 34 of 21.08.2023, Ministry of Justice reg. No. 3455 of 31.08.2023. Position is the row number the act itself prints, kept as printed (including its repeated and out-of-sequence numbers).",2023-08-21 (registered 2023-08-31; in force 2023-09-04),https://lex.uz/docs/-6590070
65.1.,Gozalidon (Gosalidon),"Uzbek, Latin script",,"List membership only - not a ranking, no counts. Asosiy dori vositalari roʻyxati (essential medicines list), Minister of Health Order No. 34 of 21.08.2023, Ministry of Justice reg. No. 3455 of 31.08.2023. Position is the row number the act itself prints, kept as printed (including its repeated and out-of-sequence numbers).",2023-08-21 (registered 2023-08-31; in force 2023-09-04),https://lex.uz/docs/-6590070
1.,Tamoksifen,"Uzbek, Latin script",,"List membership only - not a ranking, no counts. Reimbursatsiya dasturiga kiritiladigan kasalliklar va ularni davolashda beriladigan dori vositalari roʻyxati (reimbursed outpatient medicines), Minister of Health Order No. 18 of 23.04.2026, Ministry of Justice reg. No. 3822 of 24.04.2026. Position is the row number the act prints.",2026-04-23 (registered 2026-04-24; takes effect 2027-01-01),https://lex.uz/uz/docs/8161206
2.,Morfin gidroxlorid,"Uzbek, Latin script",,"List membership only - not a ranking, no counts. Reimbursatsiya dasturiga kiritiladigan kasalliklar va ularni davolashda beriladigan dori vositalari roʻyxati (reimbursed outpatient medicines), Minister of Health Order No. 18 of 23.04.2026, Ministry of Justice reg. No. 3822 of 24.04.2026. Position is the row number the act prints.",2026-04-23 (registered 2026-04-24; takes effect 2027-01-01),https://lex.uz/uz/docs/8161206
3.,Omnopon,"Uzbek, Latin script",,"List membership only - not a ranking, no counts. Reimbursatsiya dasturiga kiritiladigan kasalliklar va ularni davolashda beriladigan dori vositalari roʻyxati (reimbursed outpatient medicines), Minister of Health Order No. 18 of 23.04.2026, Ministry of Justice reg. No. 3822 of 24.04.2026. Position is the row number the act prints.",2026-04-23 (registered 2026-04-24; takes effect 2027-01-01),https://lex.uz/uz/docs/8161206
4.,Trimeperidin,"Uzbek, Latin script",,"List membership only - not a ranking, no counts. Reimbursatsiya dasturiga kiritiladigan kasalliklar va ularni davolashda beriladigan dori vositalari roʻyxati (reimbursed outpatient medicines), Minister of Health Order No. 18 of 23.04.2026, Ministry of Justice reg. No. 3822 of 24.04.2026. Position is the row number the act prints.",2026-04-23 (registered 2026-04-24; takes effect 2027-01-01),https://lex.uz/uz/docs/8161206
5.,Tramadol,"Uzbek, Latin script",,"List membership only - not a ranking, no counts. Reimbursatsiya dasturiga kiritiladigan kasalliklar va ularni davolashda beriladigan dori vositalari roʻyxati (reimbursed outpatient medicines), Minister of Health Order No. 18 of 23.04.2026, Ministry of Justice reg. No. 3822 of 24.04.2026. Position is the row number the act prints.",2026-04-23 (registered 2026-04-24; takes effect 2027-01-01),https://lex.uz/uz/docs/8161206
6.,Nalbufin,"Uzbek, Latin script",,"List membership only - not a ranking, no counts. Reimbursatsiya dasturiga kiritiladigan kasalliklar va ularni davolashda beriladigan dori vositalari roʻyxati (reimbursed outpatient medicines), Minister of Health Order No. 18 of 23.04.2026, Ministry of Justice reg. No. 3822 of 24.04.2026. Position is the row number the act prints.",2026-04-23 (registered 2026-04-24; takes effect 2027-01-01),https://lex.uz/uz/docs/8161206
7.,Lamotridjin,"Uzbek, Latin script",,"List membership only - not a ranking, no counts. Reimbursatsiya dasturiga kiritiladigan kasalliklar va ularni davolashda beriladigan dori vositalari roʻyxati (reimbursed outpatient medicines), Minister of Health Order No. 18 of 23.04.2026, Ministry of Justice reg. No. 3822 of 24.04.2026. Position is the row number the act prints.",2026-04-23 (registered 2026-04-24; takes effect 2027-01-01),https://lex.uz/uz/docs/8161206
8.,Karbamazepin,"Uzbek, Latin script",,"List membership only - not a ranking, no counts. Reimbursatsiya dasturiga kiritiladigan kasalliklar va ularni davolashda beriladigan dori vositalari roʻyxati (reimbursed outpatient medicines), Minister of Health Order No. 18 of 23.04.2026, Ministry of Justice reg. No. 3822 of 24.04.2026. Position is the row number the act prints.",2026-04-23 (registered 2026-04-24; takes effect 2027-01-01),https://lex.uz/uz/docs/8161206
9.,Benzobarbital,"Uzbek, Latin script",,"List membership only - not a ranking, no counts. Reimbursatsiya dasturiga kiritiladigan kasalliklar va ularni davolashda beriladigan dori vositalari roʻyxati (reimbursed outpatient medicines), Minister of Health Order No. 18 of 23.04.2026, Ministry of Justice reg. No. 3822 of 24.04.2026. Position is the row number the act prints.",2026-04-23 (registered 2026-04-24; takes effect 2027-01-01),https://lex.uz/uz/docs/8161206
10.,Valproat kislotasi,"Uzbek, Latin script",,"List membership only - not a ranking, no counts. Reimbursatsiya dasturiga kiritiladigan kasalliklar va ularni davolashda beriladigan dori vositalari roʻyxati (reimbursed outpatient medicines), Minister of Health Order No. 18 of 23.04.2026, Ministry of Justice reg. No. 3822 of 24.04.2026. Position is the row number the act prints.",2026-04-23 (registered 2026-04-24; takes effect 2027-01-01),https://lex.uz/uz/docs/8161206
11.,Klonozepam,"Uzbek, Latin script",,"List membership only - not a ranking, no counts. Reimbursatsiya dasturiga kiritiladigan kasalliklar va ularni davolashda beriladigan dori vositalari roʻyxati (reimbursed outpatient medicines), Minister of Health Order No. 18 of 23.04.2026, Ministry of Justice reg. No. 3822 of 24.04.2026. Position is the row number the act prints.",2026-04-23 (registered 2026-04-24; takes effect 2027-01-01),https://lex.uz/uz/docs/8161206
12.,Aripiprazol,"Uzbek, Latin script",,"List membership only - not a ranking, no counts. Reimbursatsiya dasturiga kiritiladigan kasalliklar va ularni davolashda beriladigan dori vositalari roʻyxati (reimbursed outpatient medicines), Minister of Health Order No. 18 of 23.04.2026, Ministry of Justice reg. No. 3822 of 24.04.2026. Position is the row number the act prints.",2026-04-23 (registered 2026-04-24; takes effect 2027-01-01),https://lex.uz/uz/docs/8161206
13.,Galoperidol,"Uzbek, Latin script",,"List membership only - not a ranking, no counts. Reimbursatsiya dasturiga kiritiladigan kasalliklar va ularni davolashda beriladigan dori vositalari roʻyxati (reimbursed outpatient medicines), Minister of Health Order No. 18 of 23.04.2026, Ministry of Justice reg. No. 3822 of 24.04.2026. Position is the row number the act prints.",2026-04-23 (registered 2026-04-24; takes effect 2027-01-01),https://lex.uz/uz/docs/8161206
14.,Kvetiapin,"Uzbek, Latin script",,"List membership only - not a ranking, no counts. Reimbursatsiya dasturiga kiritiladigan kasalliklar va ularni davolashda beriladigan dori vositalari roʻyxati (reimbursed outpatient medicines), Minister of Health Order No. 18 of 23.04.2026, Ministry of Justice reg. No. 3822 of 24.04.2026. Position is the row number the act prints.",2026-04-23 (registered 2026-04-24; takes effect 2027-01-01),https://lex.uz/uz/docs/8161206
15.,Klozapin,"Uzbek, Latin script",,"List membership only - not a ranking, no counts. Reimbursatsiya dasturiga kiritiladigan kasalliklar va ularni davolashda beriladigan dori vositalari roʻyxati (reimbursed outpatient medicines), Minister of Health Order No. 18 of 23.04.2026, Ministry of Justice reg. No. 3822 of 24.04.2026. Position is the row number the act prints.",2026-04-23 (registered 2026-04-24; takes effect 2027-01-01),https://lex.uz/uz/docs/8161206
16.,Olanzapin,"Uzbek, Latin script",,"List membership only - not a ranking, no counts. Reimbursatsiya dasturiga kiritiladigan kasalliklar va ularni davolashda beriladigan dori vositalari roʻyxati (reimbursed outpatient medicines), Minister of Health Order No. 18 of 23.04.2026, Ministry of Justice reg. No. 3822 of 24.04.2026. Position is the row number the act prints.",2026-04-23 (registered 2026-04-24; takes effect 2027-01-01),https://lex.uz/uz/docs/8161206
17.,Flufenazin dekanoat,"Uzbek, Latin script",,"List membership only - not a ranking, no counts. Reimbursatsiya dasturiga kiritiladigan kasalliklar va ularni davolashda beriladigan dori vositalari roʻyxati (reimbursed outpatient medicines), Minister of Health Order No. 18 of 23.04.2026, Ministry of Justice reg. No. 3822 of 24.04.2026. Position is the row number the act prints.",2026-04-23 (registered 2026-04-24; takes effect 2027-01-01),https://lex.uz/uz/docs/8161206
18.,Xlorpromazin,"Uzbek, Latin script",,"List membership only - not a ranking, no counts. Reimbursatsiya dasturiga kiritiladigan kasalliklar va ularni davolashda beriladigan dori vositalari roʻyxati (reimbursed outpatient medicines), Minister of Health Order No. 18 of 23.04.2026, Ministry of Justice reg. No. 3822 of 24.04.2026. Position is the row number the act prints.",2026-04-23 (registered 2026-04-24; takes effect 2027-01-01),https://lex.uz/uz/docs/8161206
19.,Risperidon,"Uzbek, Latin script",,"List membership only - not a ranking, no counts. Reimbursatsiya dasturiga kiritiladigan kasalliklar va ularni davolashda beriladigan dori vositalari roʻyxati (reimbursed outpatient medicines), Minister of Health Order No. 18 of 23.04.2026, Ministry of Justice reg. No. 3822 of 24.04.2026. Position is the row number the act prints.",2026-04-23 (registered 2026-04-24; takes effect 2027-01-01),https://lex.uz/uz/docs/8161206
20.,Tioridazin,"Uzbek, Latin script",,"List membership only - not a ranking, no counts. Reimbursatsiya dasturiga kiritiladigan kasalliklar va ularni davolashda beriladigan dori vositalari roʻyxati (reimbursed outpatient medicines), Minister of Health Order No. 18 of 23.04.2026, Ministry of Justice reg. No. 3822 of 24.04.2026. Position is the row number the act prints.",2026-04-23 (registered 2026-04-24; takes effect 2027-01-01),https://lex.uz/uz/docs/8161206
21.,Trifluoperazin,"Uzbek, Latin script",,"List membership only - not a ranking, no counts. Reimbursatsiya dasturiga kiritiladigan kasalliklar va ularni davolashda beriladigan dori vositalari roʻyxati (reimbursed outpatient medicines), Minister of Health Order No. 18 of 23.04.2026, Ministry of Justice reg. No. 3822 of 24.04.2026. Position is the row number the act prints.",2026-04-23 (registered 2026-04-24; takes effect 2027-01-01),https://lex.uz/uz/docs/8161206
22.,Amitriptilin,"Uzbek, Latin script",,"List membership only - not a ranking, no counts. Reimbursatsiya dasturiga kiritiladigan kasalliklar va ularni davolashda beriladigan dori vositalari roʻyxati (reimbursed outpatient medicines), Minister of Health Order No. 18 of 23.04.2026, Ministry of Justice reg. No. 3822 of 24.04.2026. Position is the row number the act prints.",2026-04-23 (registered 2026-04-24; takes effect 2027-01-01),https://lex.uz/uz/docs/8161206
23.,Venlafaksin,"Uzbek, Latin script",,"List membership only - not a ranking, no counts. Reimbursatsiya dasturiga kiritiladigan kasalliklar va ularni davolashda beriladigan dori vositalari roʻyxati (reimbursed outpatient medicines), Minister of Health Order No. 18 of 23.04.2026, Ministry of Justice reg. No. 3822 of 24.04.2026. Position is the row number the act prints.",2026-04-23 (registered 2026-04-24; takes effect 2027-01-01),https://lex.uz/uz/docs/8161206
24.,Paroksetin,"Uzbek, Latin script",,"List membership only - not a ranking, no counts. Reimbursatsiya dasturiga kiritiladigan kasalliklar va ularni davolashda beriladigan dori vositalari roʻyxati (reimbursed outpatient medicines), Minister of Health Order No. 18 of 23.04.2026, Ministry of Justice reg. No. 3822 of 24.04.2026. Position is the row number the act prints.",2026-04-23 (registered 2026-04-24; takes effect 2027-01-01),https://lex.uz/uz/docs/8161206
25.,Sertralin,"Uzbek, Latin script",,"List membership only - not a ranking, no counts. Reimbursatsiya dasturiga kiritiladigan kasalliklar va ularni davolashda beriladigan dori vositalari roʻyxati (reimbursed outpatient medicines), Minister of Health Order No. 18 of 23.04.2026, Ministry of Justice reg. No. 3822 of 24.04.2026. Position is the row number the act prints.",2026-04-23 (registered 2026-04-24; takes effect 2027-01-01),https://lex.uz/uz/docs/8161206
26.,Trazadin,"Uzbek, Latin script",,"List membership only - not a ranking, no counts. Reimbursatsiya dasturiga kiritiladigan kasalliklar va ularni davolashda beriladigan dori vositalari roʻyxati (reimbursed outpatient medicines), Minister of Health Order No. 18 of 23.04.2026, Ministry of Justice reg. No. 3822 of 24.04.2026. Position is the row number the act prints.",2026-04-23 (registered 2026-04-24; takes effect 2027-01-01),https://lex.uz/uz/docs/8161206
27.,Mirtazapin,"Uzbek, Latin script",,"List membership only - not a ranking, no counts. Reimbursatsiya dasturiga kiritiladigan kasalliklar va ularni davolashda beriladigan dori vositalari roʻyxati (reimbursed outpatient medicines), Minister of Health Order No. 18 of 23.04.2026, Ministry of Justice reg. No. 3822 of 24.04.2026. Position is the row number the act prints.",2026-04-23 (registered 2026-04-24; takes effect 2027-01-01),https://lex.uz/uz/docs/8161206
28.,Essitalopram,"Uzbek, Latin script",,"List membership only - not a ranking, no counts. Reimbursatsiya dasturiga kiritiladigan kasalliklar va ularni davolashda beriladigan dori vositalari roʻyxati (reimbursed outpatient medicines), Minister of Health Order No. 18 of 23.04.2026, Ministry of Justice reg. No. 3822 of 24.04.2026. Position is the row number the act prints.",2026-04-23 (registered 2026-04-24; takes effect 2027-01-01),https://lex.uz/uz/docs/8161206
29.,Omeprazol,"Uzbek, Latin script",,"List membership only - not a ranking, no counts. Reimbursatsiya dasturiga kiritiladigan kasalliklar va ularni davolashda beriladigan dori vositalari roʻyxati (reimbursed outpatient medicines), Minister of Health Order No. 18 of 23.04.2026, Ministry of Justice reg. No. 3822 of 24.04.2026. Position is the row number the act prints.",2026-04-23 (registered 2026-04-24; takes effect 2027-01-01),https://lex.uz/uz/docs/8161206
30.,Salbutamol,"Uzbek, Latin script",,"List membership only - not a ranking, no counts. Reimbursatsiya dasturiga kiritiladigan kasalliklar va ularni davolashda beriladigan dori vositalari roʻyxati (reimbursed outpatient medicines), Minister of Health Order No. 18 of 23.04.2026, Ministry of Justice reg. No. 3822 of 24.04.2026. Position is the row number the act prints.",2026-04-23 (registered 2026-04-24; takes effect 2027-01-01),https://lex.uz/uz/docs/8161206
31.,Ambroksol,"Uzbek, Latin script",,"List membership only - not a ranking, no counts. Reimbursatsiya dasturiga kiritiladigan kasalliklar va ularni davolashda beriladigan dori vositalari roʻyxati (reimbursed outpatient medicines), Minister of Health Order No. 18 of 23.04.2026, Ministry of Justice reg. No. 3822 of 24.04.2026. Position is the row number the act prints.",2026-04-23 (registered 2026-04-24; takes effect 2027-01-01),https://lex.uz/uz/docs/8161206
32.,Kaliy yodid,"Uzbek, Latin script",,"List membership only - not a ranking, no counts. Reimbursatsiya dasturiga kiritiladigan kasalliklar va ularni davolashda beriladigan dori vositalari roʻyxati (reimbursed outpatient medicines), Minister of Health Order No. 18 of 23.04.2026, Ministry of Justice reg. No. 3822 of 24.04.2026. Position is the row number the act prints.",2026-04-23 (registered 2026-04-24; takes effect 2027-01-01),https://lex.uz/uz/docs/8161206
33.,Tiamazol,"Uzbek, Latin script",,"List membership only - not a ranking, no counts. Reimbursatsiya dasturiga kiritiladigan kasalliklar va ularni davolashda beriladigan dori vositalari roʻyxati (reimbursed outpatient medicines), Minister of Health Order No. 18 of 23.04.2026, Ministry of Justice reg. No. 3822 of 24.04.2026. Position is the row number the act prints.",2026-04-23 (registered 2026-04-24; takes effect 2027-01-01),https://lex.uz/uz/docs/8161206
34.,Levotiroksin natriy,"Uzbek, Latin script",,"List membership only - not a ranking, no counts. Reimbursatsiya dasturiga kiritiladigan kasalliklar va ularni davolashda beriladigan dori vositalari roʻyxati (reimbursed outpatient medicines), Minister of Health Order No. 18 of 23.04.2026, Ministry of Justice reg. No. 3822 of 24.04.2026. Position is the row number the act prints.",2026-04-23 (registered 2026-04-24; takes effect 2027-01-01),https://lex.uz/uz/docs/8161206
35.,Qisqa taʼsirli insulin,"Uzbek, Latin script",,"List membership only - not a ranking, no counts. Reimbursatsiya dasturiga kiritiladigan kasalliklar va ularni davolashda beriladigan dori vositalari roʻyxati (reimbursed outpatient medicines), Minister of Health Order No. 18 of 23.04.2026, Ministry of Justice reg. No. 3822 of 24.04.2026. Position is the row number the act prints. In the act this name cell also prints a strength, which is left out here.",2026-04-23 (registered 2026-04-24; takes effect 2027-01-01),https://lex.uz/uz/docs/8161206
36.,Qisqa taʼsirli insulin analogi,"Uzbek, Latin script",,"List membership only - not a ranking, no counts. Reimbursatsiya dasturiga kiritiladigan kasalliklar va ularni davolashda beriladigan dori vositalari roʻyxati (reimbursed outpatient medicines), Minister of Health Order No. 18 of 23.04.2026, Ministry of Justice reg. No. 3822 of 24.04.2026. Position is the row number the act prints. In the act this name cell also prints a strength, which is left out here.",2026-04-23 (registered 2026-04-24; takes effect 2027-01-01),https://lex.uz/uz/docs/8161206
37.,Uzoq taʼsirli insulin,"Uzbek, Latin script",,"List membership only - not a ranking, no counts. Reimbursatsiya dasturiga kiritiladigan kasalliklar va ularni davolashda beriladigan dori vositalari roʻyxati (reimbursed outpatient medicines), Minister of Health Order No. 18 of 23.04.2026, Ministry of Justice reg. No. 3822 of 24.04.2026. Position is the row number the act prints. In the act this name cell also prints a strength, which is left out here.",2026-04-23 (registered 2026-04-24; takes effect 2027-01-01),https://lex.uz/uz/docs/8161206
38.,Uzoq taʼsirli insulin analogi,"Uzbek, Latin script",,"List membership only - not a ranking, no counts. Reimbursatsiya dasturiga kiritiladigan kasalliklar va ularni davolashda beriladigan dori vositalari roʻyxati (reimbursed outpatient medicines), Minister of Health Order No. 18 of 23.04.2026, Ministry of Justice reg. No. 3822 of 24.04.2026. Position is the row number the act prints. In the act this name cell also prints a strength, which is left out here.",2026-04-23 (registered 2026-04-24; takes effect 2027-01-01),https://lex.uz/uz/docs/8161206
39.,Aralash taʼsirli insulin,"Uzbek, Latin script",,"List membership only - not a ranking, no counts. Reimbursatsiya dasturiga kiritiladigan kasalliklar va ularni davolashda beriladigan dori vositalari roʻyxati (reimbursed outpatient medicines), Minister of Health Order No. 18 of 23.04.2026, Ministry of Justice reg. No. 3822 of 24.04.2026. Position is the row number the act prints. In the act this name cell also prints a strength, which is left out here.",2026-04-23 (registered 2026-04-24; takes effect 2027-01-01),https://lex.uz/uz/docs/8161206
40.,Gliklazid,"Uzbek, Latin script",,"List membership only - not a ranking, no counts. Reimbursatsiya dasturiga kiritiladigan kasalliklar va ularni davolashda beriladigan dori vositalari roʻyxati (reimbursed outpatient medicines), Minister of Health Order No. 18 of 23.04.2026, Ministry of Justice reg. No. 3822 of 24.04.2026. Position is the row number the act prints.",2026-04-23 (registered 2026-04-24; takes effect 2027-01-01),https://lex.uz/uz/docs/8161206
41.,Metformin,"Uzbek, Latin script",,"List membership only - not a ranking, no counts. Reimbursatsiya dasturiga kiritiladigan kasalliklar va ularni davolashda beriladigan dori vositalari roʻyxati (reimbursed outpatient medicines), Minister of Health Order No. 18 of 23.04.2026, Ministry of Justice reg. No. 3822 of 24.04.2026. Position is the row number the act prints.",2026-04-23 (registered 2026-04-24; takes effect 2027-01-01),https://lex.uz/uz/docs/8161206
42.,Empagliflozin,"Uzbek, Latin script",,"List membership only - not a ranking, no counts. Reimbursatsiya dasturiga kiritiladigan kasalliklar va ularni davolashda beriladigan dori vositalari roʻyxati (reimbursed outpatient medicines), Minister of Health Order No. 18 of 23.04.2026, Ministry of Justice reg. No. 3822 of 24.04.2026. Position is the row number the act prints.",2026-04-23 (registered 2026-04-24; takes effect 2027-01-01),https://lex.uz/uz/docs/8161206
43.,Desmopressin,"Uzbek, Latin script",,"List membership only - not a ranking, no counts. Reimbursatsiya dasturiga kiritiladigan kasalliklar va ularni davolashda beriladigan dori vositalari roʻyxati (reimbursed outpatient medicines), Minister of Health Order No. 18 of 23.04.2026, Ministry of Justice reg. No. 3822 of 24.04.2026. Position is the row number the act prints.",2026-04-23 (registered 2026-04-24; takes effect 2027-01-01),https://lex.uz/uz/docs/8161206
44.,Gidrokortizon,"Uzbek, Latin script",,"List membership only - not a ranking, no counts. Reimbursatsiya dasturiga kiritiladigan kasalliklar va ularni davolashda beriladigan dori vositalari roʻyxati (reimbursed outpatient medicines), Minister of Health Order No. 18 of 23.04.2026, Ministry of Justice reg. No. 3822 of 24.04.2026. Position is the row number the act prints.",2026-04-23 (registered 2026-04-24; takes effect 2027-01-01),https://lex.uz/uz/docs/8161206
45.,Prednizolon,"Uzbek, Latin script",,"List membership only - not a ranking, no counts. Reimbursatsiya dasturiga kiritiladigan kasalliklar va ularni davolashda beriladigan dori vositalari roʻyxati (reimbursed outpatient medicines), Minister of Health Order No. 18 of 23.04.2026, Ministry of Justice reg. No. 3822 of 24.04.2026. Position is the row number the act prints.",2026-04-23 (registered 2026-04-24; takes effect 2027-01-01),https://lex.uz/uz/docs/8161206
46.,Verapamil,"Uzbek, Latin script",,"List membership only - not a ranking, no counts. Reimbursatsiya dasturiga kiritiladigan kasalliklar va ularni davolashda beriladigan dori vositalari roʻyxati (reimbursed outpatient medicines), Minister of Health Order No. 18 of 23.04.2026, Ministry of Justice reg. No. 3822 of 24.04.2026. Position is the row number the act prints.",2026-04-23 (registered 2026-04-24; takes effect 2027-01-01),https://lex.uz/uz/docs/8161206
47.,Izosorbid mononitrat,"Uzbek, Latin script",,"List membership only - not a ranking, no counts. Reimbursatsiya dasturiga kiritiladigan kasalliklar va ularni davolashda beriladigan dori vositalari roʻyxati (reimbursed outpatient medicines), Minister of Health Order No. 18 of 23.04.2026, Ministry of Justice reg. No. 3822 of 24.04.2026. Position is the row number the act prints.",2026-04-23 (registered 2026-04-24; takes effect 2027-01-01),https://lex.uz/uz/docs/8161206
48.,Izosorbid dinitrat,"Uzbek, Latin script",,"List membership only - not a ranking, no counts. Reimbursatsiya dasturiga kiritiladigan kasalliklar va ularni davolashda beriladigan dori vositalari roʻyxati (reimbursed outpatient medicines), Minister of Health Order No. 18 of 23.04.2026, Ministry of Justice reg. No. 3822 of 24.04.2026. Position is the row number the act prints.",2026-04-23 (registered 2026-04-24; takes effect 2027-01-01),https://lex.uz/uz/docs/8161206
49.,Atsetilsalitsil kislotasi,"Uzbek, Latin script",,"List membership only - not a ranking, no counts. Reimbursatsiya dasturiga kiritiladigan kasalliklar va ularni davolashda beriladigan dori vositalari roʻyxati (reimbursed outpatient medicines), Minister of Health Order No. 18 of 23.04.2026, Ministry of Justice reg. No. 3822 of 24.04.2026. Position is the row number the act prints.",2026-04-23 (registered 2026-04-24; takes effect 2027-01-01),https://lex.uz/uz/docs/8161206
50.,Klopidogrel,"Uzbek, Latin script",,"List membership only - not a ranking, no counts. Reimbursatsiya dasturiga kiritiladigan kasalliklar va ularni davolashda beriladigan dori vositalari roʻyxati (reimbursed outpatient medicines), Minister of Health Order No. 18 of 23.04.2026, Ministry of Justice reg. No. 3822 of 24.04.2026. Position is the row number the act prints.",2026-04-23 (registered 2026-04-24; takes effect 2027-01-01),https://lex.uz/uz/docs/8161206
51.,Bisoprolol,"Uzbek, Latin script",,"List membership only - not a ranking, no counts. Reimbursatsiya dasturiga kiritiladigan kasalliklar va ularni davolashda beriladigan dori vositalari roʻyxati (reimbursed outpatient medicines), Minister of Health Order No. 18 of 23.04.2026, Ministry of Justice reg. No. 3822 of 24.04.2026. Position is the row number the act prints.",2026-04-23 (registered 2026-04-24; takes effect 2027-01-01),https://lex.uz/uz/docs/8161206
52.,Amlodipin,"Uzbek, Latin script",,"List membership only - not a ranking, no counts. Reimbursatsiya dasturiga kiritiladigan kasalliklar va ularni davolashda beriladigan dori vositalari roʻyxati (reimbursed outpatient medicines), Minister of Health Order No. 18 of 23.04.2026, Ministry of Justice reg. No. 3822 of 24.04.2026. Position is the row number the act prints.",2026-04-23 (registered 2026-04-24; takes effect 2027-01-01),https://lex.uz/uz/docs/8161206
53.,Enalapril,"Uzbek, Latin script",,"List membership only - not a ranking, no counts. Reimbursatsiya dasturiga kiritiladigan kasalliklar va ularni davolashda beriladigan dori vositalari roʻyxati (reimbursed outpatient medicines), Minister of Health Order No. 18 of 23.04.2026, Ministry of Justice reg. No. 3822 of 24.04.2026. Position is the row number the act prints.",2026-04-23 (registered 2026-04-24; takes effect 2027-01-01),https://lex.uz/uz/docs/8161206
54.,Atorvastatin,"Uzbek, Latin script",,"List membership only - not a ranking, no counts. Reimbursatsiya dasturiga kiritiladigan kasalliklar va ularni davolashda beriladigan dori vositalari roʻyxati (reimbursed outpatient medicines), Minister of Health Order No. 18 of 23.04.2026, Ministry of Justice reg. No. 3822 of 24.04.2026. Position is the row number the act prints.",2026-04-23 (registered 2026-04-24; takes effect 2027-01-01),https://lex.uz/uz/docs/8161206
55.,Spironolakton,"Uzbek, Latin script",,"List membership only - not a ranking, no counts. Reimbursatsiya dasturiga kiritiladigan kasalliklar va ularni davolashda beriladigan dori vositalari roʻyxati (reimbursed outpatient medicines), Minister of Health Order No. 18 of 23.04.2026, Ministry of Justice reg. No. 3822 of 24.04.2026. Position is the row number the act prints.",2026-04-23 (registered 2026-04-24; takes effect 2027-01-01),https://lex.uz/uz/docs/8161206
56.,Furosemid,"Uzbek, Latin script",,"List membership only - not a ranking, no counts. Reimbursatsiya dasturiga kiritiladigan kasalliklar va ularni davolashda beriladigan dori vositalari roʻyxati (reimbursed outpatient medicines), Minister of Health Order No. 18 of 23.04.2026, Ministry of Justice reg. No. 3822 of 24.04.2026. Position is the row number the act prints.",2026-04-23 (registered 2026-04-24; takes effect 2027-01-01),https://lex.uz/uz/docs/8161206
57.,Geparin,"Uzbek, Latin script",,"List membership only - not a ranking, no counts. Reimbursatsiya dasturiga kiritiladigan kasalliklar va ularni davolashda beriladigan dori vositalari roʻyxati (reimbursed outpatient medicines), Minister of Health Order No. 18 of 23.04.2026, Ministry of Justice reg. No. 3822 of 24.04.2026. Position is the row number the act prints.",2026-04-23 (registered 2026-04-24; takes effect 2027-01-01),https://lex.uz/uz/docs/8161206
58.,Varfarin,"Uzbek, Latin script",,"List membership only - not a ranking, no counts. Reimbursatsiya dasturiga kiritiladigan kasalliklar va ularni davolashda beriladigan dori vositalari roʻyxati (reimbursed outpatient medicines), Minister of Health Order No. 18 of 23.04.2026, Ministry of Justice reg. No. 3822 of 24.04.2026. Position is the row number the act prints.",2026-04-23 (registered 2026-04-24; takes effect 2027-01-01),https://lex.uz/uz/docs/8161206
59.,Temir Fe (II) birikmalari,"Uzbek, Latin script",,"List membership only - not a ranking, no counts. Reimbursatsiya dasturiga kiritiladigan kasalliklar va ularni davolashda beriladigan dori vositalari roʻyxati (reimbursed outpatient medicines), Minister of Health Order No. 18 of 23.04.2026, Ministry of Justice reg. No. 3822 of 24.04.2026. Position is the row number the act prints.",2026-04-23 (registered 2026-04-24; takes effect 2027-01-01),https://lex.uz/uz/docs/8161206
60.,Temir Fe (III) birikmalari,"Uzbek, Latin script",,"List membership only - not a ranking, no counts. Reimbursatsiya dasturiga kiritiladigan kasalliklar va ularni davolashda beriladigan dori vositalari roʻyxati (reimbursed outpatient medicines), Minister of Health Order No. 18 of 23.04.2026, Ministry of Justice reg. No. 3822 of 24.04.2026. Position is the row number the act prints.",2026-04-23 (registered 2026-04-24; takes effect 2027-01-01),https://lex.uz/uz/docs/8161206
61.,Folat kislotasi,"Uzbek, Latin script",,"List membership only - not a ranking, no counts. Reimbursatsiya dasturiga kiritiladigan kasalliklar va ularni davolashda beriladigan dori vositalari roʻyxati (reimbursed outpatient medicines), Minister of Health Order No. 18 of 23.04.2026, Ministry of Justice reg. No. 3822 of 24.04.2026. Position is the row number the act prints.",2026-04-23 (registered 2026-04-24; takes effect 2027-01-01),https://lex.uz/uz/docs/8161206
62.,Albendazol,"Uzbek, Latin script",,"List membership only - not a ranking, no counts. Reimbursatsiya dasturiga kiritiladigan kasalliklar va ularni davolashda beriladigan dori vositalari roʻyxati (reimbursed outpatient medicines), Minister of Health Order No. 18 of 23.04.2026, Ministry of Justice reg. No. 3822 of 24.04.2026. Position is the row number the act prints.",2026-04-23 (registered 2026-04-24; takes effect 2027-01-01),https://lex.uz/uz/docs/8161206
63.,Drospirenon + Etinilestradiol,"Uzbek, Latin script",,"List membership only - not a ranking, no counts. Reimbursatsiya dasturiga kiritiladigan kasalliklar va ularni davolashda beriladigan dori vositalari roʻyxati (reimbursed outpatient medicines), Minister of Health Order No. 18 of 23.04.2026, Ministry of Justice reg. No. 3822 of 24.04.2026. Position is the row number the act prints.",2026-04-23 (registered 2026-04-24; takes effect 2027-01-01),https://lex.uz/uz/docs/8161206
64.,Ursodezoksixol kislotasi,"Uzbek, Latin script",,"List membership only - not a ranking, no counts. Reimbursatsiya dasturiga kiritiladigan kasalliklar va ularni davolashda beriladigan dori vositalari roʻyxati (reimbursed outpatient medicines), Minister of Health Order No. 18 of 23.04.2026, Ministry of Justice reg. No. 3822 of 24.04.2026. Position is the row number the act prints.",2026-04-23 (registered 2026-04-24; takes effect 2027-01-01),https://lex.uz/uz/docs/8161206
65.,Inozin pranobeks**,"Uzbek, Latin script",,"List membership only - not a ranking, no counts. Reimbursatsiya dasturiga kiritiladigan kasalliklar va ularni davolashda beriladigan dori vositalari roʻyxati (reimbursed outpatient medicines), Minister of Health Order No. 18 of 23.04.2026, Ministry of Justice reg. No. 3822 of 24.04.2026. Position is the row number the act prints.",2026-04-23 (registered 2026-04-24; takes effect 2027-01-01),https://lex.uz/uz/docs/8161206
66.,Siklosporin,"Uzbek, Latin script",,"List membership only - not a ranking, no counts. Reimbursatsiya dasturiga kiritiladigan kasalliklar va ularni davolashda beriladigan dori vositalari roʻyxati (reimbursed outpatient medicines), Minister of Health Order No. 18 of 23.04.2026, Ministry of Justice reg. No. 3822 of 24.04.2026. Position is the row number the act prints.",2026-04-23 (registered 2026-04-24; takes effect 2027-01-01),https://lex.uz/uz/docs/8161206
67.,Takrolimus,"Uzbek, Latin script",,"List membership only - not a ranking, no counts. Reimbursatsiya dasturiga kiritiladigan kasalliklar va ularni davolashda beriladigan dori vositalari roʻyxati (reimbursed outpatient medicines), Minister of Health Order No. 18 of 23.04.2026, Ministry of Justice reg. No. 3822 of 24.04.2026. Position is the row number the act prints.",2026-04-23 (registered 2026-04-24; takes effect 2027-01-01),https://lex.uz/uz/docs/8161206
68.,Mikofenolat mofetil,"Uzbek, Latin script",,"List membership only - not a ranking, no counts. Reimbursatsiya dasturiga kiritiladigan kasalliklar va ularni davolashda beriladigan dori vositalari roʻyxati (reimbursed outpatient medicines), Minister of Health Order No. 18 of 23.04.2026, Ministry of Justice reg. No. 3822 of 24.04.2026. Position is the row number the act prints.",2026-04-23 (registered 2026-04-24; takes effect 2027-01-01),https://lex.uz/uz/docs/8161206
69.,Mikofenol kislotasi,"Uzbek, Latin script",,"List membership only - not a ranking, no counts. Reimbursatsiya dasturiga kiritiladigan kasalliklar va ularni davolashda beriladigan dori vositalari roʻyxati (reimbursed outpatient medicines), Minister of Health Order No. 18 of 23.04.2026, Ministry of Justice reg. No. 3822 of 24.04.2026. Position is the row number the act prints.",2026-04-23 (registered 2026-04-24; takes effect 2027-01-01),https://lex.uz/uz/docs/8161206
